base_image,expected_species_id,mode,perturbation,family,raw_top1_label,raw_top1_score,raw_top2_label,raw_top2_score,margin,mapped_top1_kb_id,mapped_top3_kb_ids,in_vocab,route,confident_wrong,latency_ms,failure
aglaonema__01,aglaonema,squash,clean,clean,Chinese evergreen (Aglaonema),0.9062,Dracaena,0.0485,0.8576,aglaonema,"aglaonema|dracaena|monstera-deliciosa",true,high-conf,false,64,
aglaonema__01,aglaonema,center_crop,clean,clean,Chinese evergreen (Aglaonema),0.9062,Dracaena,0.0485,0.8576,aglaonema,"aglaonema|dracaena|monstera-deliciosa",true,high-conf,false,43,
aglaonema__01,aglaonema,tta6,clean,clean,Chinese evergreen (Aglaonema),0.9686,Dracaena,0.0163,0.9523,aglaonema,"aglaonema|dracaena|monstera-deliciosa",true,high-conf,false,335,
aglaonema__01,aglaonema,squash,blur,blur,Schefflera,0.5798,Poinsettia (Euphorbia pulcherrima),0.1602,0.4196,schefflera,"schefflera|euphorbia-pulcherrima|monstera-deliciosa",true,high-conf,true,58,
aglaonema__01,aglaonema,center_crop,blur,blur,Schefflera,0.5798,Poinsettia (Euphorbia pulcherrima),0.1602,0.4196,schefflera,"schefflera|euphorbia-pulcherrima|monstera-deliciosa",true,high-conf,true,52,
aglaonema__01,aglaonema,tta6,blur,blur,Schefflera,0.4236,Tradescantia,0.2322,0.1914,schefflera,"schefflera|tradescantia|euphorbia-pulcherrima",true,low-conf,false,308,
aglaonema__01,aglaonema,squash,crop_center_zoom,crop,Chinese evergreen (Aglaonema),0.9858,Dracaena,0.0141,0.9718,aglaonema,"aglaonema|dracaena|pachira-aquatica",true,high-conf,false,49,
aglaonema__01,aglaonema,center_crop,crop_center_zoom,crop,Chinese evergreen (Aglaonema),0.9858,Dracaena,0.0141,0.9718,aglaonema,"aglaonema|dracaena|pachira-aquatica",true,high-conf,false,41,
aglaonema__01,aglaonema,tta6,crop_center_zoom,crop,Chinese evergreen (Aglaonema),0.8937,Tradescantia,0.0567,0.8370,aglaonema,"aglaonema|tradescantia|dracaena",true,high-conf,false,222,
aglaonema__01,aglaonema,squash,crop_offcenter_zoom,crop,Chinese evergreen (Aglaonema),1.0000,Begonia (Begonia spp.),0.0000,1.0000,aglaonema,"aglaonema|begonia|monstera-deliciosa",true,high-conf,false,40,
aglaonema__01,aglaonema,center_crop,crop_offcenter_zoom,crop,Chinese evergreen (Aglaonema),1.0000,Begonia (Begonia spp.),0.0000,1.0000,aglaonema,"aglaonema|begonia|monstera-deliciosa",true,high-conf,false,33,
aglaonema__01,aglaonema,tta6,crop_offcenter_zoom,crop,Chinese evergreen (Aglaonema),0.9496,Tradescantia,0.0498,0.8999,aglaonema,"aglaonema|tradescantia|dracaena",true,high-conf,false,245,
aglaonema__01,aglaonema,squash,rotate_+15,rotate,Chinese evergreen (Aglaonema),0.5967,Begonia (Begonia spp.),0.3215,0.2752,aglaonema,"aglaonema|begonia|monstera-deliciosa",true,low-conf,false,44,
aglaonema__01,aglaonema,center_crop,rotate_+15,rotate,Chinese evergreen (Aglaonema),0.5967,Begonia (Begonia spp.),0.3215,0.2752,aglaonema,"aglaonema|begonia|monstera-deliciosa",true,low-conf,false,42,
aglaonema__01,aglaonema,tta6,rotate_+15,rotate,Chinese evergreen (Aglaonema),0.8284,Begonia (Begonia spp.),0.1072,0.7212,aglaonema,"aglaonema|begonia|tradescantia",true,high-conf,false,266,
aglaonema__01,aglaonema,squash,rotate_-15,rotate,Tradescantia,0.9793,Schefflera,0.0146,0.9647,tradescantia,"tradescantia|schefflera|aglaonema",true,high-conf,true,39,
aglaonema__01,aglaonema,center_crop,rotate_-15,rotate,Tradescantia,0.9793,Schefflera,0.0146,0.9647,tradescantia,"tradescantia|schefflera|aglaonema",true,high-conf,true,38,
aglaonema__01,aglaonema,tta6,rotate_-15,rotate,Chinese evergreen (Aglaonema),0.4262,Tradescantia,0.3603,0.0659,aglaonema,"aglaonema|tradescantia|dracaena",true,low-conf,false,211,
aglaonema__01,aglaonema,squash,rotate_+90,rotate,Chinese evergreen (Aglaonema),1.0000,Monstera Deliciosa (Monstera deliciosa),0.0000,1.0000,aglaonema,"aglaonema|monstera-deliciosa|goeppertia-orbifolia",true,high-conf,false,33,
aglaonema__01,aglaonema,center_crop,rotate_+90,rotate,Chinese evergreen (Aglaonema),1.0000,Monstera Deliciosa (Monstera deliciosa),0.0000,1.0000,aglaonema,"aglaonema|monstera-deliciosa|goeppertia-orbifolia",true,high-conf,false,24,
aglaonema__01,aglaonema,tta6,rotate_+90,rotate,Chinese evergreen (Aglaonema),1.0000,Monstera Deliciosa (Monstera deliciosa),0.0000,1.0000,aglaonema,"aglaonema|monstera-deliciosa|dracaena",true,high-conf,false,225,
aglaonema__01,aglaonema,squash,rotate_-90,rotate,Dracaena,0.5332,Chinese evergreen (Aglaonema),0.4224,0.1108,dracaena,"dracaena|aglaonema|monstera-deliciosa",true,low-conf,false,50,
aglaonema__01,aglaonema,center_crop,rotate_-90,rotate,Dracaena,0.5332,Chinese evergreen (Aglaonema),0.4224,0.1108,dracaena,"dracaena|aglaonema|monstera-deliciosa",true,low-conf,false,34,
aglaonema__01,aglaonema,tta6,rotate_-90,rotate,Chinese evergreen (Aglaonema),0.7252,Dracaena,0.2566,0.4686,aglaonema,"aglaonema|dracaena|monstera-deliciosa",true,high-conf,false,274,
aglaonema__01,aglaonema,squash,bright_up,brightness,Chinese evergreen (Aglaonema),0.8881,Dracaena,0.0729,0.8152,aglaonema,"aglaonema|dracaena|monstera-deliciosa",true,high-conf,false,50,
aglaonema__01,aglaonema,center_crop,bright_up,brightness,Chinese evergreen (Aglaonema),0.8881,Dracaena,0.0729,0.8152,aglaonema,"aglaonema|dracaena|monstera-deliciosa",true,high-conf,false,44,
aglaonema__01,aglaonema,tta6,bright_up,brightness,Chinese evergreen (Aglaonema),0.9621,Dracaena,0.0248,0.9373,aglaonema,"aglaonema|dracaena|monstera-deliciosa",true,high-conf,false,221,
aglaonema__01,aglaonema,squash,bright_down,brightness,Chinese evergreen (Aglaonema),0.8522,Dracaena,0.0935,0.7587,aglaonema,"aglaonema|dracaena|monstera-deliciosa",true,high-conf,false,43,
aglaonema__01,aglaonema,center_crop,bright_down,brightness,Chinese evergreen (Aglaonema),0.8522,Dracaena,0.0935,0.7587,aglaonema,"aglaonema|dracaena|monstera-deliciosa",true,high-conf,false,36,
aglaonema__01,aglaonema,tta6,bright_down,brightness,Chinese evergreen (Aglaonema),0.9495,Dracaena,0.0325,0.9170,aglaonema,"aglaonema|dracaena|monstera-deliciosa",true,high-conf,false,218,
aglaonema__01,aglaonema,squash,contrast_up,contrast,Chinese evergreen (Aglaonema),0.7321,Dracaena,0.2652,0.4669,aglaonema,"aglaonema|dracaena|monstera-deliciosa",true,high-conf,false,46,
aglaonema__01,aglaonema,center_crop,contrast_up,contrast,Chinese evergreen (Aglaonema),0.7321,Dracaena,0.2652,0.4669,aglaonema,"aglaonema|dracaena|monstera-deliciosa",true,high-conf,false,26,
aglaonema__01,aglaonema,tta6,contrast_up,contrast,Chinese evergreen (Aglaonema),0.9105,Dracaena,0.0886,0.8219,aglaonema,"aglaonema|dracaena|monstera-deliciosa",true,high-conf,false,253,
aglaonema__01,aglaonema,squash,contrast_down,contrast,Schefflera,0.8207,Chinese evergreen (Aglaonema),0.1022,0.7185,schefflera,"schefflera|aglaonema|monstera-deliciosa",true,high-conf,true,44,
aglaonema__01,aglaonema,center_crop,contrast_down,contrast,Schefflera,0.8207,Chinese evergreen (Aglaonema),0.1022,0.7185,schefflera,"schefflera|aglaonema|monstera-deliciosa",true,high-conf,true,45,
aglaonema__01,aglaonema,tta6,contrast_down,contrast,Chinese evergreen (Aglaonema),0.6919,Schefflera,0.2752,0.4166,aglaonema,"aglaonema|schefflera|monstera-deliciosa",true,high-conf,false,266,
alocasia__01,alocasia,squash,clean,clean,Money Tree (Pachira aquatica),0.3812,Elephant Ear (Alocasia spp.),0.2884,0.0928,pachira-aquatica,"pachira-aquatica|alocasia|anthurium-andraeanum",true,low-conf,false,47,
alocasia__01,alocasia,center_crop,clean,clean,Money Tree (Pachira aquatica),0.3812,Elephant Ear (Alocasia spp.),0.2884,0.0928,pachira-aquatica,"pachira-aquatica|alocasia|anthurium-andraeanum",true,low-conf,false,42,
alocasia__01,alocasia,tta6,clean,clean,Elephant Ear (Alocasia spp.),0.6714,Money Tree (Pachira aquatica),0.1363,0.5351,alocasia,"alocasia|pachira-aquatica|anthurium-andraeanum",true,high-conf,false,282,
alocasia__01,alocasia,squash,blur,blur,Elephant Ear (Alocasia spp.),0.9987,Calathea,0.0009,0.9978,alocasia,"alocasia|goeppertia-orbifolia|spathiphyllum-wallisii",true,high-conf,false,46,
alocasia__01,alocasia,center_crop,blur,blur,Elephant Ear (Alocasia spp.),0.9987,Calathea,0.0009,0.9978,alocasia,"alocasia|goeppertia-orbifolia|spathiphyllum-wallisii",true,high-conf,false,51,
alocasia__01,alocasia,tta6,blur,blur,Elephant Ear (Alocasia spp.),0.9582,Money Tree (Pachira aquatica),0.0341,0.9240,alocasia,"alocasia|pachira-aquatica|spathiphyllum-wallisii",true,high-conf,false,329,
alocasia__01,alocasia,squash,crop_center_zoom,crop,Elephant Ear (Alocasia spp.),0.9822,Anthurium (Anthurium andraeanum),0.0172,0.9651,alocasia,"alocasia|anthurium-andraeanum|asplenium-nidus",true,high-conf,false,50,
alocasia__01,alocasia,center_crop,crop_center_zoom,crop,Elephant Ear (Alocasia spp.),0.9822,Anthurium (Anthurium andraeanum),0.0172,0.9651,alocasia,"alocasia|anthurium-andraeanum|asplenium-nidus",true,high-conf,false,48,
alocasia__01,alocasia,tta6,crop_center_zoom,crop,Elephant Ear (Alocasia spp.),0.7013,Anthurium (Anthurium andraeanum),0.2507,0.4506,alocasia,"alocasia|anthurium-andraeanum|epipremnum-aureum",true,high-conf,false,301,
alocasia__01,alocasia,squash,crop_offcenter_zoom,crop,Elephant Ear (Alocasia spp.),0.5627,Peace lily,0.1831,0.3796,alocasia,"alocasia|spathiphyllum-wallisii|ctenanthe",true,high-conf,false,52,
alocasia__01,alocasia,center_crop,crop_offcenter_zoom,crop,Elephant Ear (Alocasia spp.),0.5627,Peace lily,0.1831,0.3796,alocasia,"alocasia|spathiphyllum-wallisii|ctenanthe",true,high-conf,false,37,
alocasia__01,alocasia,tta6,crop_offcenter_zoom,crop,Elephant Ear (Alocasia spp.),0.3981,Peace lily,0.3730,0.0251,alocasia,"alocasia|spathiphyllum-wallisii|anthurium-andraeanum",true,low-conf,false,412,
alocasia__01,alocasia,squash,rotate_+15,rotate,Elephant Ear (Alocasia spp.),0.9803,Birds Nest Fern (Asplenium nidus),0.0168,0.9635,alocasia,"alocasia|asplenium-nidus|spathiphyllum-wallisii",true,high-conf,false,47,
alocasia__01,alocasia,center_crop,rotate_+15,rotate,Elephant Ear (Alocasia spp.),0.9803,Birds Nest Fern (Asplenium nidus),0.0168,0.9635,alocasia,"alocasia|asplenium-nidus|spathiphyllum-wallisii",true,high-conf,false,56,
alocasia__01,alocasia,tta6,rotate_+15,rotate,Elephant Ear (Alocasia spp.),0.9743,Dumb Cane (Dieffenbachia spp.),0.0147,0.9596,alocasia,"alocasia|dieffenbachia|asplenium-nidus",true,high-conf,false,282,
alocasia__01,alocasia,squash,rotate_-15,rotate,Elephant Ear (Alocasia spp.),0.9960,Birds Nest Fern (Asplenium nidus),0.0016,0.9944,alocasia,"alocasia|asplenium-nidus|epipremnum-aureum",true,high-conf,false,63,
alocasia__01,alocasia,center_crop,rotate_-15,rotate,Elephant Ear (Alocasia spp.),0.9960,Birds Nest Fern (Asplenium nidus),0.0016,0.9944,alocasia,"alocasia|asplenium-nidus|epipremnum-aureum",true,high-conf,false,37,
alocasia__01,alocasia,tta6,rotate_-15,rotate,Elephant Ear (Alocasia spp.),0.8310,Pothos (Ivy arum),0.1100,0.7210,alocasia,"alocasia|epipremnum-aureum|asplenium-nidus",true,high-conf,false,268,
alocasia__01,alocasia,squash,rotate_+90,rotate,Elephant Ear (Alocasia spp.),0.9898,Begonia (Begonia spp.),0.0096,0.9802,alocasia,"alocasia|begonia|aglaonema",true,high-conf,false,35,
alocasia__01,alocasia,center_crop,rotate_+90,rotate,Elephant Ear (Alocasia spp.),0.9898,Begonia (Begonia spp.),0.0096,0.9802,alocasia,"alocasia|begonia|aglaonema",true,high-conf,false,25,
alocasia__01,alocasia,tta6,rotate_+90,rotate,Elephant Ear (Alocasia spp.),0.8232,Birds Nest Fern (Asplenium nidus),0.0980,0.7252,alocasia,"alocasia|asplenium-nidus|dieffenbachia",true,high-conf,false,217,
alocasia__01,alocasia,squash,rotate_-90,rotate,Elephant Ear (Alocasia spp.),0.9895,Birds Nest Fern (Asplenium nidus),0.0091,0.9804,alocasia,"alocasia|asplenium-nidus|dieffenbachia",true,high-conf,false,39,
alocasia__01,alocasia,center_crop,rotate_-90,rotate,Elephant Ear (Alocasia spp.),0.9895,Birds Nest Fern (Asplenium nidus),0.0091,0.9804,alocasia,"alocasia|asplenium-nidus|dieffenbachia",true,high-conf,false,38,
alocasia__01,alocasia,tta6,rotate_-90,rotate,Elephant Ear (Alocasia spp.),0.8500,Dumb Cane (Dieffenbachia spp.),0.1362,0.7138,alocasia,"alocasia|dieffenbachia|asplenium-nidus",true,high-conf,false,235,
alocasia__01,alocasia,squash,bright_up,brightness,Elephant Ear (Alocasia spp.),0.9764,Pothos (Ivy arum),0.0100,0.9664,alocasia,"alocasia|epipremnum-aureum|pachira-aquatica",true,high-conf,false,33,
alocasia__01,alocasia,center_crop,bright_up,brightness,Elephant Ear (Alocasia spp.),0.9764,Pothos (Ivy arum),0.0100,0.9664,alocasia,"alocasia|epipremnum-aureum|pachira-aquatica",true,high-conf,false,42,
alocasia__01,alocasia,tta6,bright_up,brightness,Elephant Ear (Alocasia spp.),0.9110,Peace lily,0.0562,0.8548,alocasia,"alocasia|spathiphyllum-wallisii|anthurium-andraeanum",true,high-conf,false,288,
alocasia__01,alocasia,squash,bright_down,brightness,Elephant Ear (Alocasia spp.),0.7317,Pothos (Ivy arum),0.1508,0.5809,alocasia,"alocasia|epipremnum-aureum|anthurium-andraeanum",true,high-conf,false,37,
alocasia__01,alocasia,center_crop,bright_down,brightness,Elephant Ear (Alocasia spp.),0.7317,Pothos (Ivy arum),0.1508,0.5809,alocasia,"alocasia|epipremnum-aureum|anthurium-andraeanum",true,high-conf,false,40,
alocasia__01,alocasia,tta6,bright_down,brightness,Elephant Ear (Alocasia spp.),0.8929,Pothos (Ivy arum),0.0504,0.8424,alocasia,"alocasia|epipremnum-aureum|anthurium-andraeanum",true,high-conf,false,276,
alocasia__01,alocasia,squash,contrast_up,contrast,Elephant Ear (Alocasia spp.),0.9654,Dumb Cane (Dieffenbachia spp.),0.0321,0.9333,alocasia,"alocasia|dieffenbachia|pachira-aquatica",true,high-conf,false,41,
alocasia__01,alocasia,center_crop,contrast_up,contrast,Elephant Ear (Alocasia spp.),0.9654,Dumb Cane (Dieffenbachia spp.),0.0321,0.9333,alocasia,"alocasia|dieffenbachia|pachira-aquatica",true,high-conf,false,35,
alocasia__01,alocasia,tta6,contrast_up,contrast,Elephant Ear (Alocasia spp.),0.7863,Dumb Cane (Dieffenbachia spp.),0.1052,0.6810,alocasia,"alocasia|dieffenbachia|spathiphyllum-wallisii",true,high-conf,false,232,
alocasia__01,alocasia,squash,contrast_down,contrast,Anthurium (Anthurium andraeanum),0.4985,Pothos (Ivy arum),0.2708,0.2277,anthurium-andraeanum,"anthurium-andraeanum|epipremnum-aureum|schefflera",true,low-conf,false,45,
alocasia__01,alocasia,center_crop,contrast_down,contrast,Anthurium (Anthurium andraeanum),0.4985,Pothos (Ivy arum),0.2708,0.2277,anthurium-andraeanum,"anthurium-andraeanum|epipremnum-aureum|schefflera",true,low-conf,false,34,
alocasia__01,alocasia,tta6,contrast_down,contrast,Elephant Ear (Alocasia spp.),0.5449,Anthurium (Anthurium andraeanum),0.2393,0.3056,alocasia,"alocasia|anthurium-andraeanum|epipremnum-aureum",true,high-conf,false,257,
alocasia__02,alocasia,squash,clean,clean,Elephant Ear (Alocasia spp.),0.9697,Birds Nest Fern (Asplenium nidus),0.0189,0.9508,alocasia,"alocasia|asplenium-nidus|anthurium-andraeanum",true,high-conf,false,38,
alocasia__02,alocasia,center_crop,clean,clean,Elephant Ear (Alocasia spp.),0.9697,Birds Nest Fern (Asplenium nidus),0.0189,0.9508,alocasia,"alocasia|asplenium-nidus|anthurium-andraeanum",true,high-conf,false,50,
alocasia__02,alocasia,tta6,clean,clean,Elephant Ear (Alocasia spp.),0.9609,Anthurium (Anthurium andraeanum),0.0200,0.9409,alocasia,"alocasia|anthurium-andraeanum|spathiphyllum-wallisii",true,high-conf,false,223,
alocasia__02,alocasia,squash,blur,blur,Chinese evergreen (Aglaonema),0.3106,Snake plant (Sanseviera),0.2765,0.0341,aglaonema,"aglaonema|dracaena-trifasciata|zamioculcas-zamiifolia",true,low-conf,false,35,
alocasia__02,alocasia,center_crop,blur,blur,Chinese evergreen (Aglaonema),0.3106,Snake plant (Sanseviera),0.2765,0.0341,aglaonema,"aglaonema|dracaena-trifasciata|zamioculcas-zamiifolia",true,low-conf,false,45,
alocasia__02,alocasia,tta6,blur,blur,Asparagus Fern (Asparagus setaceus),0.3326,Calathea,0.2965,0.0361,asparagus-setaceus,"asparagus-setaceus|goeppertia-orbifolia|aglaonema",true,low-conf,false,277,
alocasia__02,alocasia,squash,crop_center_zoom,crop,Elephant Ear (Alocasia spp.),0.9682,Calathea,0.0250,0.9432,alocasia,"alocasia|goeppertia-orbifolia|anthurium-andraeanum",true,high-conf,false,53,
alocasia__02,alocasia,center_crop,crop_center_zoom,crop,Elephant Ear (Alocasia spp.),0.9682,Calathea,0.0250,0.9432,alocasia,"alocasia|goeppertia-orbifolia|anthurium-andraeanum",true,high-conf,false,65,
alocasia__02,alocasia,tta6,crop_center_zoom,crop,Elephant Ear (Alocasia spp.),0.9761,Calathea,0.0113,0.9649,alocasia,"alocasia|goeppertia-orbifolia|begonia",true,high-conf,false,381,
alocasia__02,alocasia,squash,crop_offcenter_zoom,crop,Elephant Ear (Alocasia spp.),0.8224,Begonia (Begonia spp.),0.1127,0.7097,alocasia,"alocasia|begonia|goeppertia-orbifolia",true,high-conf,false,109,
alocasia__02,alocasia,center_crop,crop_offcenter_zoom,crop,Elephant Ear (Alocasia spp.),0.8224,Begonia (Begonia spp.),0.1127,0.7097,alocasia,"alocasia|begonia|goeppertia-orbifolia",true,high-conf,false,65,
alocasia__02,alocasia,tta6,crop_offcenter_zoom,crop,Elephant Ear (Alocasia spp.),0.5690,Begonia (Begonia spp.),0.2211,0.3479,alocasia,"alocasia|begonia|nephrolepis-exaltata",true,high-conf,false,342,
alocasia__02,alocasia,squash,rotate_+15,rotate,Elephant Ear (Alocasia spp.),0.7381,Anthurium (Anthurium andraeanum),0.2471,0.4910,alocasia,"alocasia|anthurium-andraeanum|spathiphyllum-wallisii",true,high-conf,false,40,
alocasia__02,alocasia,center_crop,rotate_+15,rotate,Elephant Ear (Alocasia spp.),0.7381,Anthurium (Anthurium andraeanum),0.2471,0.4910,alocasia,"alocasia|anthurium-andraeanum|spathiphyllum-wallisii",true,high-conf,false,51,
alocasia__02,alocasia,tta6,rotate_+15,rotate,Elephant Ear (Alocasia spp.),0.7651,Anthurium (Anthurium andraeanum),0.2206,0.5445,alocasia,"alocasia|anthurium-andraeanum|spathiphyllum-wallisii",true,high-conf,false,364,
alocasia__02,alocasia,squash,rotate_-15,rotate,Birds Nest Fern (Asplenium nidus),0.9986,Elephant Ear (Alocasia spp.),0.0010,0.9976,asplenium-nidus,"asplenium-nidus|alocasia|anthurium-andraeanum",true,high-conf,true,45,
alocasia__02,alocasia,center_crop,rotate_-15,rotate,Birds Nest Fern (Asplenium nidus),0.9986,Elephant Ear (Alocasia spp.),0.0010,0.9976,asplenium-nidus,"asplenium-nidus|alocasia|anthurium-andraeanum",true,high-conf,true,45,
alocasia__02,alocasia,tta6,rotate_-15,rotate,Elephant Ear (Alocasia spp.),0.5325,Birds Nest Fern (Asplenium nidus),0.3331,0.1994,alocasia,"alocasia|asplenium-nidus|anthurium-andraeanum",true,low-conf,false,294,
alocasia__02,alocasia,squash,rotate_+90,rotate,Peace lily,0.8431,Elephant Ear (Alocasia spp.),0.1529,0.6902,spathiphyllum-wallisii,"spathiphyllum-wallisii|alocasia|aglaonema",true,high-conf,true,65,
alocasia__02,alocasia,center_crop,rotate_+90,rotate,Peace lily,0.8431,Elephant Ear (Alocasia spp.),0.1529,0.6902,spathiphyllum-wallisii,"spathiphyllum-wallisii|alocasia|aglaonema",true,high-conf,true,39,
alocasia__02,alocasia,tta6,rotate_+90,rotate,Elephant Ear (Alocasia spp.),0.6826,Peace lily,0.2934,0.3891,alocasia,"alocasia|spathiphyllum-wallisii|goeppertia-orbifolia",true,high-conf,false,284,
alocasia__02,alocasia,squash,rotate_-90,rotate,Elephant Ear (Alocasia spp.),0.6290,Birds Nest Fern (Asplenium nidus),0.3703,0.2587,alocasia,"alocasia|asplenium-nidus|spathiphyllum-wallisii",true,low-conf,false,33,
alocasia__02,alocasia,center_crop,rotate_-90,rotate,Elephant Ear (Alocasia spp.),0.6290,Birds Nest Fern (Asplenium nidus),0.3703,0.2587,alocasia,"alocasia|asplenium-nidus|spathiphyllum-wallisii",true,low-conf,false,41,
alocasia__02,alocasia,tta6,rotate_-90,rotate,Elephant Ear (Alocasia spp.),0.8682,Birds Nest Fern (Asplenium nidus),0.1311,0.7371,alocasia,"alocasia|asplenium-nidus|begonia",true,high-conf,false,218,
alocasia__02,alocasia,squash,bright_up,brightness,Elephant Ear (Alocasia spp.),0.9935,Anthurium (Anthurium andraeanum),0.0045,0.9890,alocasia,"alocasia|anthurium-andraeanum|asplenium-nidus",true,high-conf,false,41,
alocasia__02,alocasia,center_crop,bright_up,brightness,Elephant Ear (Alocasia spp.),0.9935,Anthurium (Anthurium andraeanum),0.0045,0.9890,alocasia,"alocasia|anthurium-andraeanum|asplenium-nidus",true,high-conf,false,68,
alocasia__02,alocasia,tta6,bright_up,brightness,Elephant Ear (Alocasia spp.),0.9161,Peace lily,0.0474,0.8688,alocasia,"alocasia|spathiphyllum-wallisii|anthurium-andraeanum",true,high-conf,false,311,
alocasia__02,alocasia,squash,bright_down,brightness,Elephant Ear (Alocasia spp.),0.8932,Anthurium (Anthurium andraeanum),0.1062,0.7870,alocasia,"alocasia|anthurium-andraeanum|spathiphyllum-wallisii",true,high-conf,false,60,
alocasia__02,alocasia,center_crop,bright_down,brightness,Elephant Ear (Alocasia spp.),0.8932,Anthurium (Anthurium andraeanum),0.1062,0.7870,alocasia,"alocasia|anthurium-andraeanum|spathiphyllum-wallisii",true,high-conf,false,54,
alocasia__02,alocasia,tta6,bright_down,brightness,Elephant Ear (Alocasia spp.),0.9102,Anthurium (Anthurium andraeanum),0.0842,0.8260,alocasia,"alocasia|anthurium-andraeanum|spathiphyllum-wallisii",true,high-conf,false,263,
alocasia__02,alocasia,squash,contrast_up,contrast,Elephant Ear (Alocasia spp.),0.9995,Peace lily,0.0003,0.9992,alocasia,"alocasia|spathiphyllum-wallisii|asplenium-nidus",true,high-conf,false,63,
alocasia__02,alocasia,center_crop,contrast_up,contrast,Elephant Ear (Alocasia spp.),0.9995,Peace lily,0.0003,0.9992,alocasia,"alocasia|spathiphyllum-wallisii|asplenium-nidus",true,high-conf,false,43,
alocasia__02,alocasia,tta6,contrast_up,contrast,Elephant Ear (Alocasia spp.),0.9967,Peace lily,0.0031,0.9937,alocasia,"alocasia|spathiphyllum-wallisii|asplenium-nidus",true,high-conf,false,255,
alocasia__02,alocasia,squash,contrast_down,contrast,Anthurium (Anthurium andraeanum),0.9870,Elephant Ear (Alocasia spp.),0.0128,0.9742,anthurium-andraeanum,"anthurium-andraeanum|alocasia|spathiphyllum-wallisii",true,high-conf,true,27,
alocasia__02,alocasia,center_crop,contrast_down,contrast,Anthurium (Anthurium andraeanum),0.9870,Elephant Ear (Alocasia spp.),0.0128,0.9742,anthurium-andraeanum,"anthurium-andraeanum|alocasia|spathiphyllum-wallisii",true,high-conf,true,41,
alocasia__02,alocasia,tta6,contrast_down,contrast,Anthurium (Anthurium andraeanum),0.5319,Elephant Ear (Alocasia spp.),0.2788,0.2531,anthurium-andraeanum,"anthurium-andraeanum|alocasia|pachira-aquatica",true,low-conf,false,251,
aloe-vera__01,aloe-vera,squash,clean,clean,Aloe Vera,0.9984,Cast Iron Plant (Aspidistra elatior),0.0016,0.9968,aloe-vera,"aloe-vera|aspidistra-elatior|dracaena-trifasciata",true,high-conf,false,46,
aloe-vera__01,aloe-vera,center_crop,clean,clean,Aloe Vera,0.9984,Cast Iron Plant (Aspidistra elatior),0.0016,0.9968,aloe-vera,"aloe-vera|aspidistra-elatior|dracaena-trifasciata",true,high-conf,false,63,
aloe-vera__01,aloe-vera,tta6,clean,clean,Aloe Vera,0.9993,Cast Iron Plant (Aspidistra elatior),0.0006,0.9987,aloe-vera,"aloe-vera|aspidistra-elatior|dracaena-trifasciata",true,high-conf,false,289,
aloe-vera__01,aloe-vera,squash,blur,blur,Aloe Vera,0.9672,Snake plant (Sanseviera),0.0175,0.9497,aloe-vera,"aloe-vera|dracaena-trifasciata|aspidistra-elatior",true,high-conf,false,55,
aloe-vera__01,aloe-vera,center_crop,blur,blur,Aloe Vera,0.9672,Snake plant (Sanseviera),0.0175,0.9497,aloe-vera,"aloe-vera|dracaena-trifasciata|aspidistra-elatior",true,high-conf,false,42,
aloe-vera__01,aloe-vera,tta6,blur,blur,Aloe Vera,0.9881,Snake plant (Sanseviera),0.0063,0.9818,aloe-vera,"aloe-vera|dracaena-trifasciata|aspidistra-elatior",true,high-conf,false,232,
aloe-vera__01,aloe-vera,squash,crop_center_zoom,crop,Aloe Vera,0.9992,Snake plant (Sanseviera),0.0008,0.9984,aloe-vera,"aloe-vera|dracaena-trifasciata|aspidistra-elatior",true,high-conf,false,33,
aloe-vera__01,aloe-vera,center_crop,crop_center_zoom,crop,Aloe Vera,0.9992,Snake plant (Sanseviera),0.0008,0.9984,aloe-vera,"aloe-vera|dracaena-trifasciata|aspidistra-elatior",true,high-conf,false,36,
aloe-vera__01,aloe-vera,tta6,crop_center_zoom,crop,Aloe Vera,0.9997,Snake plant (Sanseviera),0.0003,0.9994,aloe-vera,"aloe-vera|dracaena-trifasciata|aspidistra-elatior",true,high-conf,false,335,
aloe-vera__01,aloe-vera,squash,crop_offcenter_zoom,crop,Aloe Vera,1.0000,Cast Iron Plant (Aspidistra elatior),0.0000,1.0000,aloe-vera,"aloe-vera|aspidistra-elatior|crassula-ovata",true,high-conf,false,71,
aloe-vera__01,aloe-vera,center_crop,crop_offcenter_zoom,crop,Aloe Vera,1.0000,Cast Iron Plant (Aspidistra elatior),0.0000,1.0000,aloe-vera,"aloe-vera|aspidistra-elatior|crassula-ovata",true,high-conf,false,57,
aloe-vera__01,aloe-vera,tta6,crop_offcenter_zoom,crop,Aloe Vera,1.0000,Cast Iron Plant (Aspidistra elatior),0.0000,1.0000,aloe-vera,"aloe-vera|aspidistra-elatior|dracaena-trifasciata",true,high-conf,false,319,
aloe-vera__01,aloe-vera,squash,rotate_+15,rotate,Aloe Vera,0.9607,Snake plant (Sanseviera),0.0390,0.9217,aloe-vera,"aloe-vera|dracaena-trifasciata|aspidistra-elatior",true,high-conf,false,45,
aloe-vera__01,aloe-vera,center_crop,rotate_+15,rotate,Aloe Vera,0.9607,Snake plant (Sanseviera),0.0390,0.9217,aloe-vera,"aloe-vera|dracaena-trifasciata|aspidistra-elatior",true,high-conf,false,48,
aloe-vera__01,aloe-vera,tta6,rotate_+15,rotate,Aloe Vera,0.9858,Snake plant (Sanseviera),0.0136,0.9722,aloe-vera,"aloe-vera|dracaena-trifasciata|aspidistra-elatior",true,high-conf,false,251,
aloe-vera__01,aloe-vera,squash,rotate_-15,rotate,Aloe Vera,0.9927,Monstera Deliciosa (Monstera deliciosa),0.0025,0.9902,aloe-vera,"aloe-vera|monstera-deliciosa|epipremnum-aureum",true,high-conf,false,41,
aloe-vera__01,aloe-vera,center_crop,rotate_-15,rotate,Aloe Vera,0.9927,Monstera Deliciosa (Monstera deliciosa),0.0025,0.9902,aloe-vera,"aloe-vera|monstera-deliciosa|epipremnum-aureum",true,high-conf,false,40,
aloe-vera__01,aloe-vera,tta6,rotate_-15,rotate,Aloe Vera,0.9934,Snake plant (Sanseviera),0.0024,0.9910,aloe-vera,"aloe-vera|dracaena-trifasciata|crassula-ovata",true,high-conf,false,249,
aloe-vera__01,aloe-vera,squash,rotate_+90,rotate,Aloe Vera,0.9831,Peace lily,0.0126,0.9705,aloe-vera,"aloe-vera|spathiphyllum-wallisii|monstera-deliciosa",true,high-conf,false,47,
aloe-vera__01,aloe-vera,center_crop,rotate_+90,rotate,Aloe Vera,0.9831,Peace lily,0.0126,0.9705,aloe-vera,"aloe-vera|spathiphyllum-wallisii|monstera-deliciosa",true,high-conf,false,34,
aloe-vera__01,aloe-vera,tta6,rotate_+90,rotate,Aloe Vera,0.8786,Jade plant (Crassula ovata),0.0941,0.7845,aloe-vera,"aloe-vera|crassula-ovata|monstera-deliciosa",true,high-conf,false,304,
aloe-vera__01,aloe-vera,squash,rotate_-90,rotate,Aloe Vera,1.0000,Peace lily,0.0000,1.0000,aloe-vera,"aloe-vera|spathiphyllum-wallisii|asparagus-setaceus",true,high-conf,false,37,
aloe-vera__01,aloe-vera,center_crop,rotate_-90,rotate,Aloe Vera,1.0000,Peace lily,0.0000,1.0000,aloe-vera,"aloe-vera|spathiphyllum-wallisii|asparagus-setaceus",true,high-conf,false,50,
aloe-vera__01,aloe-vera,tta6,rotate_-90,rotate,Aloe Vera,0.9999,Jade plant (Crassula ovata),0.0001,0.9998,aloe-vera,"aloe-vera|crassula-ovata|asparagus-setaceus",true,high-conf,false,219,
aloe-vera__01,aloe-vera,squash,bright_up,brightness,Aloe Vera,0.9998,Cast Iron Plant (Aspidistra elatior),0.0002,0.9995,aloe-vera,"aloe-vera|aspidistra-elatior|monstera-deliciosa",true,high-conf,false,35,
aloe-vera__01,aloe-vera,center_crop,bright_up,brightness,Aloe Vera,0.9998,Cast Iron Plant (Aspidistra elatior),0.0002,0.9995,aloe-vera,"aloe-vera|aspidistra-elatior|monstera-deliciosa",true,high-conf,false,48,
aloe-vera__01,aloe-vera,tta6,bright_up,brightness,Aloe Vera,0.9999,Cast Iron Plant (Aspidistra elatior),0.0001,0.9998,aloe-vera,"aloe-vera|aspidistra-elatior|dracaena-trifasciata",true,high-conf,false,234,
aloe-vera__01,aloe-vera,squash,bright_down,brightness,Aloe Vera,0.7990,Cast Iron Plant (Aspidistra elatior),0.2006,0.5985,aloe-vera,"aloe-vera|aspidistra-elatior|dracaena-trifasciata",true,high-conf,false,50,
aloe-vera__01,aloe-vera,center_crop,bright_down,brightness,Aloe Vera,0.7990,Cast Iron Plant (Aspidistra elatior),0.2006,0.5985,aloe-vera,"aloe-vera|aspidistra-elatior|dracaena-trifasciata",true,high-conf,false,36,
aloe-vera__01,aloe-vera,tta6,bright_down,brightness,Aloe Vera,0.9211,Cast Iron Plant (Aspidistra elatior),0.0729,0.8483,aloe-vera,"aloe-vera|aspidistra-elatior|dracaena-trifasciata",true,high-conf,false,278,
aloe-vera__01,aloe-vera,squash,contrast_up,contrast,Aloe Vera,0.9845,Cast Iron Plant (Aspidistra elatior),0.0155,0.9691,aloe-vera,"aloe-vera|aspidistra-elatior|dracaena-trifasciata",true,high-conf,false,33,
aloe-vera__01,aloe-vera,center_crop,contrast_up,contrast,Aloe Vera,0.9845,Cast Iron Plant (Aspidistra elatior),0.0155,0.9691,aloe-vera,"aloe-vera|aspidistra-elatior|dracaena-trifasciata",true,high-conf,false,39,
aloe-vera__01,aloe-vera,tta6,contrast_up,contrast,Aloe Vera,0.9631,Cast Iron Plant (Aspidistra elatior),0.0317,0.9314,aloe-vera,"aloe-vera|aspidistra-elatior|dracaena-trifasciata",true,high-conf,false,267,
aloe-vera__01,aloe-vera,squash,contrast_down,contrast,Aloe Vera,0.9884,Cast Iron Plant (Aspidistra elatior),0.0115,0.9769,aloe-vera,"aloe-vera|aspidistra-elatior|dracaena-trifasciata",true,high-conf,false,66,
aloe-vera__01,aloe-vera,center_crop,contrast_down,contrast,Aloe Vera,0.9884,Cast Iron Plant (Aspidistra elatior),0.0115,0.9769,aloe-vera,"aloe-vera|aspidistra-elatior|dracaena-trifasciata",true,high-conf,false,48,
aloe-vera__01,aloe-vera,tta6,contrast_down,contrast,Aloe Vera,0.9961,Cast Iron Plant (Aspidistra elatior),0.0038,0.9922,aloe-vera,"aloe-vera|aspidistra-elatior|dracaena-trifasciata",true,high-conf,false,240,
aloe-vera__02,aloe-vera,squash,clean,clean,Chinese Money Plant (Pilea peperomioides),0.9651,Money Tree (Pachira aquatica),0.0347,0.9304,pilea-peperomioides,"pilea-peperomioides|pachira-aquatica|yucca",true,low-conf,false,42,
aloe-vera__02,aloe-vera,center_crop,clean,clean,Chinese Money Plant (Pilea peperomioides),0.9651,Money Tree (Pachira aquatica),0.0347,0.9304,pilea-peperomioides,"pilea-peperomioides|pachira-aquatica|yucca",true,low-conf,false,48,
aloe-vera__02,aloe-vera,tta6,clean,clean,Chinese Money Plant (Pilea peperomioides),0.6085,Yucca,0.1622,0.4462,pilea-peperomioides,"pilea-peperomioides|yucca|pachira-aquatica",true,low-conf,false,297,
aloe-vera__02,aloe-vera,squash,blur,blur,Chinese Money Plant (Pilea peperomioides),0.9807,Yucca,0.0190,0.9617,pilea-peperomioides,"pilea-peperomioides|yucca|aloe-vera",true,high-conf,true,40,
aloe-vera__02,aloe-vera,center_crop,blur,blur,Chinese Money Plant (Pilea peperomioides),0.9807,Yucca,0.0190,0.9617,pilea-peperomioides,"pilea-peperomioides|yucca|aloe-vera",true,high-conf,true,46,
aloe-vera__02,aloe-vera,tta6,blur,blur,Chinese Money Plant (Pilea peperomioides),0.8255,Yucca,0.0838,0.7417,pilea-peperomioides,"pilea-peperomioides|yucca|aloe-vera",true,low-conf,false,250,
aloe-vera__02,aloe-vera,squash,crop_center_zoom,crop,Yucca,0.9936,Aloe Vera,0.0048,0.9888,yucca,"yucca|aloe-vera|pilea-peperomioides",true,high-conf,true,36,
aloe-vera__02,aloe-vera,center_crop,crop_center_zoom,crop,Yucca,0.9936,Aloe Vera,0.0048,0.9888,yucca,"yucca|aloe-vera|pilea-peperomioides",true,high-conf,true,41,
aloe-vera__02,aloe-vera,tta6,crop_center_zoom,crop,Ponytail Palm (Beaucarnea recurvata),0.4707,Yucca,0.4273,0.0434,beaucarnea-recurvata,"beaucarnea-recurvata|yucca|zamioculcas-zamiifolia",true,low-conf,false,250,
aloe-vera__02,aloe-vera,squash,crop_offcenter_zoom,crop,Aloe Vera,0.9985,Yucca,0.0010,0.9975,aloe-vera,"aloe-vera|yucca|zamioculcas-zamiifolia",true,high-conf,false,32,
aloe-vera__02,aloe-vera,center_crop,crop_offcenter_zoom,crop,Aloe Vera,0.9985,Yucca,0.0010,0.9975,aloe-vera,"aloe-vera|yucca|zamioculcas-zamiifolia",true,high-conf,false,42,
aloe-vera__02,aloe-vera,tta6,crop_offcenter_zoom,crop,Aloe Vera,0.9170,Yucca,0.0818,0.8352,aloe-vera,"aloe-vera|yucca|beaucarnea-recurvata",true,high-conf,false,411,
aloe-vera__02,aloe-vera,squash,rotate_+15,rotate,Chinese Money Plant (Pilea peperomioides),0.9956,Money Tree (Pachira aquatica),0.0044,0.9911,pilea-peperomioides,"pilea-peperomioides|pachira-aquatica|dracaena-trifasciata",true,high-conf,true,38,
aloe-vera__02,aloe-vera,center_crop,rotate_+15,rotate,Chinese Money Plant (Pilea peperomioides),0.9956,Money Tree (Pachira aquatica),0.0044,0.9911,pilea-peperomioides,"pilea-peperomioides|pachira-aquatica|dracaena-trifasciata",true,high-conf,true,44,
aloe-vera__02,aloe-vera,tta6,rotate_+15,rotate,Chinese Money Plant (Pilea peperomioides),0.6925,Yucca,0.2462,0.4462,pilea-peperomioides,"pilea-peperomioides|yucca|aloe-vera",true,low-conf,false,242,
aloe-vera__02,aloe-vera,squash,rotate_-15,rotate,Chinese Money Plant (Pilea peperomioides),0.9425,Money Tree (Pachira aquatica),0.0384,0.9042,pilea-peperomioides,"pilea-peperomioides|pachira-aquatica|yucca",true,low-conf,false,33,
aloe-vera__02,aloe-vera,center_crop,rotate_-15,rotate,Chinese Money Plant (Pilea peperomioides),0.9425,Money Tree (Pachira aquatica),0.0384,0.9042,pilea-peperomioides,"pilea-peperomioides|pachira-aquatica|yucca",true,low-conf,false,36,
aloe-vera__02,aloe-vera,tta6,rotate_-15,rotate,Chinese Money Plant (Pilea peperomioides),0.9721,Yucca,0.0143,0.9578,pilea-peperomioides,"pilea-peperomioides|yucca|pachira-aquatica",true,low-conf,false,207,
aloe-vera__02,aloe-vera,squash,rotate_+90,rotate,Monstera Deliciosa (Monstera deliciosa),0.9897,Chinese Money Plant (Pilea peperomioides),0.0101,0.9797,monstera-deliciosa,"monstera-deliciosa|pilea-peperomioides|alocasia",true,high-conf,true,29,
aloe-vera__02,aloe-vera,center_crop,rotate_+90,rotate,Monstera Deliciosa (Monstera deliciosa),0.9897,Chinese Money Plant (Pilea peperomioides),0.0101,0.9797,monstera-deliciosa,"monstera-deliciosa|pilea-peperomioides|alocasia",true,high-conf,true,32,
aloe-vera__02,aloe-vera,tta6,rotate_+90,rotate,Monstera Deliciosa (Monstera deliciosa),0.5742,Snake plant (Sanseviera),0.1746,0.3995,monstera-deliciosa,"monstera-deliciosa|dracaena-trifasciata|zamioculcas-zamiifolia",true,high-conf,true,247,
aloe-vera__02,aloe-vera,squash,rotate_-90,rotate,Money Tree (Pachira aquatica),0.5304,Pothos (Ivy arum),0.2049,0.3255,pachira-aquatica,"pachira-aquatica|epipremnum-aureum|schefflera",true,high-conf,true,40,
aloe-vera__02,aloe-vera,center_crop,rotate_-90,rotate,Money Tree (Pachira aquatica),0.5304,Pothos (Ivy arum),0.2049,0.3255,pachira-aquatica,"pachira-aquatica|epipremnum-aureum|schefflera",true,high-conf,true,45,
aloe-vera__02,aloe-vera,tta6,rotate_-90,rotate,Yucca,0.2386,Monstera Deliciosa (Monstera deliciosa),0.1830,0.0555,yucca,"yucca|monstera-deliciosa|pachira-aquatica",true,low-conf,false,219,
aloe-vera__02,aloe-vera,squash,bright_up,brightness,Money Tree (Pachira aquatica),0.7868,Chinese Money Plant (Pilea peperomioides),0.0863,0.7005,pachira-aquatica,"pachira-aquatica|pilea-peperomioides|aloe-vera",true,high-conf,true,44,
aloe-vera__02,aloe-vera,center_crop,bright_up,brightness,Money Tree (Pachira aquatica),0.7868,Chinese Money Plant (Pilea peperomioides),0.0863,0.7005,pachira-aquatica,"pachira-aquatica|pilea-peperomioides|aloe-vera",true,high-conf,true,41,
aloe-vera__02,aloe-vera,tta6,bright_up,brightness,Money Tree (Pachira aquatica),0.2652,Yucca,0.2008,0.0644,pachira-aquatica,"pachira-aquatica|yucca|aloe-vera",true,low-conf,false,231,
aloe-vera__02,aloe-vera,squash,bright_down,brightness,Chinese Money Plant (Pilea peperomioides),0.6399,Peace lily,0.1959,0.4440,pilea-peperomioides,"pilea-peperomioides|spathiphyllum-wallisii|pachira-aquatica",true,low-conf,false,31,
aloe-vera__02,aloe-vera,center_crop,bright_down,brightness,Chinese Money Plant (Pilea peperomioides),0.6399,Peace lily,0.1959,0.4440,pilea-peperomioides,"pilea-peperomioides|spathiphyllum-wallisii|pachira-aquatica",true,low-conf,false,40,
aloe-vera__02,aloe-vera,tta6,bright_down,brightness,Chinese Money Plant (Pilea peperomioides),0.6683,Aloe Vera,0.1730,0.4953,pilea-peperomioides,"pilea-peperomioides|aloe-vera|spathiphyllum-wallisii",true,low-conf,false,196,
aloe-vera__02,aloe-vera,squash,contrast_up,contrast,Chinese Money Plant (Pilea peperomioides),0.7357,Money Tree (Pachira aquatica),0.1500,0.5856,pilea-peperomioides,"pilea-peperomioides|pachira-aquatica|yucca",true,low-conf,false,33,
aloe-vera__02,aloe-vera,center_crop,contrast_up,contrast,Chinese Money Plant (Pilea peperomioides),0.7357,Money Tree (Pachira aquatica),0.1500,0.5856,pilea-peperomioides,"pilea-peperomioides|pachira-aquatica|yucca",true,low-conf,false,34,
aloe-vera__02,aloe-vera,tta6,contrast_up,contrast,Chinese Money Plant (Pilea peperomioides),0.4030,Aloe Vera,0.1609,0.2421,pilea-peperomioides,"pilea-peperomioides|aloe-vera|dracaena-trifasciata",true,low-conf,false,247,
aloe-vera__02,aloe-vera,squash,contrast_down,contrast,Money Tree (Pachira aquatica),0.7154,Chinese Money Plant (Pilea peperomioides),0.2643,0.4511,pachira-aquatica,"pachira-aquatica|pilea-peperomioides|aloe-vera",true,high-conf,true,48,
aloe-vera__02,aloe-vera,center_crop,contrast_down,contrast,Money Tree (Pachira aquatica),0.7154,Chinese Money Plant (Pilea peperomioides),0.2643,0.4511,pachira-aquatica,"pachira-aquatica|pilea-peperomioides|aloe-vera",true,high-conf,true,33,
aloe-vera__02,aloe-vera,tta6,contrast_down,contrast,Yucca,0.5658,Money Tree (Pachira aquatica),0.2602,0.3056,yucca,"yucca|pachira-aquatica|pilea-peperomioides",true,high-conf,true,218,
anthurium-andraeanum__01,anthurium-andraeanum,squash,clean,clean,Anthurium (Anthurium andraeanum),0.9888,Monstera Deliciosa (Monstera deliciosa),0.0105,0.9784,anthurium-andraeanum,"anthurium-andraeanum|monstera-deliciosa|ficus-elastica",true,high-conf,false,44,
anthurium-andraeanum__01,anthurium-andraeanum,center_crop,clean,clean,Anthurium (Anthurium andraeanum),0.9888,Monstera Deliciosa (Monstera deliciosa),0.0105,0.9784,anthurium-andraeanum,"anthurium-andraeanum|monstera-deliciosa|ficus-elastica",true,high-conf,false,36,
anthurium-andraeanum__01,anthurium-andraeanum,tta6,clean,clean,Anthurium (Anthurium andraeanum),0.9938,Monstera Deliciosa (Monstera deliciosa),0.0059,0.9878,anthurium-andraeanum,"anthurium-andraeanum|monstera-deliciosa|ficus-elastica",true,high-conf,false,230,
anthurium-andraeanum__01,anthurium-andraeanum,squash,blur,blur,Pothos (Ivy arum),0.3759,Elephant Ear (Alocasia spp.),0.2223,0.1536,epipremnum-aureum,"epipremnum-aureum|alocasia|asparagus-setaceus",true,low-conf,false,28,
anthurium-andraeanum__01,anthurium-andraeanum,center_crop,blur,blur,Pothos (Ivy arum),0.3759,Elephant Ear (Alocasia spp.),0.2223,0.1536,epipremnum-aureum,"epipremnum-aureum|alocasia|asparagus-setaceus",true,low-conf,false,32,
anthurium-andraeanum__01,anthurium-andraeanum,tta6,blur,blur,Anthurium (Anthurium andraeanum),0.4345,Pothos (Ivy arum),0.1255,0.3090,anthurium-andraeanum,"anthurium-andraeanum|epipremnum-aureum|asparagus-setaceus",true,low-conf,false,217,
anthurium-andraeanum__01,anthurium-andraeanum,squash,crop_center_zoom,crop,Anthurium (Anthurium andraeanum),0.9988,Monstera Deliciosa (Monstera deliciosa),0.0007,0.9981,anthurium-andraeanum,"anthurium-andraeanum|monstera-deliciosa|alocasia",true,high-conf,false,33,
anthurium-andraeanum__01,anthurium-andraeanum,center_crop,crop_center_zoom,crop,Anthurium (Anthurium andraeanum),0.9988,Monstera Deliciosa (Monstera deliciosa),0.0007,0.9981,anthurium-andraeanum,"anthurium-andraeanum|monstera-deliciosa|alocasia",true,high-conf,false,40,
anthurium-andraeanum__01,anthurium-andraeanum,tta6,crop_center_zoom,crop,Anthurium (Anthurium andraeanum),0.9995,Monstera Deliciosa (Monstera deliciosa),0.0003,0.9991,anthurium-andraeanum,"anthurium-andraeanum|monstera-deliciosa|alocasia",true,high-conf,false,197,
anthurium-andraeanum__01,anthurium-andraeanum,squash,crop_offcenter_zoom,crop,Anthurium (Anthurium andraeanum),0.9999,Ctenanthe,0.0001,0.9998,anthurium-andraeanum,"anthurium-andraeanum|ctenanthe|alocasia",true,high-conf,false,45,
anthurium-andraeanum__01,anthurium-andraeanum,center_crop,crop_offcenter_zoom,crop,Anthurium (Anthurium andraeanum),0.9999,Ctenanthe,0.0001,0.9998,anthurium-andraeanum,"anthurium-andraeanum|ctenanthe|alocasia",true,high-conf,false,40,
anthurium-andraeanum__01,anthurium-andraeanum,tta6,crop_offcenter_zoom,crop,Anthurium (Anthurium andraeanum),0.9945,Elephant Ear (Alocasia spp.),0.0055,0.9890,anthurium-andraeanum,"anthurium-andraeanum|alocasia|ctenanthe",true,high-conf,false,211,
anthurium-andraeanum__01,anthurium-andraeanum,squash,rotate_+15,rotate,Anthurium (Anthurium andraeanum),0.9739,English Ivy (Hedera helix),0.0104,0.9634,anthurium-andraeanum,"anthurium-andraeanum|hedera-helix|tradescantia",true,high-conf,false,37,
anthurium-andraeanum__01,anthurium-andraeanum,center_crop,rotate_+15,rotate,Anthurium (Anthurium andraeanum),0.9739,English Ivy (Hedera helix),0.0104,0.9634,anthurium-andraeanum,"anthurium-andraeanum|hedera-helix|tradescantia",true,high-conf,false,35,
anthurium-andraeanum__01,anthurium-andraeanum,tta6,rotate_+15,rotate,Anthurium (Anthurium andraeanum),0.9907,English Ivy (Hedera helix),0.0039,0.9868,anthurium-andraeanum,"anthurium-andraeanum|hedera-helix|tradescantia",true,high-conf,false,218,
anthurium-andraeanum__01,anthurium-andraeanum,squash,rotate_-15,rotate,Pothos (Ivy arum),0.4954,Anthurium (Anthurium andraeanum),0.4875,0.0079,epipremnum-aureum,"epipremnum-aureum|anthurium-andraeanum|alocasia",true,low-conf,false,28,
anthurium-andraeanum__01,anthurium-andraeanum,center_crop,rotate_-15,rotate,Pothos (Ivy arum),0.4954,Anthurium (Anthurium andraeanum),0.4875,0.0079,epipremnum-aureum,"epipremnum-aureum|anthurium-andraeanum|alocasia",true,low-conf,false,39,
anthurium-andraeanum__01,anthurium-andraeanum,tta6,rotate_-15,rotate,Anthurium (Anthurium andraeanum),0.8277,Pothos (Ivy arum),0.1652,0.6625,anthurium-andraeanum,"anthurium-andraeanum|epipremnum-aureum|alocasia",true,high-conf,false,233,
anthurium-andraeanum__01,anthurium-andraeanum,squash,rotate_+90,rotate,Anthurium (Anthurium andraeanum),0.7184,Begonia (Begonia spp.),0.1220,0.5964,anthurium-andraeanum,"anthurium-andraeanum|begonia|epipremnum-aureum",true,high-conf,false,37,
anthurium-andraeanum__01,anthurium-andraeanum,center_crop,rotate_+90,rotate,Anthurium (Anthurium andraeanum),0.7184,Begonia (Begonia spp.),0.1220,0.5964,anthurium-andraeanum,"anthurium-andraeanum|begonia|epipremnum-aureum",true,high-conf,false,36,
anthurium-andraeanum__01,anthurium-andraeanum,tta6,rotate_+90,rotate,Anthurium (Anthurium andraeanum),0.3998,Elephant Ear (Alocasia spp.),0.2356,0.1642,anthurium-andraeanum,"anthurium-andraeanum|alocasia|monstera-deliciosa",true,low-conf,false,235,
anthurium-andraeanum__01,anthurium-andraeanum,squash,rotate_-90,rotate,Anthurium (Anthurium andraeanum),0.9982,Elephant Ear (Alocasia spp.),0.0015,0.9967,anthurium-andraeanum,"anthurium-andraeanum|alocasia|zamioculcas-zamiifolia",true,high-conf,false,33,
anthurium-andraeanum__01,anthurium-andraeanum,center_crop,rotate_-90,rotate,Anthurium (Anthurium andraeanum),0.9982,Elephant Ear (Alocasia spp.),0.0015,0.9967,anthurium-andraeanum,"anthurium-andraeanum|alocasia|zamioculcas-zamiifolia",true,high-conf,false,34,
anthurium-andraeanum__01,anthurium-andraeanum,tta6,rotate_-90,rotate,Anthurium (Anthurium andraeanum),0.5770,Elephant Ear (Alocasia spp.),0.2633,0.3136,anthurium-andraeanum,"anthurium-andraeanum|alocasia|monstera-deliciosa",true,high-conf,false,205,
anthurium-andraeanum__01,anthurium-andraeanum,squash,bright_up,brightness,Anthurium (Anthurium andraeanum),0.3452,Monstera Deliciosa (Monstera deliciosa),0.3344,0.0108,anthurium-andraeanum,"anthurium-andraeanum|monstera-deliciosa|ficus-elastica",true,low-conf,false,38,
anthurium-andraeanum__01,anthurium-andraeanum,center_crop,bright_up,brightness,Anthurium (Anthurium andraeanum),0.3452,Monstera Deliciosa (Monstera deliciosa),0.3344,0.0108,anthurium-andraeanum,"anthurium-andraeanum|monstera-deliciosa|ficus-elastica",true,low-conf,false,31,
anthurium-andraeanum__01,anthurium-andraeanum,tta6,bright_up,brightness,Anthurium (Anthurium andraeanum),0.7390,Rubber Plant (Ficus elastica),0.1406,0.5984,anthurium-andraeanum,"anthurium-andraeanum|ficus-elastica|monstera-deliciosa",true,high-conf,false,216,
anthurium-andraeanum__01,anthurium-andraeanum,squash,bright_down,brightness,Anthurium (Anthurium andraeanum),0.9990,Monstera Deliciosa (Monstera deliciosa),0.0006,0.9983,anthurium-andraeanum,"anthurium-andraeanum|monstera-deliciosa|crassula-ovata",true,high-conf,false,21,
anthurium-andraeanum__01,anthurium-andraeanum,center_crop,bright_down,brightness,Anthurium (Anthurium andraeanum),0.9990,Monstera Deliciosa (Monstera deliciosa),0.0006,0.9983,anthurium-andraeanum,"anthurium-andraeanum|monstera-deliciosa|crassula-ovata",true,high-conf,false,36,
anthurium-andraeanum__01,anthurium-andraeanum,tta6,bright_down,brightness,Anthurium (Anthurium andraeanum),0.9835,Monstera Deliciosa (Monstera deliciosa),0.0161,0.9675,anthurium-andraeanum,"anthurium-andraeanum|monstera-deliciosa|alocasia",true,high-conf,false,232,
anthurium-andraeanum__01,anthurium-andraeanum,squash,contrast_up,contrast,Anthurium (Anthurium andraeanum),0.5023,Monstera Deliciosa (Monstera deliciosa),0.4929,0.0093,anthurium-andraeanum,"anthurium-andraeanum|monstera-deliciosa|alocasia",true,low-conf,false,53,
anthurium-andraeanum__01,anthurium-andraeanum,center_crop,contrast_up,contrast,Anthurium (Anthurium andraeanum),0.5023,Monstera Deliciosa (Monstera deliciosa),0.4929,0.0093,anthurium-andraeanum,"anthurium-andraeanum|monstera-deliciosa|alocasia",true,low-conf,false,42,
anthurium-andraeanum__01,anthurium-andraeanum,tta6,contrast_up,contrast,Anthurium (Anthurium andraeanum),0.5955,Monstera Deliciosa (Monstera deliciosa),0.3030,0.2925,anthurium-andraeanum,"anthurium-andraeanum|monstera-deliciosa|alocasia",true,low-conf,false,232,
anthurium-andraeanum__01,anthurium-andraeanum,squash,contrast_down,contrast,Anthurium (Anthurium andraeanum),0.9446,Jade plant (Crassula ovata),0.0452,0.8994,anthurium-andraeanum,"anthurium-andraeanum|crassula-ovata|ficus-elastica",true,high-conf,false,35,
anthurium-andraeanum__01,anthurium-andraeanum,center_crop,contrast_down,contrast,Anthurium (Anthurium andraeanum),0.9446,Jade plant (Crassula ovata),0.0452,0.8994,anthurium-andraeanum,"anthurium-andraeanum|crassula-ovata|ficus-elastica",true,high-conf,false,34,
anthurium-andraeanum__01,anthurium-andraeanum,tta6,contrast_down,contrast,Anthurium (Anthurium andraeanum),0.9808,Jade plant (Crassula ovata),0.0151,0.9658,anthurium-andraeanum,"anthurium-andraeanum|crassula-ovata|ficus-elastica",true,high-conf,false,214,
asparagus-setaceus__01,asparagus-setaceus,squash,clean,clean,Asparagus Fern (Asparagus setaceus),0.9999,Boston Fern (Nephrolepis exaltata),0.0001,0.9999,asparagus-setaceus,"asparagus-setaceus|nephrolepis-exaltata|chamaedorea-elegans",true,high-conf,false,40,
asparagus-setaceus__01,asparagus-setaceus,center_crop,clean,clean,Asparagus Fern (Asparagus setaceus),0.9999,Boston Fern (Nephrolepis exaltata),0.0001,0.9999,asparagus-setaceus,"asparagus-setaceus|nephrolepis-exaltata|chamaedorea-elegans",true,high-conf,false,40,
asparagus-setaceus__01,asparagus-setaceus,tta6,clean,clean,Parlor Palm (Chamaedorea elegans),0.4538,Asparagus Fern (Asparagus setaceus),0.3346,0.1192,chamaedorea-elegans,"chamaedorea-elegans|asparagus-setaceus|nephrolepis-exaltata",true,low-conf,false,268,
asparagus-setaceus__01,asparagus-setaceus,squash,blur,blur,Boston Fern (Nephrolepis exaltata),0.9999,Asparagus Fern (Asparagus setaceus),0.0001,0.9999,nephrolepis-exaltata,"nephrolepis-exaltata|asparagus-setaceus|dracaena-trifasciata",true,high-conf,true,46,
asparagus-setaceus__01,asparagus-setaceus,center_crop,blur,blur,Boston Fern (Nephrolepis exaltata),0.9999,Asparagus Fern (Asparagus setaceus),0.0001,0.9999,nephrolepis-exaltata,"nephrolepis-exaltata|asparagus-setaceus|dracaena-trifasciata",true,high-conf,true,60,
asparagus-setaceus__01,asparagus-setaceus,tta6,blur,blur,Boston Fern (Nephrolepis exaltata),0.7459,Asparagus Fern (Asparagus setaceus),0.2541,0.4919,nephrolepis-exaltata,"nephrolepis-exaltata|asparagus-setaceus|pachira-aquatica",true,high-conf,true,322,
asparagus-setaceus__01,asparagus-setaceus,squash,crop_center_zoom,crop,Parlor Palm (Chamaedorea elegans),0.9952,Boston Fern (Nephrolepis exaltata),0.0044,0.9908,chamaedorea-elegans,"chamaedorea-elegans|nephrolepis-exaltata|dypsis-lutescens",true,high-conf,true,50,
asparagus-setaceus__01,asparagus-setaceus,center_crop,crop_center_zoom,crop,Parlor Palm (Chamaedorea elegans),0.9952,Boston Fern (Nephrolepis exaltata),0.0044,0.9908,chamaedorea-elegans,"chamaedorea-elegans|nephrolepis-exaltata|dypsis-lutescens",true,high-conf,true,42,
asparagus-setaceus__01,asparagus-setaceus,tta6,crop_center_zoom,crop,Parlor Palm (Chamaedorea elegans),0.9969,Boston Fern (Nephrolepis exaltata),0.0017,0.9952,chamaedorea-elegans,"chamaedorea-elegans|nephrolepis-exaltata|asparagus-setaceus",true,high-conf,true,228,
asparagus-setaceus__01,asparagus-setaceus,squash,crop_offcenter_zoom,crop,Parlor Palm (Chamaedorea elegans),1.0000,Asparagus Fern (Asparagus setaceus),0.0000,1.0000,chamaedorea-elegans,"chamaedorea-elegans|asparagus-setaceus|monstera-deliciosa",true,high-conf,true,47,
asparagus-setaceus__01,asparagus-setaceus,center_crop,crop_offcenter_zoom,crop,Parlor Palm (Chamaedorea elegans),1.0000,Asparagus Fern (Asparagus setaceus),0.0000,1.0000,chamaedorea-elegans,"chamaedorea-elegans|asparagus-setaceus|monstera-deliciosa",true,high-conf,true,32,
asparagus-setaceus__01,asparagus-setaceus,tta6,crop_offcenter_zoom,crop,Parlor Palm (Chamaedorea elegans),0.8241,Peace lily,0.1376,0.6865,chamaedorea-elegans,"chamaedorea-elegans|spathiphyllum-wallisii|asparagus-setaceus",true,high-conf,true,214,
asparagus-setaceus__01,asparagus-setaceus,squash,rotate_+15,rotate,English Ivy (Hedera helix),0.9979,Asparagus Fern (Asparagus setaceus),0.0020,0.9959,hedera-helix,"hedera-helix|asparagus-setaceus|schefflera",true,high-conf,true,36,
asparagus-setaceus__01,asparagus-setaceus,center_crop,rotate_+15,rotate,English Ivy (Hedera helix),0.9979,Asparagus Fern (Asparagus setaceus),0.0020,0.9959,hedera-helix,"hedera-helix|asparagus-setaceus|schefflera",true,high-conf,true,31,
asparagus-setaceus__01,asparagus-setaceus,tta6,rotate_+15,rotate,English Ivy (Hedera helix),0.3569,Asparagus Fern (Asparagus setaceus),0.1685,0.1884,hedera-helix,"hedera-helix|asparagus-setaceus|chamaedorea-elegans",true,low-conf,false,290,
asparagus-setaceus__01,asparagus-setaceus,squash,rotate_-15,rotate,Asparagus Fern (Asparagus setaceus),0.9995,Boston Fern (Nephrolepis exaltata),0.0005,0.9990,asparagus-setaceus,"asparagus-setaceus|nephrolepis-exaltata|schefflera",true,high-conf,false,46,
asparagus-setaceus__01,asparagus-setaceus,center_crop,rotate_-15,rotate,Asparagus Fern (Asparagus setaceus),0.9995,Boston Fern (Nephrolepis exaltata),0.0005,0.9990,asparagus-setaceus,"asparagus-setaceus|nephrolepis-exaltata|schefflera",true,high-conf,false,39,
asparagus-setaceus__01,asparagus-setaceus,tta6,rotate_-15,rotate,Asparagus Fern (Asparagus setaceus),0.4385,Boston Fern (Nephrolepis exaltata),0.3318,0.1068,asparagus-setaceus,"asparagus-setaceus|nephrolepis-exaltata|zamioculcas-zamiifolia",true,low-conf,false,261,
asparagus-setaceus__01,asparagus-setaceus,squash,rotate_+90,rotate,Areca Palm (Dypsis lutescens),0.5439,Monstera Deliciosa (Monstera deliciosa),0.3646,0.1792,dypsis-lutescens,"dypsis-lutescens|monstera-deliciosa|schefflera",true,low-conf,false,43,
asparagus-setaceus__01,asparagus-setaceus,center_crop,rotate_+90,rotate,Areca Palm (Dypsis lutescens),0.5439,Monstera Deliciosa (Monstera deliciosa),0.3646,0.1792,dypsis-lutescens,"dypsis-lutescens|monstera-deliciosa|schefflera",true,low-conf,false,38,
asparagus-setaceus__01,asparagus-setaceus,tta6,rotate_+90,rotate,Areca Palm (Dypsis lutescens),0.4930,Schefflera,0.1735,0.3195,dypsis-lutescens,"dypsis-lutescens|schefflera|chamaedorea-elegans",true,high-conf,true,225,
asparagus-setaceus__01,asparagus-setaceus,squash,rotate_-90,rotate,Asparagus Fern (Asparagus setaceus),0.9992,Boston Fern (Nephrolepis exaltata),0.0007,0.9985,asparagus-setaceus,"asparagus-setaceus|nephrolepis-exaltata|chamaedorea-elegans",true,high-conf,false,33,
asparagus-setaceus__01,asparagus-setaceus,center_crop,rotate_-90,rotate,Asparagus Fern (Asparagus setaceus),0.9992,Boston Fern (Nephrolepis exaltata),0.0007,0.9985,asparagus-setaceus,"asparagus-setaceus|nephrolepis-exaltata|chamaedorea-elegans",true,high-conf,false,43,
asparagus-setaceus__01,asparagus-setaceus,tta6,rotate_-90,rotate,Parlor Palm (Chamaedorea elegans),0.4990,Asparagus Fern (Asparagus setaceus),0.4985,0.0004,chamaedorea-elegans,"chamaedorea-elegans|asparagus-setaceus|nephrolepis-exaltata",true,low-conf,false,219,
asparagus-setaceus__01,asparagus-setaceus,squash,bright_up,brightness,Asparagus Fern (Asparagus setaceus),0.9914,Boston Fern (Nephrolepis exaltata),0.0086,0.9829,asparagus-setaceus,"asparagus-setaceus|nephrolepis-exaltata|chamaedorea-elegans",true,high-conf,false,45,
asparagus-setaceus__01,asparagus-setaceus,center_crop,bright_up,brightness,Asparagus Fern (Asparagus setaceus),0.9914,Boston Fern (Nephrolepis exaltata),0.0086,0.9829,asparagus-setaceus,"asparagus-setaceus|nephrolepis-exaltata|chamaedorea-elegans",true,high-conf,false,40,
asparagus-setaceus__01,asparagus-setaceus,tta6,bright_up,brightness,Parlor Palm (Chamaedorea elegans),0.3626,Asparagus Fern (Asparagus setaceus),0.3335,0.0291,chamaedorea-elegans,"chamaedorea-elegans|asparagus-setaceus|nephrolepis-exaltata",true,low-conf,false,241,
asparagus-setaceus__01,asparagus-setaceus,squash,bright_down,brightness,Asparagus Fern (Asparagus setaceus),0.9995,Boston Fern (Nephrolepis exaltata),0.0005,0.9990,asparagus-setaceus,"asparagus-setaceus|nephrolepis-exaltata|chamaedorea-elegans",true,high-conf,false,38,
asparagus-setaceus__01,asparagus-setaceus,center_crop,bright_down,brightness,Asparagus Fern (Asparagus setaceus),0.9995,Boston Fern (Nephrolepis exaltata),0.0005,0.9990,asparagus-setaceus,"asparagus-setaceus|nephrolepis-exaltata|chamaedorea-elegans",true,high-conf,false,44,
asparagus-setaceus__01,asparagus-setaceus,tta6,bright_down,brightness,Asparagus Fern (Asparagus setaceus),0.3509,Parlor Palm (Chamaedorea elegans),0.3461,0.0048,asparagus-setaceus,"asparagus-setaceus|chamaedorea-elegans|nephrolepis-exaltata",true,low-conf,false,250,
asparagus-setaceus__01,asparagus-setaceus,squash,contrast_up,contrast,Asparagus Fern (Asparagus setaceus),0.9958,Boston Fern (Nephrolepis exaltata),0.0041,0.9917,asparagus-setaceus,"asparagus-setaceus|nephrolepis-exaltata|chamaedorea-elegans",true,high-conf,false,39,
asparagus-setaceus__01,asparagus-setaceus,center_crop,contrast_up,contrast,Asparagus Fern (Asparagus setaceus),0.9958,Boston Fern (Nephrolepis exaltata),0.0041,0.9917,asparagus-setaceus,"asparagus-setaceus|nephrolepis-exaltata|chamaedorea-elegans",true,high-conf,false,35,
asparagus-setaceus__01,asparagus-setaceus,tta6,contrast_up,contrast,Parlor Palm (Chamaedorea elegans),0.3680,Asparagus Fern (Asparagus setaceus),0.3337,0.0343,chamaedorea-elegans,"chamaedorea-elegans|asparagus-setaceus|nephrolepis-exaltata",true,low-conf,false,199,
asparagus-setaceus__01,asparagus-setaceus,squash,contrast_down,contrast,Asparagus Fern (Asparagus setaceus),1.0000,Boston Fern (Nephrolepis exaltata),0.0000,0.9999,asparagus-setaceus,"asparagus-setaceus|nephrolepis-exaltata|chamaedorea-elegans",true,high-conf,false,37,
asparagus-setaceus__01,asparagus-setaceus,center_crop,contrast_down,contrast,Asparagus Fern (Asparagus setaceus),1.0000,Boston Fern (Nephrolepis exaltata),0.0000,0.9999,asparagus-setaceus,"asparagus-setaceus|nephrolepis-exaltata|chamaedorea-elegans",true,high-conf,false,33,
asparagus-setaceus__01,asparagus-setaceus,tta6,contrast_down,contrast,Asparagus Fern (Asparagus setaceus),0.6071,Boston Fern (Nephrolepis exaltata),0.2929,0.3142,asparagus-setaceus,"asparagus-setaceus|nephrolepis-exaltata|chamaedorea-elegans",true,high-conf,false,257,
aspidistra-elatior__01,aspidistra-elatior,squash,clean,clean,Tradescantia,1.0000,Bird of Paradise (Strelitzia reginae),0.0000,1.0000,tradescantia,"tradescantia|strelitzia-reginae|aspidistra-elatior",true,high-conf,true,62,
aspidistra-elatior__01,aspidistra-elatior,center_crop,clean,clean,Tradescantia,1.0000,Bird of Paradise (Strelitzia reginae),0.0000,1.0000,tradescantia,"tradescantia|strelitzia-reginae|aspidistra-elatior",true,high-conf,true,47,
aspidistra-elatior__01,aspidistra-elatior,tta6,clean,clean,Tradescantia,0.6923,Bird of Paradise (Strelitzia reginae),0.1612,0.5311,tradescantia,"tradescantia|strelitzia-reginae|aspidistra-elatior",true,high-conf,true,233,
aspidistra-elatior__01,aspidistra-elatior,squash,blur,blur,Peace lily,0.6498,Tradescantia,0.3123,0.3374,spathiphyllum-wallisii,"spathiphyllum-wallisii|tradescantia|strelitzia-reginae",true,high-conf,true,32,
aspidistra-elatior__01,aspidistra-elatior,center_crop,blur,blur,Peace lily,0.6498,Tradescantia,0.3123,0.3374,spathiphyllum-wallisii,"spathiphyllum-wallisii|tradescantia|strelitzia-reginae",true,high-conf,true,37,
aspidistra-elatior__01,aspidistra-elatior,tta6,blur,blur,Tradescantia,0.5927,Peace lily,0.2355,0.3573,tradescantia,"tradescantia|spathiphyllum-wallisii|hedera-helix",true,high-conf,true,340,
aspidistra-elatior__01,aspidistra-elatior,squash,crop_center_zoom,crop,Cast Iron Plant (Aspidistra elatior),0.9949,Tradescantia,0.0050,0.9900,aspidistra-elatior,"aspidistra-elatior|tradescantia|ctenanthe",true,high-conf,false,33,
aspidistra-elatior__01,aspidistra-elatior,center_crop,crop_center_zoom,crop,Cast Iron Plant (Aspidistra elatior),0.9949,Tradescantia,0.0050,0.9900,aspidistra-elatior,"aspidistra-elatior|tradescantia|ctenanthe",true,high-conf,false,34,
aspidistra-elatior__01,aspidistra-elatior,tta6,crop_center_zoom,crop,Cast Iron Plant (Aspidistra elatior),0.9670,Tradescantia,0.0326,0.9344,aspidistra-elatior,"aspidistra-elatior|tradescantia|dracaena",true,high-conf,false,300,
aspidistra-elatior__01,aspidistra-elatior,squash,crop_offcenter_zoom,crop,Monstera Deliciosa (Monstera deliciosa),0.9404,Tradescantia,0.0373,0.9031,monstera-deliciosa,"monstera-deliciosa|tradescantia|spathiphyllum-wallisii",true,high-conf,true,69,
aspidistra-elatior__01,aspidistra-elatior,center_crop,crop_offcenter_zoom,crop,Monstera Deliciosa (Monstera deliciosa),0.9404,Tradescantia,0.0373,0.9031,monstera-deliciosa,"monstera-deliciosa|tradescantia|spathiphyllum-wallisii",true,high-conf,true,62,
aspidistra-elatior__01,aspidistra-elatior,tta6,crop_offcenter_zoom,crop,Monstera Deliciosa (Monstera deliciosa),0.5935,Cast Iron Plant (Aspidistra elatior),0.2107,0.3828,monstera-deliciosa,"monstera-deliciosa|aspidistra-elatior|pachira-aquatica",true,high-conf,true,219,
aspidistra-elatior__01,aspidistra-elatior,squash,rotate_+15,rotate,Cast Iron Plant (Aspidistra elatior),0.9533,Schefflera,0.0446,0.9087,aspidistra-elatior,"aspidistra-elatior|schefflera|monstera-deliciosa",true,high-conf,false,38,
aspidistra-elatior__01,aspidistra-elatior,center_crop,rotate_+15,rotate,Cast Iron Plant (Aspidistra elatior),0.9533,Schefflera,0.0446,0.9087,aspidistra-elatior,"aspidistra-elatior|schefflera|monstera-deliciosa",true,high-conf,false,45,
aspidistra-elatior__01,aspidistra-elatior,tta6,rotate_+15,rotate,Cast Iron Plant (Aspidistra elatior),0.5544,Tradescantia,0.2246,0.3298,aspidistra-elatior,"aspidistra-elatior|tradescantia|spathiphyllum-wallisii",true,high-conf,false,231,
aspidistra-elatior__01,aspidistra-elatior,squash,rotate_-15,rotate,Tradescantia,0.9403,Cast Iron Plant (Aspidistra elatior),0.0558,0.8845,tradescantia,"tradescantia|aspidistra-elatior|monstera-deliciosa",true,high-conf,true,35,
aspidistra-elatior__01,aspidistra-elatior,center_crop,rotate_-15,rotate,Tradescantia,0.9403,Cast Iron Plant (Aspidistra elatior),0.0558,0.8845,tradescantia,"tradescantia|aspidistra-elatior|monstera-deliciosa",true,high-conf,true,43,
aspidistra-elatior__01,aspidistra-elatior,tta6,rotate_-15,rotate,Tradescantia,0.7508,Cast Iron Plant (Aspidistra elatior),0.1369,0.6139,tradescantia,"tradescantia|aspidistra-elatior|dracaena-trifasciata",true,high-conf,true,251,
aspidistra-elatior__01,aspidistra-elatior,squash,rotate_+90,rotate,Parlor Palm (Chamaedorea elegans),0.8392,Monstera Deliciosa (Monstera deliciosa),0.0863,0.7529,chamaedorea-elegans,"chamaedorea-elegans|monstera-deliciosa|tradescantia",true,high-conf,true,61,
aspidistra-elatior__01,aspidistra-elatior,center_crop,rotate_+90,rotate,Parlor Palm (Chamaedorea elegans),0.8392,Monstera Deliciosa (Monstera deliciosa),0.0863,0.7529,chamaedorea-elegans,"chamaedorea-elegans|monstera-deliciosa|tradescantia",true,high-conf,true,52,
aspidistra-elatior__01,aspidistra-elatior,tta6,rotate_+90,rotate,Tradescantia,0.4087,Parlor Palm (Chamaedorea elegans),0.3747,0.0340,tradescantia,"tradescantia|chamaedorea-elegans|strelitzia-reginae",true,low-conf,false,306,
aspidistra-elatior__01,aspidistra-elatior,squash,rotate_-90,rotate,Aloe Vera,0.9979,Parlor Palm (Chamaedorea elegans),0.0011,0.9968,aloe-vera,"aloe-vera|chamaedorea-elegans|monstera-deliciosa",true,high-conf,true,37,
aspidistra-elatior__01,aspidistra-elatior,center_crop,rotate_-90,rotate,Aloe Vera,0.9979,Parlor Palm (Chamaedorea elegans),0.0011,0.9968,aloe-vera,"aloe-vera|chamaedorea-elegans|monstera-deliciosa",true,high-conf,true,47,
aspidistra-elatior__01,aspidistra-elatior,tta6,rotate_-90,rotate,Aloe Vera,0.8425,Tradescantia,0.0662,0.7763,aloe-vera,"aloe-vera|tradescantia|aspidistra-elatior",true,high-conf,true,226,
aspidistra-elatior__01,aspidistra-elatior,squash,bright_up,brightness,Tradescantia,1.0000,Cast Iron Plant (Aspidistra elatior),0.0000,1.0000,tradescantia,"tradescantia|aspidistra-elatior|strelitzia-reginae",true,high-conf,true,50,
aspidistra-elatior__01,aspidistra-elatior,center_crop,bright_up,brightness,Tradescantia,1.0000,Cast Iron Plant (Aspidistra elatior),0.0000,1.0000,tradescantia,"tradescantia|aspidistra-elatior|strelitzia-reginae",true,high-conf,true,37,
aspidistra-elatior__01,aspidistra-elatior,tta6,bright_up,brightness,Tradescantia,0.7371,Cast Iron Plant (Aspidistra elatior),0.2441,0.4930,tradescantia,"tradescantia|aspidistra-elatior|strelitzia-reginae",true,high-conf,true,211,
aspidistra-elatior__01,aspidistra-elatior,squash,bright_down,brightness,Tradescantia,1.0000,Monstera Deliciosa (Monstera deliciosa),0.0000,1.0000,tradescantia,"tradescantia|monstera-deliciosa|spathiphyllum-wallisii",true,high-conf,true,34,
aspidistra-elatior__01,aspidistra-elatior,center_crop,bright_down,brightness,Tradescantia,1.0000,Monstera Deliciosa (Monstera deliciosa),0.0000,1.0000,tradescantia,"tradescantia|monstera-deliciosa|spathiphyllum-wallisii",true,high-conf,true,39,
aspidistra-elatior__01,aspidistra-elatior,tta6,bright_down,brightness,Tradescantia,0.4987,Cast Iron Plant (Aspidistra elatior),0.3323,0.1664,tradescantia,"tradescantia|aspidistra-elatior|strelitzia-reginae",true,low-conf,false,269,
aspidistra-elatior__01,aspidistra-elatior,squash,contrast_up,contrast,Tradescantia,1.0000,Parlor Palm (Chamaedorea elegans),0.0000,1.0000,tradescantia,"tradescantia|chamaedorea-elegans|monstera-deliciosa",true,high-conf,true,41,
aspidistra-elatior__01,aspidistra-elatior,center_crop,contrast_up,contrast,Tradescantia,1.0000,Parlor Palm (Chamaedorea elegans),0.0000,1.0000,tradescantia,"tradescantia|chamaedorea-elegans|monstera-deliciosa",true,high-conf,true,40,
aspidistra-elatior__01,aspidistra-elatior,tta6,contrast_up,contrast,Cast Iron Plant (Aspidistra elatior),0.4903,Tradescantia,0.4472,0.0431,aspidistra-elatior,"aspidistra-elatior|tradescantia|strelitzia-reginae",true,low-conf,false,259,
aspidistra-elatior__01,aspidistra-elatior,squash,contrast_down,contrast,Tradescantia,0.9997,Peace lily,0.0001,0.9996,tradescantia,"tradescantia|spathiphyllum-wallisii|aspidistra-elatior",true,high-conf,true,45,
aspidistra-elatior__01,aspidistra-elatior,center_crop,contrast_down,contrast,Tradescantia,0.9997,Peace lily,0.0001,0.9996,tradescantia,"tradescantia|spathiphyllum-wallisii|aspidistra-elatior",true,high-conf,true,37,
aspidistra-elatior__01,aspidistra-elatior,tta6,contrast_down,contrast,Tradescantia,0.4886,Cast Iron Plant (Aspidistra elatior),0.2976,0.1910,tradescantia,"tradescantia|aspidistra-elatior|spathiphyllum-wallisii",true,low-conf,false,225,
asplenium-nidus__01,asplenium-nidus,squash,clean,clean,Schefflera,0.9445,Chinese evergreen (Aglaonema),0.0481,0.8964,schefflera,"schefflera|aglaonema|epipremnum-aureum",true,high-conf,true,50,
asplenium-nidus__01,asplenium-nidus,center_crop,clean,clean,Schefflera,0.9445,Chinese evergreen (Aglaonema),0.0481,0.8964,schefflera,"schefflera|aglaonema|epipremnum-aureum",true,high-conf,true,46,
asplenium-nidus__01,asplenium-nidus,tta6,clean,clean,Birds Nest Fern (Asplenium nidus),0.5022,Schefflera,0.3365,0.1658,asplenium-nidus,"asplenium-nidus|schefflera|chamaedorea-elegans",true,low-conf,false,284,
asplenium-nidus__01,asplenium-nidus,squash,blur,blur,Money Tree (Pachira aquatica),0.9765,Pothos (Ivy arum),0.0193,0.9572,pachira-aquatica,"pachira-aquatica|epipremnum-aureum|dracaena-trifasciata",true,high-conf,true,35,
asplenium-nidus__01,asplenium-nidus,center_crop,blur,blur,Money Tree (Pachira aquatica),0.9765,Pothos (Ivy arum),0.0193,0.9572,pachira-aquatica,"pachira-aquatica|epipremnum-aureum|dracaena-trifasciata",true,high-conf,true,42,
asplenium-nidus__01,asplenium-nidus,tta6,blur,blur,Money Tree (Pachira aquatica),0.4875,Snake plant (Sanseviera),0.1667,0.3208,pachira-aquatica,"pachira-aquatica|dracaena-trifasciata|epipremnum-aureum",true,high-conf,true,233,
asplenium-nidus__01,asplenium-nidus,squash,crop_center_zoom,crop,Birds Nest Fern (Asplenium nidus),0.7984,Parlor Palm (Chamaedorea elegans),0.0994,0.6990,asplenium-nidus,"asplenium-nidus|chamaedorea-elegans|epipremnum-aureum",true,high-conf,false,39,
asplenium-nidus__01,asplenium-nidus,center_crop,crop_center_zoom,crop,Birds Nest Fern (Asplenium nidus),0.7984,Parlor Palm (Chamaedorea elegans),0.0994,0.6990,asplenium-nidus,"asplenium-nidus|chamaedorea-elegans|epipremnum-aureum",true,high-conf,false,45,
asplenium-nidus__01,asplenium-nidus,tta6,crop_center_zoom,crop,Birds Nest Fern (Asplenium nidus),0.5689,Tradescantia,0.1531,0.4158,asplenium-nidus,"asplenium-nidus|tradescantia|epipremnum-aureum",true,high-conf,false,229,
asplenium-nidus__01,asplenium-nidus,squash,crop_offcenter_zoom,crop,Money Tree (Pachira aquatica),0.9682,ZZ Plant (Zamioculcas zamiifolia),0.0199,0.9483,pachira-aquatica,"pachira-aquatica|zamioculcas-zamiifolia|chamaedorea-elegans",true,high-conf,true,33,
asplenium-nidus__01,asplenium-nidus,center_crop,crop_offcenter_zoom,crop,Money Tree (Pachira aquatica),0.9682,ZZ Plant (Zamioculcas zamiifolia),0.0199,0.9483,pachira-aquatica,"pachira-aquatica|zamioculcas-zamiifolia|chamaedorea-elegans",true,high-conf,true,38,
asplenium-nidus__01,asplenium-nidus,tta6,crop_offcenter_zoom,crop,Money Tree (Pachira aquatica),0.4786,Tradescantia,0.3120,0.1666,pachira-aquatica,"pachira-aquatica|tradescantia|zamioculcas-zamiifolia",true,low-conf,false,216,
asplenium-nidus__01,asplenium-nidus,squash,rotate_+15,rotate,Chinese evergreen (Aglaonema),0.7581,Pothos (Ivy arum),0.2398,0.5183,aglaonema,"aglaonema|epipremnum-aureum|pachira-aquatica",true,high-conf,true,40,
asplenium-nidus__01,asplenium-nidus,center_crop,rotate_+15,rotate,Chinese evergreen (Aglaonema),0.7581,Pothos (Ivy arum),0.2398,0.5183,aglaonema,"aglaonema|epipremnum-aureum|pachira-aquatica",true,high-conf,true,31,
asplenium-nidus__01,asplenium-nidus,tta6,rotate_+15,rotate,Chinese evergreen (Aglaonema),0.4864,Pothos (Ivy arum),0.2948,0.1916,aglaonema,"aglaonema|epipremnum-aureum|asplenium-nidus",true,low-conf,false,176,
asplenium-nidus__01,asplenium-nidus,squash,rotate_-15,rotate,Pothos (Ivy arum),0.9658,Monstera Deliciosa (Monstera deliciosa),0.0236,0.9422,epipremnum-aureum,"epipremnum-aureum|monstera-deliciosa|begonia",true,high-conf,true,31,
asplenium-nidus__01,asplenium-nidus,center_crop,rotate_-15,rotate,Pothos (Ivy arum),0.9658,Monstera Deliciosa (Monstera deliciosa),0.0236,0.9422,epipremnum-aureum,"epipremnum-aureum|monstera-deliciosa|begonia",true,high-conf,true,33,
asplenium-nidus__01,asplenium-nidus,tta6,rotate_-15,rotate,Pothos (Ivy arum),0.4714,Christmas Cactus (Schlumbergera bridgesii),0.3061,0.1653,epipremnum-aureum,"epipremnum-aureum|schlumbergera-bridgesii|tradescantia",true,low-conf,false,174,
asplenium-nidus__01,asplenium-nidus,squash,rotate_+90,rotate,Chinese evergreen (Aglaonema),0.7403,Birds Nest Fern (Asplenium nidus),0.1065,0.6338,aglaonema,"aglaonema|asplenium-nidus|monstera-deliciosa",true,high-conf,true,42,
asplenium-nidus__01,asplenium-nidus,center_crop,rotate_+90,rotate,Chinese evergreen (Aglaonema),0.7403,Birds Nest Fern (Asplenium nidus),0.1065,0.6338,aglaonema,"aglaonema|asplenium-nidus|monstera-deliciosa",true,high-conf,true,38,
asplenium-nidus__01,asplenium-nidus,tta6,rotate_+90,rotate,Chinese evergreen (Aglaonema),0.2758,Birds Nest Fern (Asplenium nidus),0.2355,0.0403,aglaonema,"aglaonema|asplenium-nidus|ctenanthe",true,low-conf,false,202,
asplenium-nidus__01,asplenium-nidus,squash,rotate_-90,rotate,Birds Nest Fern (Asplenium nidus),0.9990,Ctenanthe,0.0005,0.9986,asplenium-nidus,"asplenium-nidus|ctenanthe|goeppertia-orbifolia",true,high-conf,false,46,
asplenium-nidus__01,asplenium-nidus,center_crop,rotate_-90,rotate,Birds Nest Fern (Asplenium nidus),0.9990,Ctenanthe,0.0005,0.9986,asplenium-nidus,"asplenium-nidus|ctenanthe|goeppertia-orbifolia",true,high-conf,false,28,
asplenium-nidus__01,asplenium-nidus,tta6,rotate_-90,rotate,Birds Nest Fern (Asplenium nidus),0.9902,Jade plant (Crassula ovata),0.0089,0.9813,asplenium-nidus,"asplenium-nidus|crassula-ovata|ctenanthe",true,high-conf,false,229,
asplenium-nidus__01,asplenium-nidus,squash,bright_up,brightness,Schefflera,0.7282,Chinese evergreen (Aglaonema),0.2582,0.4700,schefflera,"schefflera|aglaonema|epipremnum-aureum",true,high-conf,true,36,
asplenium-nidus__01,asplenium-nidus,center_crop,bright_up,brightness,Schefflera,0.7282,Chinese evergreen (Aglaonema),0.2582,0.4700,schefflera,"schefflera|aglaonema|epipremnum-aureum",true,high-conf,true,35,
asplenium-nidus__01,asplenium-nidus,tta6,bright_up,brightness,Birds Nest Fern (Asplenium nidus),0.4654,Schefflera,0.3240,0.1414,asplenium-nidus,"asplenium-nidus|schefflera|aglaonema",true,low-conf,false,228,
asplenium-nidus__01,asplenium-nidus,squash,bright_down,brightness,Schefflera,0.6185,Pothos (Ivy arum),0.2847,0.3338,schefflera,"schefflera|epipremnum-aureum|aglaonema",true,high-conf,true,48,
asplenium-nidus__01,asplenium-nidus,center_crop,bright_down,brightness,Schefflera,0.6185,Pothos (Ivy arum),0.2847,0.3338,schefflera,"schefflera|epipremnum-aureum|aglaonema",true,high-conf,true,34,
asplenium-nidus__01,asplenium-nidus,tta6,bright_down,brightness,Parlor Palm (Chamaedorea elegans),0.3240,Birds Nest Fern (Asplenium nidus),0.3130,0.0110,chamaedorea-elegans,"chamaedorea-elegans|asplenium-nidus|schefflera",true,low-conf,false,183,
asplenium-nidus__01,asplenium-nidus,squash,contrast_up,contrast,Chinese evergreen (Aglaonema),0.9358,Money Tree (Pachira aquatica),0.0273,0.9086,aglaonema,"aglaonema|pachira-aquatica|asplenium-nidus",true,high-conf,true,50,
asplenium-nidus__01,asplenium-nidus,center_crop,contrast_up,contrast,Chinese evergreen (Aglaonema),0.9358,Money Tree (Pachira aquatica),0.0273,0.9086,aglaonema,"aglaonema|pachira-aquatica|asplenium-nidus",true,high-conf,true,34,
asplenium-nidus__01,asplenium-nidus,tta6,contrast_up,contrast,Birds Nest Fern (Asplenium nidus),0.5826,Chinese evergreen (Aglaonema),0.3138,0.2688,asplenium-nidus,"asplenium-nidus|aglaonema|pachira-aquatica",true,low-conf,false,238,
asplenium-nidus__01,asplenium-nidus,squash,contrast_down,contrast,Schefflera,0.9924,Pothos (Ivy arum),0.0072,0.9852,schefflera,"schefflera|epipremnum-aureum|aglaonema",true,high-conf,true,36,
asplenium-nidus__01,asplenium-nidus,center_crop,contrast_down,contrast,Schefflera,0.9924,Pothos (Ivy arum),0.0072,0.9852,schefflera,"schefflera|epipremnum-aureum|aglaonema",true,high-conf,true,37,
asplenium-nidus__01,asplenium-nidus,tta6,contrast_down,contrast,Schefflera,0.6020,Birds Nest Fern (Asplenium nidus),0.1784,0.4237,schefflera,"schefflera|asplenium-nidus|tradescantia",true,high-conf,true,263,
beaucarnea-recurvata__01,beaucarnea-recurvata,squash,clean,clean,Yucca,0.9949,Sago Palm (Cycas revoluta),0.0028,0.9921,yucca,"yucca|cycas-revoluta|dracaena",true,high-conf,true,35,
beaucarnea-recurvata__01,beaucarnea-recurvata,center_crop,clean,clean,Yucca,0.9949,Sago Palm (Cycas revoluta),0.0028,0.9921,yucca,"yucca|cycas-revoluta|dracaena",true,high-conf,true,58,
beaucarnea-recurvata__01,beaucarnea-recurvata,tta6,clean,clean,Dracaena,0.5078,Yucca,0.3658,0.1420,dracaena,"dracaena|yucca|cycas-revoluta",true,low-conf,false,218,
beaucarnea-recurvata__01,beaucarnea-recurvata,squash,blur,blur,Asparagus Fern (Asparagus setaceus),0.9994,Dracaena,0.0004,0.9990,asparagus-setaceus,"asparagus-setaceus|dracaena|cycas-revoluta",true,high-conf,true,31,
beaucarnea-recurvata__01,beaucarnea-recurvata,center_crop,blur,blur,Asparagus Fern (Asparagus setaceus),0.9994,Dracaena,0.0004,0.9990,asparagus-setaceus,"asparagus-setaceus|dracaena|cycas-revoluta",true,high-conf,true,31,
beaucarnea-recurvata__01,beaucarnea-recurvata,tta6,blur,blur,Cast Iron Plant (Aspidistra elatior),0.6450,Asparagus Fern (Asparagus setaceus),0.3540,0.2910,aspidistra-elatior,"aspidistra-elatior|asparagus-setaceus|dracaena",true,low-conf,false,226,
beaucarnea-recurvata__01,beaucarnea-recurvata,squash,crop_center_zoom,crop,Dracaena,1.0000,Ponytail Palm (Beaucarnea recurvata),0.0000,0.9999,dracaena,"dracaena|beaucarnea-recurvata|yucca",true,high-conf,true,32,
beaucarnea-recurvata__01,beaucarnea-recurvata,center_crop,crop_center_zoom,crop,Dracaena,1.0000,Ponytail Palm (Beaucarnea recurvata),0.0000,0.9999,dracaena,"dracaena|beaucarnea-recurvata|yucca",true,high-conf,true,42,
beaucarnea-recurvata__01,beaucarnea-recurvata,tta6,crop_center_zoom,crop,Dracaena,0.9997,Areca Palm (Dypsis lutescens),0.0002,0.9995,dracaena,"dracaena|dypsis-lutescens|beaucarnea-recurvata",true,high-conf,true,248,
beaucarnea-recurvata__01,beaucarnea-recurvata,squash,crop_offcenter_zoom,crop,Dracaena,1.0000,Areca Palm (Dypsis lutescens),0.0000,0.9999,dracaena,"dracaena|dypsis-lutescens|cycas-revoluta",true,high-conf,true,50,
beaucarnea-recurvata__01,beaucarnea-recurvata,center_crop,crop_offcenter_zoom,crop,Dracaena,1.0000,Areca Palm (Dypsis lutescens),0.0000,0.9999,dracaena,"dracaena|dypsis-lutescens|cycas-revoluta",true,high-conf,true,35,
beaucarnea-recurvata__01,beaucarnea-recurvata,tta6,crop_offcenter_zoom,crop,Dracaena,0.9926,Areca Palm (Dypsis lutescens),0.0066,0.9860,dracaena,"dracaena|dypsis-lutescens|yucca",true,high-conf,true,218,
beaucarnea-recurvata__01,beaucarnea-recurvata,squash,rotate_+15,rotate,Cast Iron Plant (Aspidistra elatior),0.4852,Dracaena,0.2729,0.2124,aspidistra-elatior,"aspidistra-elatior|dracaena|yucca",true,low-conf,false,34,
beaucarnea-recurvata__01,beaucarnea-recurvata,center_crop,rotate_+15,rotate,Cast Iron Plant (Aspidistra elatior),0.4852,Dracaena,0.2729,0.2124,aspidistra-elatior,"aspidistra-elatior|dracaena|yucca",true,low-conf,false,30,
beaucarnea-recurvata__01,beaucarnea-recurvata,tta6,rotate_+15,rotate,Dracaena,0.6647,Cast Iron Plant (Aspidistra elatior),0.2010,0.4637,dracaena,"dracaena|aspidistra-elatior|yucca",true,high-conf,true,236,
beaucarnea-recurvata__01,beaucarnea-recurvata,squash,rotate_-15,rotate,Sago Palm (Cycas revoluta),0.9818,Dracaena,0.0182,0.9636,cycas-revoluta,"cycas-revoluta|dracaena|yucca",true,high-conf,true,43,
beaucarnea-recurvata__01,beaucarnea-recurvata,center_crop,rotate_-15,rotate,Sago Palm (Cycas revoluta),0.9818,Dracaena,0.0182,0.9636,cycas-revoluta,"cycas-revoluta|dracaena|yucca",true,high-conf,true,33,
beaucarnea-recurvata__01,beaucarnea-recurvata,tta6,rotate_-15,rotate,Sago Palm (Cycas revoluta),0.5597,Dracaena,0.2921,0.2676,cycas-revoluta,"cycas-revoluta|dracaena|yucca",true,low-conf,false,208,
beaucarnea-recurvata__01,beaucarnea-recurvata,squash,rotate_+90,rotate,Asparagus Fern (Asparagus setaceus),0.9793,Ponytail Palm (Beaucarnea recurvata),0.0205,0.9589,asparagus-setaceus,"asparagus-setaceus|beaucarnea-recurvata|dracaena",true,high-conf,true,36,
beaucarnea-recurvata__01,beaucarnea-recurvata,center_crop,rotate_+90,rotate,Asparagus Fern (Asparagus setaceus),0.9793,Ponytail Palm (Beaucarnea recurvata),0.0205,0.9589,asparagus-setaceus,"asparagus-setaceus|beaucarnea-recurvata|dracaena",true,high-conf,true,39,
beaucarnea-recurvata__01,beaucarnea-recurvata,tta6,rotate_+90,rotate,Asparagus Fern (Asparagus setaceus),0.6448,Dracaena,0.2984,0.3465,asparagus-setaceus,"asparagus-setaceus|dracaena|dypsis-lutescens",true,high-conf,true,188,
beaucarnea-recurvata__01,beaucarnea-recurvata,squash,rotate_-90,rotate,Dracaena,0.9931,Areca Palm (Dypsis lutescens),0.0043,0.9888,dracaena,"dracaena|dypsis-lutescens|asparagus-setaceus",true,high-conf,true,22,
beaucarnea-recurvata__01,beaucarnea-recurvata,center_crop,rotate_-90,rotate,Dracaena,0.9931,Areca Palm (Dypsis lutescens),0.0043,0.9888,dracaena,"dracaena|dypsis-lutescens|asparagus-setaceus",true,high-conf,true,34,
beaucarnea-recurvata__01,beaucarnea-recurvata,tta6,rotate_-90,rotate,Dracaena,0.5812,Yucca,0.1836,0.3976,dracaena,"dracaena|yucca|beaucarnea-recurvata",true,high-conf,true,202,
beaucarnea-recurvata__01,beaucarnea-recurvata,squash,bright_up,brightness,Yucca,0.9741,Dracaena,0.0255,0.9485,yucca,"yucca|dracaena|cycas-revoluta",true,high-conf,true,56,
beaucarnea-recurvata__01,beaucarnea-recurvata,center_crop,bright_up,brightness,Yucca,0.9741,Dracaena,0.0255,0.9485,yucca,"yucca|dracaena|cycas-revoluta",true,high-conf,true,49,
beaucarnea-recurvata__01,beaucarnea-recurvata,tta6,bright_up,brightness,Dracaena,0.5403,Yucca,0.4350,0.1053,dracaena,"dracaena|yucca|cycas-revoluta",true,low-conf,false,190,
beaucarnea-recurvata__01,beaucarnea-recurvata,squash,bright_down,brightness,Yucca,0.7108,Dracaena,0.2831,0.4276,yucca,"yucca|dracaena|cycas-revoluta",true,high-conf,true,33,
beaucarnea-recurvata__01,beaucarnea-recurvata,center_crop,bright_down,brightness,Yucca,0.7108,Dracaena,0.2831,0.4276,yucca,"yucca|dracaena|cycas-revoluta",true,high-conf,true,34,
beaucarnea-recurvata__01,beaucarnea-recurvata,tta6,bright_down,brightness,Dracaena,0.5447,Yucca,0.3675,0.1773,dracaena,"dracaena|yucca|cycas-revoluta",true,low-conf,false,257,
beaucarnea-recurvata__01,beaucarnea-recurvata,squash,contrast_up,contrast,Yucca,0.7160,Dracaena,0.2840,0.4320,yucca,"yucca|dracaena|cycas-revoluta",true,high-conf,true,35,
beaucarnea-recurvata__01,beaucarnea-recurvata,center_crop,contrast_up,contrast,Yucca,0.7160,Dracaena,0.2840,0.4320,yucca,"yucca|dracaena|cycas-revoluta",true,high-conf,true,32,
beaucarnea-recurvata__01,beaucarnea-recurvata,tta6,contrast_up,contrast,Dracaena,0.6731,Yucca,0.3246,0.3486,dracaena,"dracaena|yucca|cycas-revoluta",true,high-conf,true,283,
beaucarnea-recurvata__01,beaucarnea-recurvata,squash,contrast_down,contrast,Yucca,0.5844,Sago Palm (Cycas revoluta),0.3769,0.2075,yucca,"yucca|cycas-revoluta|dracaena",true,low-conf,false,64,
beaucarnea-recurvata__01,beaucarnea-recurvata,center_crop,contrast_down,contrast,Yucca,0.5844,Sago Palm (Cycas revoluta),0.3769,0.2075,yucca,"yucca|cycas-revoluta|dracaena",true,low-conf,false,50,
beaucarnea-recurvata__01,beaucarnea-recurvata,tta6,contrast_down,contrast,Yucca,0.3542,Dracaena,0.3414,0.0129,yucca,"yucca|dracaena|cycas-revoluta",true,low-conf,false,224,
beaucarnea-recurvata__02,beaucarnea-recurvata,squash,clean,clean,Ponytail Palm (Beaucarnea recurvata),1.0000,Areca Palm (Dypsis lutescens),0.0000,1.0000,beaucarnea-recurvata,"beaucarnea-recurvata|dypsis-lutescens|dracaena",true,high-conf,false,47,
beaucarnea-recurvata__02,beaucarnea-recurvata,center_crop,clean,clean,Ponytail Palm (Beaucarnea recurvata),1.0000,Areca Palm (Dypsis lutescens),0.0000,1.0000,beaucarnea-recurvata,"beaucarnea-recurvata|dypsis-lutescens|dracaena",true,high-conf,false,52,
beaucarnea-recurvata__02,beaucarnea-recurvata,tta6,clean,clean,Ponytail Palm (Beaucarnea recurvata),0.6665,Dracaena,0.3332,0.3333,beaucarnea-recurvata,"beaucarnea-recurvata|dracaena|yucca",true,high-conf,false,263,
beaucarnea-recurvata__02,beaucarnea-recurvata,squash,blur,blur,Snake plant (Sanseviera),0.9948,Asparagus Fern (Asparagus setaceus),0.0051,0.9897,dracaena-trifasciata,"dracaena-trifasciata|asparagus-setaceus|dracaena",true,high-conf,true,48,
beaucarnea-recurvata__02,beaucarnea-recurvata,center_crop,blur,blur,Snake plant (Sanseviera),0.9948,Asparagus Fern (Asparagus setaceus),0.0051,0.9897,dracaena-trifasciata,"dracaena-trifasciata|asparagus-setaceus|dracaena",true,high-conf,true,35,
beaucarnea-recurvata__02,beaucarnea-recurvata,tta6,blur,blur,Snake plant (Sanseviera),0.6042,Asparagus Fern (Asparagus setaceus),0.3737,0.2306,dracaena-trifasciata,"dracaena-trifasciata|asparagus-setaceus|dracaena",true,low-conf,false,640,
beaucarnea-recurvata__02,beaucarnea-recurvata,squash,crop_center_zoom,crop,Dracaena,0.9998,Ponytail Palm (Beaucarnea recurvata),0.0001,0.9997,dracaena,"dracaena|beaucarnea-recurvata|yucca",true,high-conf,true,60,
beaucarnea-recurvata__02,beaucarnea-recurvata,center_crop,crop_center_zoom,crop,Dracaena,0.9998,Ponytail Palm (Beaucarnea recurvata),0.0001,0.9997,dracaena,"dracaena|beaucarnea-recurvata|yucca",true,high-conf,true,46,
beaucarnea-recurvata__02,beaucarnea-recurvata,tta6,crop_center_zoom,crop,Dracaena,0.6547,Ponytail Palm (Beaucarnea recurvata),0.3447,0.3100,dracaena,"dracaena|beaucarnea-recurvata|asparagus-setaceus",true,high-conf,true,382,
beaucarnea-recurvata__02,beaucarnea-recurvata,squash,crop_offcenter_zoom,crop,Dracaena,0.9355,Areca Palm (Dypsis lutescens),0.0645,0.8710,dracaena,"dracaena|dypsis-lutescens|yucca",true,high-conf,true,52,
beaucarnea-recurvata__02,beaucarnea-recurvata,center_crop,crop_offcenter_zoom,crop,Dracaena,0.9355,Areca Palm (Dypsis lutescens),0.0645,0.8710,dracaena,"dracaena|dypsis-lutescens|yucca",true,high-conf,true,44,
beaucarnea-recurvata__02,beaucarnea-recurvata,tta6,crop_offcenter_zoom,crop,Dracaena,0.8962,Ponytail Palm (Beaucarnea recurvata),0.0597,0.8365,dracaena,"dracaena|beaucarnea-recurvata|dypsis-lutescens",true,high-conf,true,573,
beaucarnea-recurvata__02,beaucarnea-recurvata,squash,rotate_+15,rotate,Ponytail Palm (Beaucarnea recurvata),0.6919,Dracaena,0.2751,0.4168,beaucarnea-recurvata,"beaucarnea-recurvata|dracaena|nephrolepis-exaltata",true,high-conf,false,65,
beaucarnea-recurvata__02,beaucarnea-recurvata,center_crop,rotate_+15,rotate,Ponytail Palm (Beaucarnea recurvata),0.6919,Dracaena,0.2751,0.4168,beaucarnea-recurvata,"beaucarnea-recurvata|dracaena|nephrolepis-exaltata",true,high-conf,false,59,
beaucarnea-recurvata__02,beaucarnea-recurvata,tta6,rotate_+15,rotate,Ponytail Palm (Beaucarnea recurvata),0.5527,Dracaena,0.4033,0.1493,beaucarnea-recurvata,"beaucarnea-recurvata|dracaena|yucca",true,low-conf,false,407,
beaucarnea-recurvata__02,beaucarnea-recurvata,squash,rotate_-15,rotate,Yucca,0.9527,Cast Iron Plant (Aspidistra elatior),0.0283,0.9244,yucca,"yucca|aspidistra-elatior|dracaena",true,high-conf,true,52,
beaucarnea-recurvata__02,beaucarnea-recurvata,center_crop,rotate_-15,rotate,Yucca,0.9527,Cast Iron Plant (Aspidistra elatior),0.0283,0.9244,yucca,"yucca|aspidistra-elatior|dracaena",true,high-conf,true,66,
beaucarnea-recurvata__02,beaucarnea-recurvata,tta6,rotate_-15,rotate,Yucca,0.3326,Dracaena,0.3227,0.0099,yucca,"yucca|dracaena|nephrolepis-exaltata",true,low-conf,false,356,
beaucarnea-recurvata__02,beaucarnea-recurvata,squash,rotate_+90,rotate,Aloe Vera,0.9848,Cast Iron Plant (Aspidistra elatior),0.0101,0.9748,aloe-vera,"aloe-vera|aspidistra-elatior|monstera-deliciosa",true,high-conf,true,52,
beaucarnea-recurvata__02,beaucarnea-recurvata,center_crop,rotate_+90,rotate,Aloe Vera,0.9848,Cast Iron Plant (Aspidistra elatior),0.0101,0.9748,aloe-vera,"aloe-vera|aspidistra-elatior|monstera-deliciosa",true,high-conf,true,60,
beaucarnea-recurvata__02,beaucarnea-recurvata,tta6,rotate_+90,rotate,Aloe Vera,0.5623,Yucca,0.2592,0.3031,aloe-vera,"aloe-vera|yucca|dracaena",true,high-conf,true,357,
beaucarnea-recurvata__02,beaucarnea-recurvata,squash,rotate_-90,rotate,Ponytail Palm (Beaucarnea recurvata),0.9010,Dracaena,0.0586,0.8424,beaucarnea-recurvata,"beaucarnea-recurvata|dracaena|asparagus-setaceus",true,high-conf,false,51,
beaucarnea-recurvata__02,beaucarnea-recurvata,center_crop,rotate_-90,rotate,Ponytail Palm (Beaucarnea recurvata),0.9010,Dracaena,0.0586,0.8424,beaucarnea-recurvata,"beaucarnea-recurvata|dracaena|asparagus-setaceus",true,high-conf,false,44,
beaucarnea-recurvata__02,beaucarnea-recurvata,tta6,rotate_-90,rotate,Ponytail Palm (Beaucarnea recurvata),0.6168,Asparagus Fern (Asparagus setaceus),0.3125,0.3043,beaucarnea-recurvata,"beaucarnea-recurvata|asparagus-setaceus|yucca",true,high-conf,false,286,
beaucarnea-recurvata__02,beaucarnea-recurvata,squash,bright_up,brightness,Ponytail Palm (Beaucarnea recurvata),1.0000,Yucca,0.0000,1.0000,beaucarnea-recurvata,"beaucarnea-recurvata|yucca|dypsis-lutescens",true,high-conf,false,47,
beaucarnea-recurvata__02,beaucarnea-recurvata,center_crop,bright_up,brightness,Ponytail Palm (Beaucarnea recurvata),1.0000,Yucca,0.0000,1.0000,beaucarnea-recurvata,"beaucarnea-recurvata|yucca|dypsis-lutescens",true,high-conf,false,52,
beaucarnea-recurvata__02,beaucarnea-recurvata,tta6,bright_up,brightness,Ponytail Palm (Beaucarnea recurvata),0.6319,Dracaena,0.3321,0.2998,beaucarnea-recurvata,"beaucarnea-recurvata|dracaena|aloe-vera",true,low-conf,false,250,
beaucarnea-recurvata__02,beaucarnea-recurvata,squash,bright_down,brightness,Ponytail Palm (Beaucarnea recurvata),0.9987,Areca Palm (Dypsis lutescens),0.0011,0.9976,beaucarnea-recurvata,"beaucarnea-recurvata|dypsis-lutescens|dracaena",true,high-conf,false,43,
beaucarnea-recurvata__02,beaucarnea-recurvata,center_crop,bright_down,brightness,Ponytail Palm (Beaucarnea recurvata),0.9987,Areca Palm (Dypsis lutescens),0.0011,0.9976,beaucarnea-recurvata,"beaucarnea-recurvata|dypsis-lutescens|dracaena",true,high-conf,false,44,
beaucarnea-recurvata__02,beaucarnea-recurvata,tta6,bright_down,brightness,Ponytail Palm (Beaucarnea recurvata),0.6662,Dracaena,0.3275,0.3387,beaucarnea-recurvata,"beaucarnea-recurvata|dracaena|dypsis-lutescens",true,high-conf,false,333,
beaucarnea-recurvata__02,beaucarnea-recurvata,squash,contrast_up,contrast,Ponytail Palm (Beaucarnea recurvata),1.0000,Dracaena,0.0000,1.0000,beaucarnea-recurvata,"beaucarnea-recurvata|dracaena|dypsis-lutescens",true,high-conf,false,45,
beaucarnea-recurvata__02,beaucarnea-recurvata,center_crop,contrast_up,contrast,Ponytail Palm (Beaucarnea recurvata),1.0000,Dracaena,0.0000,1.0000,beaucarnea-recurvata,"beaucarnea-recurvata|dracaena|dypsis-lutescens",true,high-conf,false,35,
beaucarnea-recurvata__02,beaucarnea-recurvata,tta6,contrast_up,contrast,Ponytail Palm (Beaucarnea recurvata),0.6665,Dracaena,0.3335,0.3331,beaucarnea-recurvata,"beaucarnea-recurvata|dracaena|dypsis-lutescens",true,high-conf,false,235,
beaucarnea-recurvata__02,beaucarnea-recurvata,squash,contrast_down,contrast,Ponytail Palm (Beaucarnea recurvata),1.0000,Areca Palm (Dypsis lutescens),0.0000,1.0000,beaucarnea-recurvata,"beaucarnea-recurvata|dypsis-lutescens|yucca",true,high-conf,false,43,
beaucarnea-recurvata__02,beaucarnea-recurvata,center_crop,contrast_down,contrast,Ponytail Palm (Beaucarnea recurvata),1.0000,Areca Palm (Dypsis lutescens),0.0000,1.0000,beaucarnea-recurvata,"beaucarnea-recurvata|dypsis-lutescens|yucca",true,high-conf,false,47,
beaucarnea-recurvata__02,beaucarnea-recurvata,tta6,contrast_down,contrast,Ponytail Palm (Beaucarnea recurvata),0.6676,Dracaena,0.3267,0.3409,beaucarnea-recurvata,"beaucarnea-recurvata|dracaena|dypsis-lutescens",true,high-conf,false,237,
begonia__01,begonia,squash,clean,clean,Anthurium (Anthurium andraeanum),1.0000,Ctenanthe,0.0000,1.0000,anthurium-andraeanum,"anthurium-andraeanum|ctenanthe|pilea-peperomioides",true,high-conf,true,39,
begonia__01,begonia,center_crop,clean,clean,Anthurium (Anthurium andraeanum),1.0000,Ctenanthe,0.0000,1.0000,anthurium-andraeanum,"anthurium-andraeanum|ctenanthe|pilea-peperomioides",true,high-conf,true,63,
begonia__01,begonia,tta6,clean,clean,Anthurium (Anthurium andraeanum),0.9917,Elephant Ear (Alocasia spp.),0.0083,0.9834,anthurium-andraeanum,"anthurium-andraeanum|alocasia|begonia",true,high-conf,true,212,
begonia__01,begonia,squash,blur,blur,Anthurium (Anthurium andraeanum),0.9970,Chinese Money Plant (Pilea peperomioides),0.0019,0.9951,anthurium-andraeanum,"anthurium-andraeanum|pilea-peperomioides|strelitzia-reginae",true,high-conf,true,33,
begonia__01,begonia,center_crop,blur,blur,Anthurium (Anthurium andraeanum),0.9970,Chinese Money Plant (Pilea peperomioides),0.0019,0.9951,anthurium-andraeanum,"anthurium-andraeanum|pilea-peperomioides|strelitzia-reginae",true,high-conf,true,46,
begonia__01,begonia,tta6,blur,blur,Anthurium (Anthurium andraeanum),0.9893,Elephant Ear (Alocasia spp.),0.0085,0.9808,anthurium-andraeanum,"anthurium-andraeanum|alocasia|pilea-peperomioides",true,high-conf,true,203,
begonia__01,begonia,squash,crop_center_zoom,crop,Anthurium (Anthurium andraeanum),1.0000,Elephant Ear (Alocasia spp.),0.0000,1.0000,anthurium-andraeanum,"anthurium-andraeanum|alocasia|schlumbergera-bridgesii",true,high-conf,true,46,
begonia__01,begonia,center_crop,crop_center_zoom,crop,Anthurium (Anthurium andraeanum),1.0000,Elephant Ear (Alocasia spp.),0.0000,1.0000,anthurium-andraeanum,"anthurium-andraeanum|alocasia|schlumbergera-bridgesii",true,high-conf,true,55,
begonia__01,begonia,tta6,crop_center_zoom,crop,Anthurium (Anthurium andraeanum),0.7542,Elephant Ear (Alocasia spp.),0.2455,0.5087,anthurium-andraeanum,"anthurium-andraeanum|alocasia|hedera-helix",true,high-conf,true,205,
begonia__01,begonia,squash,crop_offcenter_zoom,crop,Anthurium (Anthurium andraeanum),1.0000,Christmas Cactus (Schlumbergera bridgesii),0.0000,1.0000,anthurium-andraeanum,"anthurium-andraeanum|schlumbergera-bridgesii|alocasia",true,high-conf,true,45,
begonia__01,begonia,center_crop,crop_offcenter_zoom,crop,Anthurium (Anthurium andraeanum),1.0000,Christmas Cactus (Schlumbergera bridgesii),0.0000,1.0000,anthurium-andraeanum,"anthurium-andraeanum|schlumbergera-bridgesii|alocasia",true,high-conf,true,47,
begonia__01,begonia,tta6,crop_offcenter_zoom,crop,Anthurium (Anthurium andraeanum),0.6996,Christmas Cactus (Schlumbergera bridgesii),0.2477,0.4519,anthurium-andraeanum,"anthurium-andraeanum|schlumbergera-bridgesii|tradescantia",true,high-conf,true,292,
begonia__01,begonia,squash,rotate_+15,rotate,Anthurium (Anthurium andraeanum),1.0000,Money Tree (Pachira aquatica),0.0000,1.0000,anthurium-andraeanum,"anthurium-andraeanum|pachira-aquatica|epipremnum-aureum",true,high-conf,true,50,
begonia__01,begonia,center_crop,rotate_+15,rotate,Anthurium (Anthurium andraeanum),1.0000,Money Tree (Pachira aquatica),0.0000,1.0000,anthurium-andraeanum,"anthurium-andraeanum|pachira-aquatica|epipremnum-aureum",true,high-conf,true,41,
begonia__01,begonia,tta6,rotate_+15,rotate,Anthurium (Anthurium andraeanum),0.9880,Elephant Ear (Alocasia spp.),0.0117,0.9763,anthurium-andraeanum,"anthurium-andraeanum|alocasia|hedera-helix",true,high-conf,true,234,
begonia__01,begonia,squash,rotate_-15,rotate,Anthurium (Anthurium andraeanum),1.0000,Elephant Ear (Alocasia spp.),0.0000,1.0000,anthurium-andraeanum,"anthurium-andraeanum|alocasia|goeppertia-orbifolia",true,high-conf,true,40,
begonia__01,begonia,center_crop,rotate_-15,rotate,Anthurium (Anthurium andraeanum),1.0000,Elephant Ear (Alocasia spp.),0.0000,1.0000,anthurium-andraeanum,"anthurium-andraeanum|alocasia|goeppertia-orbifolia",true,high-conf,true,33,
begonia__01,begonia,tta6,rotate_-15,rotate,Anthurium (Anthurium andraeanum),0.8488,Elephant Ear (Alocasia spp.),0.1512,0.6976,anthurium-andraeanum,"anthurium-andraeanum|alocasia|hedera-helix",true,high-conf,true,230,
begonia__01,begonia,squash,rotate_+90,rotate,Anthurium (Anthurium andraeanum),0.9460,Begonia (Begonia spp.),0.0290,0.9170,anthurium-andraeanum,"anthurium-andraeanum|begonia|alocasia",true,high-conf,true,44,
begonia__01,begonia,center_crop,rotate_+90,rotate,Anthurium (Anthurium andraeanum),0.9460,Begonia (Begonia spp.),0.0290,0.9170,anthurium-andraeanum,"anthurium-andraeanum|begonia|alocasia",true,high-conf,true,31,
begonia__01,begonia,tta6,rotate_+90,rotate,Anthurium (Anthurium andraeanum),0.8653,Elephant Ear (Alocasia spp.),0.1248,0.7405,anthurium-andraeanum,"anthurium-andraeanum|alocasia|begonia",true,high-conf,true,233,
begonia__01,begonia,squash,rotate_-90,rotate,Anthurium (Anthurium andraeanum),0.9999,Elephant Ear (Alocasia spp.),0.0001,0.9999,anthurium-andraeanum,"anthurium-andraeanum|alocasia|begonia",true,high-conf,true,35,
begonia__01,begonia,center_crop,rotate_-90,rotate,Anthurium (Anthurium andraeanum),0.9999,Elephant Ear (Alocasia spp.),0.0001,0.9999,anthurium-andraeanum,"anthurium-andraeanum|alocasia|begonia",true,high-conf,true,42,
begonia__01,begonia,tta6,rotate_-90,rotate,Anthurium (Anthurium andraeanum),0.9938,Elephant Ear (Alocasia spp.),0.0062,0.9876,anthurium-andraeanum,"anthurium-andraeanum|alocasia|begonia",true,high-conf,true,257,
begonia__01,begonia,squash,bright_up,brightness,Anthurium (Anthurium andraeanum),1.0000,Chinese Money Plant (Pilea peperomioides),0.0000,1.0000,anthurium-andraeanum,"anthurium-andraeanum|pilea-peperomioides|schefflera",true,high-conf,true,36,
begonia__01,begonia,center_crop,bright_up,brightness,Anthurium (Anthurium andraeanum),1.0000,Chinese Money Plant (Pilea peperomioides),0.0000,1.0000,anthurium-andraeanum,"anthurium-andraeanum|pilea-peperomioides|schefflera",true,high-conf,true,37,
begonia__01,begonia,tta6,bright_up,brightness,Anthurium (Anthurium andraeanum),0.9996,Elephant Ear (Alocasia spp.),0.0004,0.9992,anthurium-andraeanum,"anthurium-andraeanum|alocasia|pilea-peperomioides",true,high-conf,true,214,
begonia__01,begonia,squash,bright_down,brightness,Anthurium (Anthurium andraeanum),1.0000,Ctenanthe,0.0000,1.0000,anthurium-andraeanum,"anthurium-andraeanum|ctenanthe|pilea-peperomioides",true,high-conf,true,33,
begonia__01,begonia,center_crop,bright_down,brightness,Anthurium (Anthurium andraeanum),1.0000,Ctenanthe,0.0000,1.0000,anthurium-andraeanum,"anthurium-andraeanum|ctenanthe|pilea-peperomioides",true,high-conf,true,27,
begonia__01,begonia,tta6,bright_down,brightness,Anthurium (Anthurium andraeanum),0.9885,Elephant Ear (Alocasia spp.),0.0115,0.9771,anthurium-andraeanum,"anthurium-andraeanum|alocasia|begonia",true,high-conf,true,237,
begonia__01,begonia,squash,contrast_up,contrast,Anthurium (Anthurium andraeanum),1.0000,Elephant Ear (Alocasia spp.),0.0000,1.0000,anthurium-andraeanum,"anthurium-andraeanum|alocasia|pilea-peperomioides",true,high-conf,true,34,
begonia__01,begonia,center_crop,contrast_up,contrast,Anthurium (Anthurium andraeanum),1.0000,Elephant Ear (Alocasia spp.),0.0000,1.0000,anthurium-andraeanum,"anthurium-andraeanum|alocasia|pilea-peperomioides",true,high-conf,true,36,
begonia__01,begonia,tta6,contrast_up,contrast,Anthurium (Anthurium andraeanum),0.8641,Elephant Ear (Alocasia spp.),0.1359,0.7283,anthurium-andraeanum,"anthurium-andraeanum|alocasia|begonia",true,high-conf,true,233,
begonia__01,begonia,squash,contrast_down,contrast,Anthurium (Anthurium andraeanum),1.0000,Ctenanthe,0.0000,1.0000,anthurium-andraeanum,"anthurium-andraeanum|ctenanthe|pilea-peperomioides",true,high-conf,true,46,
begonia__01,begonia,center_crop,contrast_down,contrast,Anthurium (Anthurium andraeanum),1.0000,Ctenanthe,0.0000,1.0000,anthurium-andraeanum,"anthurium-andraeanum|ctenanthe|pilea-peperomioides",true,high-conf,true,49,
begonia__01,begonia,tta6,contrast_down,contrast,Anthurium (Anthurium andraeanum),1.0000,Begonia (Begonia spp.),0.0000,1.0000,anthurium-andraeanum,"anthurium-andraeanum|begonia|pachira-aquatica",true,high-conf,true,216,
chamaedorea-elegans__01,chamaedorea-elegans,squash,clean,clean,Parlor Palm (Chamaedorea elegans),1.0000,Boston Fern (Nephrolepis exaltata),0.0000,1.0000,chamaedorea-elegans,"chamaedorea-elegans|nephrolepis-exaltata|zamioculcas-zamiifolia",true,high-conf,false,42,
chamaedorea-elegans__01,chamaedorea-elegans,center_crop,clean,clean,Parlor Palm (Chamaedorea elegans),1.0000,Boston Fern (Nephrolepis exaltata),0.0000,1.0000,chamaedorea-elegans,"chamaedorea-elegans|nephrolepis-exaltata|zamioculcas-zamiifolia",true,high-conf,false,40,
chamaedorea-elegans__01,chamaedorea-elegans,tta6,clean,clean,Parlor Palm (Chamaedorea elegans),0.9988,ZZ Plant (Zamioculcas zamiifolia),0.0011,0.9977,chamaedorea-elegans,"chamaedorea-elegans|zamioculcas-zamiifolia|nephrolepis-exaltata",true,high-conf,false,217,
chamaedorea-elegans__01,chamaedorea-elegans,squash,blur,blur,Calathea,0.6570,Parlor Palm (Chamaedorea elegans),0.2666,0.3904,goeppertia-orbifolia,"goeppertia-orbifolia|chamaedorea-elegans|pachira-aquatica",true,high-conf,true,30,
chamaedorea-elegans__01,chamaedorea-elegans,center_crop,blur,blur,Calathea,0.6570,Parlor Palm (Chamaedorea elegans),0.2666,0.3904,goeppertia-orbifolia,"goeppertia-orbifolia|chamaedorea-elegans|pachira-aquatica",true,high-conf,true,42,
chamaedorea-elegans__01,chamaedorea-elegans,tta6,blur,blur,Parlor Palm (Chamaedorea elegans),0.7508,Calathea,0.2221,0.5287,chamaedorea-elegans,"chamaedorea-elegans|goeppertia-orbifolia|pachira-aquatica",true,high-conf,false,242,
chamaedorea-elegans__01,chamaedorea-elegans,squash,crop_center_zoom,crop,Parlor Palm (Chamaedorea elegans),0.9969,ZZ Plant (Zamioculcas zamiifolia),0.0031,0.9938,chamaedorea-elegans,"chamaedorea-elegans|zamioculcas-zamiifolia|goeppertia-orbifolia",true,high-conf,false,35,
chamaedorea-elegans__01,chamaedorea-elegans,center_crop,crop_center_zoom,crop,Parlor Palm (Chamaedorea elegans),0.9969,ZZ Plant (Zamioculcas zamiifolia),0.0031,0.9938,chamaedorea-elegans,"chamaedorea-elegans|zamioculcas-zamiifolia|goeppertia-orbifolia",true,high-conf,false,39,
chamaedorea-elegans__01,chamaedorea-elegans,tta6,crop_center_zoom,crop,Parlor Palm (Chamaedorea elegans),0.9966,ZZ Plant (Zamioculcas zamiifolia),0.0033,0.9932,chamaedorea-elegans,"chamaedorea-elegans|zamioculcas-zamiifolia|aloe-vera",true,high-conf,false,223,
chamaedorea-elegans__01,chamaedorea-elegans,squash,crop_offcenter_zoom,crop,Parlor Palm (Chamaedorea elegans),1.0000,ZZ Plant (Zamioculcas zamiifolia),0.0000,1.0000,chamaedorea-elegans,"chamaedorea-elegans|zamioculcas-zamiifolia|pachira-aquatica",true,high-conf,false,33,
chamaedorea-elegans__01,chamaedorea-elegans,center_crop,crop_offcenter_zoom,crop,Parlor Palm (Chamaedorea elegans),1.0000,ZZ Plant (Zamioculcas zamiifolia),0.0000,1.0000,chamaedorea-elegans,"chamaedorea-elegans|zamioculcas-zamiifolia|pachira-aquatica",true,high-conf,false,38,
chamaedorea-elegans__01,chamaedorea-elegans,tta6,crop_offcenter_zoom,crop,Parlor Palm (Chamaedorea elegans),0.6997,Aloe Vera,0.2997,0.4000,chamaedorea-elegans,"chamaedorea-elegans|aloe-vera|zamioculcas-zamiifolia",true,high-conf,false,247,
chamaedorea-elegans__01,chamaedorea-elegans,squash,rotate_+15,rotate,Parlor Palm (Chamaedorea elegans),0.9998,Calathea,0.0001,0.9997,chamaedorea-elegans,"chamaedorea-elegans|goeppertia-orbifolia|zamioculcas-zamiifolia",true,high-conf,false,36,
chamaedorea-elegans__01,chamaedorea-elegans,center_crop,rotate_+15,rotate,Parlor Palm (Chamaedorea elegans),0.9998,Calathea,0.0001,0.9997,chamaedorea-elegans,"chamaedorea-elegans|goeppertia-orbifolia|zamioculcas-zamiifolia",true,high-conf,false,46,
chamaedorea-elegans__01,chamaedorea-elegans,tta6,rotate_+15,rotate,Parlor Palm (Chamaedorea elegans),0.8904,Elephant Ear (Alocasia spp.),0.0852,0.8052,chamaedorea-elegans,"chamaedorea-elegans|alocasia|goeppertia-orbifolia",true,high-conf,false,219,
chamaedorea-elegans__01,chamaedorea-elegans,squash,rotate_-15,rotate,Boston Fern (Nephrolepis exaltata),0.9156,Parlor Palm (Chamaedorea elegans),0.0844,0.8313,nephrolepis-exaltata,"nephrolepis-exaltata|chamaedorea-elegans|zamioculcas-zamiifolia",true,high-conf,true,49,
chamaedorea-elegans__01,chamaedorea-elegans,center_crop,rotate_-15,rotate,Boston Fern (Nephrolepis exaltata),0.9156,Parlor Palm (Chamaedorea elegans),0.0844,0.8313,nephrolepis-exaltata,"nephrolepis-exaltata|chamaedorea-elegans|zamioculcas-zamiifolia",true,high-conf,true,49,
chamaedorea-elegans__01,chamaedorea-elegans,tta6,rotate_-15,rotate,Parlor Palm (Chamaedorea elegans),0.5773,Boston Fern (Nephrolepis exaltata),0.4216,0.1557,chamaedorea-elegans,"chamaedorea-elegans|nephrolepis-exaltata|zamioculcas-zamiifolia",true,low-conf,false,284,
chamaedorea-elegans__01,chamaedorea-elegans,squash,rotate_+90,rotate,Parlor Palm (Chamaedorea elegans),1.0000,Monstera Deliciosa (Monstera deliciosa),0.0000,1.0000,chamaedorea-elegans,"chamaedorea-elegans|monstera-deliciosa|zamioculcas-zamiifolia",true,high-conf,false,43,
chamaedorea-elegans__01,chamaedorea-elegans,center_crop,rotate_+90,rotate,Parlor Palm (Chamaedorea elegans),1.0000,Monstera Deliciosa (Monstera deliciosa),0.0000,1.0000,chamaedorea-elegans,"chamaedorea-elegans|monstera-deliciosa|zamioculcas-zamiifolia",true,high-conf,false,43,
chamaedorea-elegans__01,chamaedorea-elegans,tta6,rotate_+90,rotate,Parlor Palm (Chamaedorea elegans),1.0000,Chinese evergreen (Aglaonema),0.0000,0.9999,chamaedorea-elegans,"chamaedorea-elegans|aglaonema|pachira-aquatica",true,high-conf,false,217,
chamaedorea-elegans__01,chamaedorea-elegans,squash,rotate_-90,rotate,Parlor Palm (Chamaedorea elegans),1.0000,Monstera Deliciosa (Monstera deliciosa),0.0000,1.0000,chamaedorea-elegans,"chamaedorea-elegans|monstera-deliciosa|zamioculcas-zamiifolia",true,high-conf,false,36,
chamaedorea-elegans__01,chamaedorea-elegans,center_crop,rotate_-90,rotate,Parlor Palm (Chamaedorea elegans),1.0000,Monstera Deliciosa (Monstera deliciosa),0.0000,1.0000,chamaedorea-elegans,"chamaedorea-elegans|monstera-deliciosa|zamioculcas-zamiifolia",true,high-conf,false,38,
chamaedorea-elegans__01,chamaedorea-elegans,tta6,rotate_-90,rotate,Parlor Palm (Chamaedorea elegans),0.9999,Monstera Deliciosa (Monstera deliciosa),0.0000,0.9999,chamaedorea-elegans,"chamaedorea-elegans|monstera-deliciosa|zamioculcas-zamiifolia",true,high-conf,false,232,
chamaedorea-elegans__01,chamaedorea-elegans,squash,bright_up,brightness,Parlor Palm (Chamaedorea elegans),1.0000,Boston Fern (Nephrolepis exaltata),0.0000,1.0000,chamaedorea-elegans,"chamaedorea-elegans|nephrolepis-exaltata|aloe-vera",true,high-conf,false,41,
chamaedorea-elegans__01,chamaedorea-elegans,center_crop,bright_up,brightness,Parlor Palm (Chamaedorea elegans),1.0000,Boston Fern (Nephrolepis exaltata),0.0000,1.0000,chamaedorea-elegans,"chamaedorea-elegans|nephrolepis-exaltata|aloe-vera",true,high-conf,false,23,
chamaedorea-elegans__01,chamaedorea-elegans,tta6,bright_up,brightness,Parlor Palm (Chamaedorea elegans),0.9993,ZZ Plant (Zamioculcas zamiifolia),0.0006,0.9987,chamaedorea-elegans,"chamaedorea-elegans|zamioculcas-zamiifolia|nephrolepis-exaltata",true,high-conf,false,243,
chamaedorea-elegans__01,chamaedorea-elegans,squash,bright_down,brightness,Parlor Palm (Chamaedorea elegans),1.0000,Ponytail Palm (Beaucarnea recurvata),0.0000,1.0000,chamaedorea-elegans,"chamaedorea-elegans|beaucarnea-recurvata|zamioculcas-zamiifolia",true,high-conf,false,45,
chamaedorea-elegans__01,chamaedorea-elegans,center_crop,bright_down,brightness,Parlor Palm (Chamaedorea elegans),1.0000,Ponytail Palm (Beaucarnea recurvata),0.0000,1.0000,chamaedorea-elegans,"chamaedorea-elegans|beaucarnea-recurvata|zamioculcas-zamiifolia",true,high-conf,false,35,
chamaedorea-elegans__01,chamaedorea-elegans,tta6,bright_down,brightness,Parlor Palm (Chamaedorea elegans),1.0000,ZZ Plant (Zamioculcas zamiifolia),0.0000,0.9999,chamaedorea-elegans,"chamaedorea-elegans|zamioculcas-zamiifolia|beaucarnea-recurvata",true,high-conf,false,227,
chamaedorea-elegans__01,chamaedorea-elegans,squash,contrast_up,contrast,Parlor Palm (Chamaedorea elegans),1.0000,Boston Fern (Nephrolepis exaltata),0.0000,1.0000,chamaedorea-elegans,"chamaedorea-elegans|nephrolepis-exaltata|goeppertia-orbifolia",true,high-conf,false,38,
chamaedorea-elegans__01,chamaedorea-elegans,center_crop,contrast_up,contrast,Parlor Palm (Chamaedorea elegans),1.0000,Boston Fern (Nephrolepis exaltata),0.0000,1.0000,chamaedorea-elegans,"chamaedorea-elegans|nephrolepis-exaltata|goeppertia-orbifolia",true,high-conf,false,48,
chamaedorea-elegans__01,chamaedorea-elegans,tta6,contrast_up,contrast,Parlor Palm (Chamaedorea elegans),1.0000,ZZ Plant (Zamioculcas zamiifolia),0.0000,1.0000,chamaedorea-elegans,"chamaedorea-elegans|zamioculcas-zamiifolia|nephrolepis-exaltata",true,high-conf,false,217,
chamaedorea-elegans__01,chamaedorea-elegans,squash,contrast_down,contrast,Parlor Palm (Chamaedorea elegans),1.0000,ZZ Plant (Zamioculcas zamiifolia),0.0000,1.0000,chamaedorea-elegans,"chamaedorea-elegans|zamioculcas-zamiifolia|beaucarnea-recurvata",true,high-conf,false,36,
chamaedorea-elegans__01,chamaedorea-elegans,center_crop,contrast_down,contrast,Parlor Palm (Chamaedorea elegans),1.0000,ZZ Plant (Zamioculcas zamiifolia),0.0000,1.0000,chamaedorea-elegans,"chamaedorea-elegans|zamioculcas-zamiifolia|beaucarnea-recurvata",true,high-conf,false,35,
chamaedorea-elegans__01,chamaedorea-elegans,tta6,contrast_down,contrast,Parlor Palm (Chamaedorea elegans),0.9993,ZZ Plant (Zamioculcas zamiifolia),0.0006,0.9988,chamaedorea-elegans,"chamaedorea-elegans|zamioculcas-zamiifolia|nephrolepis-exaltata",true,high-conf,false,229,
chamaedorea-elegans__02,chamaedorea-elegans,squash,clean,clean,Dracaena,0.9145,Parlor Palm (Chamaedorea elegans),0.0732,0.8413,dracaena,"dracaena|chamaedorea-elegans|zamioculcas-zamiifolia",true,high-conf,true,41,
chamaedorea-elegans__02,chamaedorea-elegans,center_crop,clean,clean,Dracaena,0.9145,Parlor Palm (Chamaedorea elegans),0.0732,0.8413,dracaena,"dracaena|chamaedorea-elegans|zamioculcas-zamiifolia",true,high-conf,true,33,
chamaedorea-elegans__02,chamaedorea-elegans,tta6,clean,clean,Dracaena,0.7245,Parlor Palm (Chamaedorea elegans),0.1272,0.5973,dracaena,"dracaena|chamaedorea-elegans|monstera-deliciosa",true,high-conf,true,201,
chamaedorea-elegans__02,chamaedorea-elegans,squash,blur,blur,Parlor Palm (Chamaedorea elegans),0.9971,ZZ Plant (Zamioculcas zamiifolia),0.0028,0.9943,chamaedorea-elegans,"chamaedorea-elegans|zamioculcas-zamiifolia|dracaena",true,high-conf,false,40,
chamaedorea-elegans__02,chamaedorea-elegans,center_crop,blur,blur,Parlor Palm (Chamaedorea elegans),0.9971,ZZ Plant (Zamioculcas zamiifolia),0.0028,0.9943,chamaedorea-elegans,"chamaedorea-elegans|zamioculcas-zamiifolia|dracaena",true,high-conf,false,47,
chamaedorea-elegans__02,chamaedorea-elegans,tta6,blur,blur,Parlor Palm (Chamaedorea elegans),0.8052,Calathea,0.1801,0.6251,chamaedorea-elegans,"chamaedorea-elegans|goeppertia-orbifolia|maranta-leuconeura",true,high-conf,false,237,
chamaedorea-elegans__02,chamaedorea-elegans,squash,crop_center_zoom,crop,Dracaena,0.9915,Parlor Palm (Chamaedorea elegans),0.0036,0.9879,dracaena,"dracaena|chamaedorea-elegans|ficus-elastica",true,high-conf,true,35,
chamaedorea-elegans__02,chamaedorea-elegans,center_crop,crop_center_zoom,crop,Dracaena,0.9915,Parlor Palm (Chamaedorea elegans),0.0036,0.9879,dracaena,"dracaena|chamaedorea-elegans|ficus-elastica",true,high-conf,true,31,
chamaedorea-elegans__02,chamaedorea-elegans,tta6,crop_center_zoom,crop,Dracaena,0.5582,Rubber Plant (Ficus elastica),0.1672,0.3910,dracaena,"dracaena|ficus-elastica|chamaedorea-elegans",true,high-conf,true,204,
chamaedorea-elegans__02,chamaedorea-elegans,squash,crop_offcenter_zoom,crop,ZZ Plant (Zamioculcas zamiifolia),0.8600,Rubber Plant (Ficus elastica),0.0930,0.7669,zamioculcas-zamiifolia,"zamioculcas-zamiifolia|ficus-elastica|dracaena",true,high-conf,true,36,
chamaedorea-elegans__02,chamaedorea-elegans,center_crop,crop_offcenter_zoom,crop,ZZ Plant (Zamioculcas zamiifolia),0.8600,Rubber Plant (Ficus elastica),0.0930,0.7669,zamioculcas-zamiifolia,"zamioculcas-zamiifolia|ficus-elastica|dracaena",true,high-conf,true,35,
chamaedorea-elegans__02,chamaedorea-elegans,tta6,crop_offcenter_zoom,crop,Rubber Plant (Ficus elastica),0.3468,ZZ Plant (Zamioculcas zamiifolia),0.2949,0.0519,ficus-elastica,"ficus-elastica|zamioculcas-zamiifolia|dracaena",true,low-conf,false,226,
chamaedorea-elegans__02,chamaedorea-elegans,squash,rotate_+15,rotate,Parlor Palm (Chamaedorea elegans),0.3345,ZZ Plant (Zamioculcas zamiifolia),0.2595,0.0750,chamaedorea-elegans,"chamaedorea-elegans|zamioculcas-zamiifolia|spathiphyllum-wallisii",true,low-conf,false,91,
chamaedorea-elegans__02,chamaedorea-elegans,center_crop,rotate_+15,rotate,Parlor Palm (Chamaedorea elegans),0.3345,ZZ Plant (Zamioculcas zamiifolia),0.2595,0.0750,chamaedorea-elegans,"chamaedorea-elegans|zamioculcas-zamiifolia|spathiphyllum-wallisii",true,low-conf,false,72,
chamaedorea-elegans__02,chamaedorea-elegans,tta6,rotate_+15,rotate,Peace lily,0.2805,Parlor Palm (Chamaedorea elegans),0.2720,0.0085,spathiphyllum-wallisii,"spathiphyllum-wallisii|chamaedorea-elegans|dracaena",true,low-conf,false,266,
chamaedorea-elegans__02,chamaedorea-elegans,squash,rotate_-15,rotate,Monstera Deliciosa (Monstera deliciosa),0.7388,Peace lily,0.2463,0.4924,monstera-deliciosa,"monstera-deliciosa|spathiphyllum-wallisii|dracaena",true,high-conf,true,35,
chamaedorea-elegans__02,chamaedorea-elegans,center_crop,rotate_-15,rotate,Monstera Deliciosa (Monstera deliciosa),0.7388,Peace lily,0.2463,0.4924,monstera-deliciosa,"monstera-deliciosa|spathiphyllum-wallisii|dracaena",true,high-conf,true,35,
chamaedorea-elegans__02,chamaedorea-elegans,tta6,rotate_-15,rotate,Dracaena,0.3316,Monstera Deliciosa (Monstera deliciosa),0.2520,0.0795,dracaena,"dracaena|monstera-deliciosa|tradescantia",true,low-conf,false,262,
chamaedorea-elegans__02,chamaedorea-elegans,squash,rotate_+90,rotate,Rubber Plant (Ficus elastica),0.6946,Jade plant (Crassula ovata),0.0838,0.6108,ficus-elastica,"ficus-elastica|crassula-ovata|yucca",true,high-conf,true,34,
chamaedorea-elegans__02,chamaedorea-elegans,center_crop,rotate_+90,rotate,Rubber Plant (Ficus elastica),0.6946,Jade plant (Crassula ovata),0.0838,0.6108,ficus-elastica,"ficus-elastica|crassula-ovata|yucca",true,high-conf,true,35,
chamaedorea-elegans__02,chamaedorea-elegans,tta6,rotate_+90,rotate,Rubber Plant (Ficus elastica),0.2943,Dracaena,0.2016,0.0927,ficus-elastica,"ficus-elastica|dracaena|zamioculcas-zamiifolia",true,low-conf,false,219,
chamaedorea-elegans__02,chamaedorea-elegans,squash,rotate_-90,rotate,ZZ Plant (Zamioculcas zamiifolia),0.5700,Monstera Deliciosa (Monstera deliciosa),0.3458,0.2242,zamioculcas-zamiifolia,"zamioculcas-zamiifolia|monstera-deliciosa|aloe-vera",true,low-conf,false,38,
chamaedorea-elegans__02,chamaedorea-elegans,center_crop,rotate_-90,rotate,ZZ Plant (Zamioculcas zamiifolia),0.5700,Monstera Deliciosa (Monstera deliciosa),0.3458,0.2242,zamioculcas-zamiifolia,"zamioculcas-zamiifolia|monstera-deliciosa|aloe-vera",true,low-conf,false,32,
chamaedorea-elegans__02,chamaedorea-elegans,tta6,rotate_-90,rotate,Dracaena,0.3628,ZZ Plant (Zamioculcas zamiifolia),0.1945,0.1682,dracaena,"dracaena|zamioculcas-zamiifolia|beaucarnea-recurvata",true,low-conf,false,223,
chamaedorea-elegans__02,chamaedorea-elegans,squash,bright_up,brightness,Dracaena,0.9350,Parlor Palm (Chamaedorea elegans),0.0392,0.8959,dracaena,"dracaena|chamaedorea-elegans|zamioculcas-zamiifolia",true,high-conf,true,39,
chamaedorea-elegans__02,chamaedorea-elegans,center_crop,bright_up,brightness,Dracaena,0.9350,Parlor Palm (Chamaedorea elegans),0.0392,0.8959,dracaena,"dracaena|chamaedorea-elegans|zamioculcas-zamiifolia",true,high-conf,true,45,
chamaedorea-elegans__02,chamaedorea-elegans,tta6,bright_up,brightness,Dracaena,0.7395,Parlor Palm (Chamaedorea elegans),0.0929,0.6466,dracaena,"dracaena|chamaedorea-elegans|monstera-deliciosa",true,high-conf,true,253,
chamaedorea-elegans__02,chamaedorea-elegans,squash,bright_down,brightness,Dracaena,0.9755,Parlor Palm (Chamaedorea elegans),0.0126,0.9629,dracaena,"dracaena|chamaedorea-elegans|zamioculcas-zamiifolia",true,high-conf,true,35,
chamaedorea-elegans__02,chamaedorea-elegans,center_crop,bright_down,brightness,Dracaena,0.9755,Parlor Palm (Chamaedorea elegans),0.0126,0.9629,dracaena,"dracaena|chamaedorea-elegans|zamioculcas-zamiifolia",true,high-conf,true,37,
chamaedorea-elegans__02,chamaedorea-elegans,tta6,bright_down,brightness,Dracaena,0.7683,Rubber Plant (Ficus elastica),0.0871,0.6812,dracaena,"dracaena|ficus-elastica|monstera-deliciosa",true,high-conf,true,228,
chamaedorea-elegans__02,chamaedorea-elegans,squash,contrast_up,contrast,Dracaena,0.9494,Parlor Palm (Chamaedorea elegans),0.0435,0.9059,dracaena,"dracaena|chamaedorea-elegans|zamioculcas-zamiifolia",true,high-conf,true,29,
chamaedorea-elegans__02,chamaedorea-elegans,center_crop,contrast_up,contrast,Dracaena,0.9494,Parlor Palm (Chamaedorea elegans),0.0435,0.9059,dracaena,"dracaena|chamaedorea-elegans|zamioculcas-zamiifolia",true,high-conf,true,45,
chamaedorea-elegans__02,chamaedorea-elegans,tta6,contrast_up,contrast,Dracaena,0.6800,Monstera Deliciosa (Monstera deliciosa),0.1764,0.5036,dracaena,"dracaena|monstera-deliciosa|chamaedorea-elegans",true,high-conf,true,221,
chamaedorea-elegans__02,chamaedorea-elegans,squash,contrast_down,contrast,Dracaena,0.9832,Parlor Palm (Chamaedorea elegans),0.0154,0.9678,dracaena,"dracaena|chamaedorea-elegans|zamioculcas-zamiifolia",true,high-conf,true,46,
chamaedorea-elegans__02,chamaedorea-elegans,center_crop,contrast_down,contrast,Dracaena,0.9832,Parlor Palm (Chamaedorea elegans),0.0154,0.9678,dracaena,"dracaena|chamaedorea-elegans|zamioculcas-zamiifolia",true,high-conf,true,61,
chamaedorea-elegans__02,chamaedorea-elegans,tta6,contrast_down,contrast,Dracaena,0.5642,Parlor Palm (Chamaedorea elegans),0.2378,0.3264,dracaena,"dracaena|chamaedorea-elegans|monstera-deliciosa",true,high-conf,true,268,
crassula-ovata,crassula-ovata,squash,clean,clean,Jade plant (Crassula ovata),0.5825,Money Tree (Pachira aquatica),0.4173,0.1652,crassula-ovata,"crassula-ovata|pachira-aquatica|tradescantia",true,low-conf,false,48,
crassula-ovata,crassula-ovata,center_crop,clean,clean,Jade plant (Crassula ovata),0.5825,Money Tree (Pachira aquatica),0.4173,0.1652,crassula-ovata,"crassula-ovata|pachira-aquatica|tradescantia",true,low-conf,false,42,
crassula-ovata,crassula-ovata,tta6,clean,clean,Jade plant (Crassula ovata),0.8596,Money Tree (Pachira aquatica),0.1403,0.7193,crassula-ovata,"crassula-ovata|pachira-aquatica|tradescantia",true,high-conf,false,245,
crassula-ovata,crassula-ovata,squash,blur,blur,Money Tree (Pachira aquatica),0.8322,Jade plant (Crassula ovata),0.1241,0.7082,pachira-aquatica,"pachira-aquatica|crassula-ovata|schlumbergera-bridgesii",true,high-conf,true,45,
crassula-ovata,crassula-ovata,center_crop,blur,blur,Money Tree (Pachira aquatica),0.8322,Jade plant (Crassula ovata),0.1241,0.7082,pachira-aquatica,"pachira-aquatica|crassula-ovata|schlumbergera-bridgesii",true,high-conf,true,39,
crassula-ovata,crassula-ovata,tta6,blur,blur,Money Tree (Pachira aquatica),0.7400,Jade plant (Crassula ovata),0.2446,0.4954,pachira-aquatica,"pachira-aquatica|crassula-ovata|schlumbergera-bridgesii",true,high-conf,true,285,
crassula-ovata,crassula-ovata,squash,crop_center_zoom,crop,Jade plant (Crassula ovata),0.9982,Money Tree (Pachira aquatica),0.0018,0.9964,crassula-ovata,"crassula-ovata|pachira-aquatica|tradescantia",true,high-conf,false,79,
crassula-ovata,crassula-ovata,center_crop,crop_center_zoom,crop,Jade plant (Crassula ovata),0.9982,Money Tree (Pachira aquatica),0.0018,0.9964,crassula-ovata,"crassula-ovata|pachira-aquatica|tradescantia",true,high-conf,false,98,
crassula-ovata,crassula-ovata,tta6,crop_center_zoom,crop,Jade plant (Crassula ovata),0.9994,Money Tree (Pachira aquatica),0.0006,0.9988,crassula-ovata,"crassula-ovata|pachira-aquatica|tradescantia",true,high-conf,false,431,
crassula-ovata,crassula-ovata,squash,crop_offcenter_zoom,crop,Jade plant (Crassula ovata),1.0000,Money Tree (Pachira aquatica),0.0000,1.0000,crassula-ovata,"crassula-ovata|pachira-aquatica|tradescantia",true,high-conf,false,82,
crassula-ovata,crassula-ovata,center_crop,crop_offcenter_zoom,crop,Jade plant (Crassula ovata),1.0000,Money Tree (Pachira aquatica),0.0000,1.0000,crassula-ovata,"crassula-ovata|pachira-aquatica|tradescantia",true,high-conf,false,58,
crassula-ovata,crassula-ovata,tta6,crop_offcenter_zoom,crop,Jade plant (Crassula ovata),1.0000,Money Tree (Pachira aquatica),0.0000,1.0000,crassula-ovata,"crassula-ovata|pachira-aquatica|tradescantia",true,high-conf,false,463,
crassula-ovata,crassula-ovata,squash,rotate_+15,rotate,Jade plant (Crassula ovata),0.9986,Money Tree (Pachira aquatica),0.0013,0.9973,crassula-ovata,"crassula-ovata|pachira-aquatica|pilea-peperomioides",true,high-conf,false,80,
crassula-ovata,crassula-ovata,center_crop,rotate_+15,rotate,Jade plant (Crassula ovata),0.9986,Money Tree (Pachira aquatica),0.0013,0.9973,crassula-ovata,"crassula-ovata|pachira-aquatica|pilea-peperomioides",true,high-conf,false,53,
crassula-ovata,crassula-ovata,tta6,rotate_+15,rotate,Jade plant (Crassula ovata),0.9984,Money Tree (Pachira aquatica),0.0016,0.9968,crassula-ovata,"crassula-ovata|pachira-aquatica|tradescantia",true,high-conf,false,328,
crassula-ovata,crassula-ovata,squash,rotate_-15,rotate,Jade plant (Crassula ovata),0.9609,Money Tree (Pachira aquatica),0.0283,0.9326,crassula-ovata,"crassula-ovata|pachira-aquatica|pilea-peperomioides",true,high-conf,false,75,
crassula-ovata,crassula-ovata,center_crop,rotate_-15,rotate,Jade plant (Crassula ovata),0.9609,Money Tree (Pachira aquatica),0.0283,0.9326,crassula-ovata,"crassula-ovata|pachira-aquatica|pilea-peperomioides",true,high-conf,false,73,
crassula-ovata,crassula-ovata,tta6,rotate_-15,rotate,Jade plant (Crassula ovata),0.9852,Money Tree (Pachira aquatica),0.0110,0.9742,crassula-ovata,"crassula-ovata|pachira-aquatica|pilea-peperomioides",true,high-conf,false,372,
crassula-ovata,crassula-ovata,squash,rotate_+90,rotate,Jade plant (Crassula ovata),1.0000,Money Tree (Pachira aquatica),0.0000,1.0000,crassula-ovata,"crassula-ovata|pachira-aquatica|kalanchoe",true,high-conf,false,45,
crassula-ovata,crassula-ovata,center_crop,rotate_+90,rotate,Jade plant (Crassula ovata),1.0000,Money Tree (Pachira aquatica),0.0000,1.0000,crassula-ovata,"crassula-ovata|pachira-aquatica|kalanchoe",true,high-conf,false,40,
crassula-ovata,crassula-ovata,tta6,rotate_+90,rotate,Jade plant (Crassula ovata),0.9999,Money Tree (Pachira aquatica),0.0001,0.9998,crassula-ovata,"crassula-ovata|pachira-aquatica|kalanchoe",true,high-conf,false,263,
crassula-ovata,crassula-ovata,squash,rotate_-90,rotate,Jade plant (Crassula ovata),0.9797,Money Tree (Pachira aquatica),0.0200,0.9598,crassula-ovata,"crassula-ovata|pachira-aquatica|kalanchoe",true,high-conf,false,40,
crassula-ovata,crassula-ovata,center_crop,rotate_-90,rotate,Jade plant (Crassula ovata),0.9797,Money Tree (Pachira aquatica),0.0200,0.9598,crassula-ovata,"crassula-ovata|pachira-aquatica|kalanchoe",true,high-conf,false,36,
crassula-ovata,crassula-ovata,tta6,rotate_-90,rotate,Jade plant (Crassula ovata),0.9898,Money Tree (Pachira aquatica),0.0101,0.9797,crassula-ovata,"crassula-ovata|pachira-aquatica|pilea-peperomioides",true,high-conf,false,235,
crassula-ovata,crassula-ovata,squash,bright_up,brightness,Jade plant (Crassula ovata),0.9925,Money Tree (Pachira aquatica),0.0075,0.9850,crassula-ovata,"crassula-ovata|pachira-aquatica|tradescantia",true,high-conf,false,51,
crassula-ovata,crassula-ovata,center_crop,bright_up,brightness,Jade plant (Crassula ovata),0.9925,Money Tree (Pachira aquatica),0.0075,0.9850,crassula-ovata,"crassula-ovata|pachira-aquatica|tradescantia",true,high-conf,false,45,
crassula-ovata,crassula-ovata,tta6,bright_up,brightness,Jade plant (Crassula ovata),0.9975,Money Tree (Pachira aquatica),0.0025,0.9950,crassula-ovata,"crassula-ovata|pachira-aquatica|tradescantia",true,high-conf,false,449,
crassula-ovata,crassula-ovata,squash,bright_down,brightness,Jade plant (Crassula ovata),0.5590,Money Tree (Pachira aquatica),0.4410,0.1180,crassula-ovata,"crassula-ovata|pachira-aquatica|tradescantia",true,low-conf,false,59,
crassula-ovata,crassula-ovata,center_crop,bright_down,brightness,Jade plant (Crassula ovata),0.5590,Money Tree (Pachira aquatica),0.4410,0.1180,crassula-ovata,"crassula-ovata|pachira-aquatica|tradescantia",true,low-conf,false,36,
crassula-ovata,crassula-ovata,tta6,bright_down,brightness,Jade plant (Crassula ovata),0.8260,Money Tree (Pachira aquatica),0.1740,0.6521,crassula-ovata,"crassula-ovata|pachira-aquatica|tradescantia",true,high-conf,false,228,
crassula-ovata,crassula-ovata,squash,contrast_up,contrast,Jade plant (Crassula ovata),0.9793,Money Tree (Pachira aquatica),0.0207,0.9585,crassula-ovata,"crassula-ovata|pachira-aquatica|schefflera",true,high-conf,false,44,
crassula-ovata,crassula-ovata,center_crop,contrast_up,contrast,Jade plant (Crassula ovata),0.9793,Money Tree (Pachira aquatica),0.0207,0.9585,crassula-ovata,"crassula-ovata|pachira-aquatica|schefflera",true,high-conf,false,35,
crassula-ovata,crassula-ovata,tta6,contrast_up,contrast,Jade plant (Crassula ovata),0.9931,Money Tree (Pachira aquatica),0.0069,0.9862,crassula-ovata,"crassula-ovata|pachira-aquatica|schefflera",true,high-conf,false,216,
crassula-ovata,crassula-ovata,squash,contrast_down,contrast,Money Tree (Pachira aquatica),0.6504,Jade plant (Crassula ovata),0.3493,0.3011,pachira-aquatica,"pachira-aquatica|crassula-ovata|tradescantia",true,high-conf,true,32,
crassula-ovata,crassula-ovata,center_crop,contrast_down,contrast,Money Tree (Pachira aquatica),0.6504,Jade plant (Crassula ovata),0.3493,0.3011,pachira-aquatica,"pachira-aquatica|crassula-ovata|tradescantia",true,high-conf,true,35,
crassula-ovata,crassula-ovata,tta6,contrast_down,contrast,Jade plant (Crassula ovata),0.7810,Money Tree (Pachira aquatica),0.2189,0.5622,crassula-ovata,"crassula-ovata|pachira-aquatica|tradescantia",true,high-conf,false,288,
crassula-ovata__01,crassula-ovata,squash,clean,clean,Snake plant (Sanseviera),0.7235,ZZ Plant (Zamioculcas zamiifolia),0.2575,0.4660,dracaena-trifasciata,"dracaena-trifasciata|zamioculcas-zamiifolia|crassula-ovata",true,high-conf,true,35,
crassula-ovata__01,crassula-ovata,center_crop,clean,clean,Snake plant (Sanseviera),0.7235,ZZ Plant (Zamioculcas zamiifolia),0.2575,0.4660,dracaena-trifasciata,"dracaena-trifasciata|zamioculcas-zamiifolia|crassula-ovata",true,high-conf,true,49,
crassula-ovata__01,crassula-ovata,tta6,clean,clean,Snake plant (Sanseviera),0.5837,ZZ Plant (Zamioculcas zamiifolia),0.4089,0.1748,dracaena-trifasciata,"dracaena-trifasciata|zamioculcas-zamiifolia|crassula-ovata",true,low-conf,false,259,
crassula-ovata__01,crassula-ovata,squash,blur,blur,Snake plant (Sanseviera),0.9912,ZZ Plant (Zamioculcas zamiifolia),0.0088,0.9823,dracaena-trifasciata,"dracaena-trifasciata|zamioculcas-zamiifolia|schlumbergera-bridgesii",true,high-conf,true,40,
crassula-ovata__01,crassula-ovata,center_crop,blur,blur,Snake plant (Sanseviera),0.9912,ZZ Plant (Zamioculcas zamiifolia),0.0088,0.9823,dracaena-trifasciata,"dracaena-trifasciata|zamioculcas-zamiifolia|schlumbergera-bridgesii",true,high-conf,true,36,
crassula-ovata__01,crassula-ovata,tta6,blur,blur,Snake plant (Sanseviera),0.6714,ZZ Plant (Zamioculcas zamiifolia),0.3198,0.3516,dracaena-trifasciata,"dracaena-trifasciata|zamioculcas-zamiifolia|pachira-aquatica",true,high-conf,true,250,
crassula-ovata__01,crassula-ovata,squash,crop_center_zoom,crop,Snake plant (Sanseviera),0.9885,ZZ Plant (Zamioculcas zamiifolia),0.0115,0.9770,dracaena-trifasciata,"dracaena-trifasciata|zamioculcas-zamiifolia|monstera-deliciosa",true,high-conf,true,32,
crassula-ovata__01,crassula-ovata,center_crop,crop_center_zoom,crop,Snake plant (Sanseviera),0.9885,ZZ Plant (Zamioculcas zamiifolia),0.0115,0.9770,dracaena-trifasciata,"dracaena-trifasciata|zamioculcas-zamiifolia|monstera-deliciosa",true,high-conf,true,50,
crassula-ovata__01,crassula-ovata,tta6,crop_center_zoom,crop,Snake plant (Sanseviera),0.5421,ZZ Plant (Zamioculcas zamiifolia),0.3833,0.1588,dracaena-trifasciata,"dracaena-trifasciata|zamioculcas-zamiifolia|pachira-aquatica",true,low-conf,false,241,
crassula-ovata__01,crassula-ovata,squash,crop_offcenter_zoom,crop,ZZ Plant (Zamioculcas zamiifolia),0.9868,Snake plant (Sanseviera),0.0109,0.9759,zamioculcas-zamiifolia,"zamioculcas-zamiifolia|dracaena-trifasciata|pachira-aquatica",true,high-conf,true,35,
crassula-ovata__01,crassula-ovata,center_crop,crop_offcenter_zoom,crop,ZZ Plant (Zamioculcas zamiifolia),0.9868,Snake plant (Sanseviera),0.0109,0.9759,zamioculcas-zamiifolia,"zamioculcas-zamiifolia|dracaena-trifasciata|pachira-aquatica",true,high-conf,true,43,
crassula-ovata__01,crassula-ovata,tta6,crop_offcenter_zoom,crop,Money Tree (Pachira aquatica),0.5183,ZZ Plant (Zamioculcas zamiifolia),0.4772,0.0411,pachira-aquatica,"pachira-aquatica|zamioculcas-zamiifolia|dracaena-trifasciata",true,low-conf,false,221,
crassula-ovata__01,crassula-ovata,squash,rotate_+15,rotate,Snake plant (Sanseviera),0.9987,ZZ Plant (Zamioculcas zamiifolia),0.0011,0.9976,dracaena-trifasciata,"dracaena-trifasciata|zamioculcas-zamiifolia|monstera-deliciosa",true,high-conf,true,38,
crassula-ovata__01,crassula-ovata,center_crop,rotate_+15,rotate,Snake plant (Sanseviera),0.9987,ZZ Plant (Zamioculcas zamiifolia),0.0011,0.9976,dracaena-trifasciata,"dracaena-trifasciata|zamioculcas-zamiifolia|monstera-deliciosa",true,high-conf,true,39,
crassula-ovata__01,crassula-ovata,tta6,rotate_+15,rotate,Snake plant (Sanseviera),0.7410,ZZ Plant (Zamioculcas zamiifolia),0.2550,0.4860,dracaena-trifasciata,"dracaena-trifasciata|zamioculcas-zamiifolia|monstera-deliciosa",true,high-conf,true,222,
crassula-ovata__01,crassula-ovata,squash,rotate_-15,rotate,Snake plant (Sanseviera),0.9995,ZZ Plant (Zamioculcas zamiifolia),0.0005,0.9990,dracaena-trifasciata,"dracaena-trifasciata|zamioculcas-zamiifolia|monstera-deliciosa",true,high-conf,true,35,
crassula-ovata__01,crassula-ovata,center_crop,rotate_-15,rotate,Snake plant (Sanseviera),0.9995,ZZ Plant (Zamioculcas zamiifolia),0.0005,0.9990,dracaena-trifasciata,"dracaena-trifasciata|zamioculcas-zamiifolia|monstera-deliciosa",true,high-conf,true,35,
crassula-ovata__01,crassula-ovata,tta6,rotate_-15,rotate,Snake plant (Sanseviera),0.9840,ZZ Plant (Zamioculcas zamiifolia),0.0112,0.9728,dracaena-trifasciata,"dracaena-trifasciata|zamioculcas-zamiifolia|monstera-deliciosa",true,high-conf,true,222,
crassula-ovata__01,crassula-ovata,squash,rotate_+90,rotate,Snake plant (Sanseviera),0.9659,ZZ Plant (Zamioculcas zamiifolia),0.0300,0.9359,dracaena-trifasciata,"dracaena-trifasciata|zamioculcas-zamiifolia|monstera-deliciosa",true,high-conf,true,42,
crassula-ovata__01,crassula-ovata,center_crop,rotate_+90,rotate,Snake plant (Sanseviera),0.9659,ZZ Plant (Zamioculcas zamiifolia),0.0300,0.9359,dracaena-trifasciata,"dracaena-trifasciata|zamioculcas-zamiifolia|monstera-deliciosa",true,high-conf,true,34,
crassula-ovata__01,crassula-ovata,tta6,rotate_+90,rotate,Snake plant (Sanseviera),0.7628,ZZ Plant (Zamioculcas zamiifolia),0.2066,0.5562,dracaena-trifasciata,"dracaena-trifasciata|zamioculcas-zamiifolia|pilea-peperomioides",true,high-conf,true,254,
crassula-ovata__01,crassula-ovata,squash,rotate_-90,rotate,Snake plant (Sanseviera),0.9923,Monstera Deliciosa (Monstera deliciosa),0.0046,0.9877,dracaena-trifasciata,"dracaena-trifasciata|monstera-deliciosa|zamioculcas-zamiifolia",true,high-conf,true,35,
crassula-ovata__01,crassula-ovata,center_crop,rotate_-90,rotate,Snake plant (Sanseviera),0.9923,Monstera Deliciosa (Monstera deliciosa),0.0046,0.9877,dracaena-trifasciata,"dracaena-trifasciata|monstera-deliciosa|zamioculcas-zamiifolia",true,high-conf,true,32,
crassula-ovata__01,crassula-ovata,tta6,rotate_-90,rotate,Snake plant (Sanseviera),0.9368,ZZ Plant (Zamioculcas zamiifolia),0.0456,0.8913,dracaena-trifasciata,"dracaena-trifasciata|zamioculcas-zamiifolia|pachira-aquatica",true,high-conf,true,219,
crassula-ovata__01,crassula-ovata,squash,bright_up,brightness,Snake plant (Sanseviera),0.6081,ZZ Plant (Zamioculcas zamiifolia),0.3890,0.2191,dracaena-trifasciata,"dracaena-trifasciata|zamioculcas-zamiifolia|monstera-deliciosa",true,low-conf,false,56,
crassula-ovata__01,crassula-ovata,center_crop,bright_up,brightness,Snake plant (Sanseviera),0.6081,ZZ Plant (Zamioculcas zamiifolia),0.3890,0.2191,dracaena-trifasciata,"dracaena-trifasciata|zamioculcas-zamiifolia|monstera-deliciosa",true,low-conf,false,33,
crassula-ovata__01,crassula-ovata,tta6,bright_up,brightness,ZZ Plant (Zamioculcas zamiifolia),0.5363,Snake plant (Sanseviera),0.4624,0.0739,zamioculcas-zamiifolia,"zamioculcas-zamiifolia|dracaena-trifasciata|monstera-deliciosa",true,low-conf,false,214,
crassula-ovata__01,crassula-ovata,squash,bright_down,brightness,Snake plant (Sanseviera),0.5584,ZZ Plant (Zamioculcas zamiifolia),0.4414,0.1170,dracaena-trifasciata,"dracaena-trifasciata|zamioculcas-zamiifolia|hedera-helix",true,low-conf,false,50,
crassula-ovata__01,crassula-ovata,center_crop,bright_down,brightness,Snake plant (Sanseviera),0.5584,ZZ Plant (Zamioculcas zamiifolia),0.4414,0.1170,dracaena-trifasciata,"dracaena-trifasciata|zamioculcas-zamiifolia|hedera-helix",true,low-conf,false,36,
crassula-ovata__01,crassula-ovata,tta6,bright_down,brightness,ZZ Plant (Zamioculcas zamiifolia),0.6368,Snake plant (Sanseviera),0.3629,0.2739,zamioculcas-zamiifolia,"zamioculcas-zamiifolia|dracaena-trifasciata|monstera-deliciosa",true,low-conf,false,220,
crassula-ovata__01,crassula-ovata,squash,contrast_up,contrast,ZZ Plant (Zamioculcas zamiifolia),0.9967,Snake plant (Sanseviera),0.0031,0.9936,zamioculcas-zamiifolia,"zamioculcas-zamiifolia|dracaena-trifasciata|monstera-deliciosa",true,high-conf,true,46,
crassula-ovata__01,crassula-ovata,center_crop,contrast_up,contrast,ZZ Plant (Zamioculcas zamiifolia),0.9967,Snake plant (Sanseviera),0.0031,0.9936,zamioculcas-zamiifolia,"zamioculcas-zamiifolia|dracaena-trifasciata|monstera-deliciosa",true,high-conf,true,48,
crassula-ovata__01,crassula-ovata,tta6,contrast_up,contrast,ZZ Plant (Zamioculcas zamiifolia),0.7319,Snake plant (Sanseviera),0.2629,0.4690,zamioculcas-zamiifolia,"zamioculcas-zamiifolia|dracaena-trifasciata|monstera-deliciosa",true,high-conf,true,246,
crassula-ovata__01,crassula-ovata,squash,contrast_down,contrast,ZZ Plant (Zamioculcas zamiifolia),0.7475,Snake plant (Sanseviera),0.2524,0.4951,zamioculcas-zamiifolia,"zamioculcas-zamiifolia|dracaena-trifasciata|monstera-deliciosa",true,high-conf,true,46,
crassula-ovata__01,crassula-ovata,center_crop,contrast_down,contrast,ZZ Plant (Zamioculcas zamiifolia),0.7475,Snake plant (Sanseviera),0.2524,0.4951,zamioculcas-zamiifolia,"zamioculcas-zamiifolia|dracaena-trifasciata|monstera-deliciosa",true,high-conf,true,38,
crassula-ovata__01,crassula-ovata,tta6,contrast_down,contrast,ZZ Plant (Zamioculcas zamiifolia),0.6696,Snake plant (Sanseviera),0.3303,0.3393,zamioculcas-zamiifolia,"zamioculcas-zamiifolia|dracaena-trifasciata|monstera-deliciosa",true,high-conf,true,237,
ctenanthe__01,ctenanthe,squash,clean,clean,Calathea,1.0000,Ctenanthe,0.0000,1.0000,goeppertia-orbifolia,"goeppertia-orbifolia|ctenanthe|tradescantia",true,high-conf,true,36,
ctenanthe__01,ctenanthe,center_crop,clean,clean,Calathea,1.0000,Ctenanthe,0.0000,1.0000,goeppertia-orbifolia,"goeppertia-orbifolia|ctenanthe|tradescantia",true,high-conf,true,48,
ctenanthe__01,ctenanthe,tta6,clean,clean,Calathea,1.0000,Money Tree (Pachira aquatica),0.0000,1.0000,goeppertia-orbifolia,"goeppertia-orbifolia|pachira-aquatica|nephrolepis-exaltata",true,high-conf,true,229,
ctenanthe__01,ctenanthe,squash,blur,blur,Calathea,1.0000,Birds Nest Fern (Asplenium nidus),0.0000,1.0000,goeppertia-orbifolia,"goeppertia-orbifolia|asplenium-nidus|spathiphyllum-wallisii",true,high-conf,true,44,
ctenanthe__01,ctenanthe,center_crop,blur,blur,Calathea,1.0000,Birds Nest Fern (Asplenium nidus),0.0000,1.0000,goeppertia-orbifolia,"goeppertia-orbifolia|asplenium-nidus|spathiphyllum-wallisii",true,high-conf,true,41,
ctenanthe__01,ctenanthe,tta6,blur,blur,Calathea,1.0000,Money Tree (Pachira aquatica),0.0000,1.0000,goeppertia-orbifolia,"goeppertia-orbifolia|pachira-aquatica|alocasia",true,high-conf,true,260,
ctenanthe__01,ctenanthe,squash,crop_center_zoom,crop,Calathea,1.0000,Schefflera,0.0000,1.0000,goeppertia-orbifolia,"goeppertia-orbifolia|schefflera|pachira-aquatica",true,high-conf,true,64,
ctenanthe__01,ctenanthe,center_crop,crop_center_zoom,crop,Calathea,1.0000,Schefflera,0.0000,1.0000,goeppertia-orbifolia,"goeppertia-orbifolia|schefflera|pachira-aquatica",true,high-conf,true,63,
ctenanthe__01,ctenanthe,tta6,crop_center_zoom,crop,Calathea,0.7946,Boston Fern (Nephrolepis exaltata),0.2012,0.5934,goeppertia-orbifolia,"goeppertia-orbifolia|nephrolepis-exaltata|pachira-aquatica",true,high-conf,true,239,
ctenanthe__01,ctenanthe,squash,crop_offcenter_zoom,crop,Calathea,1.0000,Ctenanthe,0.0000,1.0000,goeppertia-orbifolia,"goeppertia-orbifolia|ctenanthe|alocasia",true,high-conf,true,33,
ctenanthe__01,ctenanthe,center_crop,crop_offcenter_zoom,crop,Calathea,1.0000,Ctenanthe,0.0000,1.0000,goeppertia-orbifolia,"goeppertia-orbifolia|ctenanthe|alocasia",true,high-conf,true,23,
ctenanthe__01,ctenanthe,tta6,crop_offcenter_zoom,crop,Calathea,0.9911,Boston Fern (Nephrolepis exaltata),0.0087,0.9824,goeppertia-orbifolia,"goeppertia-orbifolia|nephrolepis-exaltata|maranta-leuconeura",true,high-conf,true,208,
ctenanthe__01,ctenanthe,squash,rotate_+15,rotate,Calathea,1.0000,Ctenanthe,0.0000,1.0000,goeppertia-orbifolia,"goeppertia-orbifolia|ctenanthe|asplenium-nidus",true,high-conf,true,39,
ctenanthe__01,ctenanthe,center_crop,rotate_+15,rotate,Calathea,1.0000,Ctenanthe,0.0000,1.0000,goeppertia-orbifolia,"goeppertia-orbifolia|ctenanthe|asplenium-nidus",true,high-conf,true,37,
ctenanthe__01,ctenanthe,tta6,rotate_+15,rotate,Calathea,1.0000,Ctenanthe,0.0000,1.0000,goeppertia-orbifolia,"goeppertia-orbifolia|ctenanthe|pachira-aquatica",true,high-conf,true,226,
ctenanthe__01,ctenanthe,squash,rotate_-15,rotate,Calathea,0.9990,Money Tree (Pachira aquatica),0.0010,0.9980,goeppertia-orbifolia,"goeppertia-orbifolia|pachira-aquatica|schefflera",true,high-conf,true,35,
ctenanthe__01,ctenanthe,center_crop,rotate_-15,rotate,Calathea,0.9990,Money Tree (Pachira aquatica),0.0010,0.9980,goeppertia-orbifolia,"goeppertia-orbifolia|pachira-aquatica|schefflera",true,high-conf,true,33,
ctenanthe__01,ctenanthe,tta6,rotate_-15,rotate,Calathea,0.9996,Money Tree (Pachira aquatica),0.0004,0.9993,goeppertia-orbifolia,"goeppertia-orbifolia|pachira-aquatica|schefflera",true,high-conf,true,243,
ctenanthe__01,ctenanthe,squash,rotate_+90,rotate,Calathea,0.9982,Ctenanthe,0.0018,0.9965,goeppertia-orbifolia,"goeppertia-orbifolia|ctenanthe|maranta-leuconeura",true,high-conf,true,55,
ctenanthe__01,ctenanthe,center_crop,rotate_+90,rotate,Calathea,0.9982,Ctenanthe,0.0018,0.9965,goeppertia-orbifolia,"goeppertia-orbifolia|ctenanthe|maranta-leuconeura",true,high-conf,true,33,
ctenanthe__01,ctenanthe,tta6,rotate_+90,rotate,Calathea,0.9980,Ctenanthe,0.0015,0.9965,goeppertia-orbifolia,"goeppertia-orbifolia|ctenanthe|maranta-leuconeura",true,high-conf,true,204,
ctenanthe__01,ctenanthe,squash,rotate_-90,rotate,Calathea,0.9998,Ctenanthe,0.0002,0.9996,goeppertia-orbifolia,"goeppertia-orbifolia|ctenanthe|maranta-leuconeura",true,high-conf,true,33,
ctenanthe__01,ctenanthe,center_crop,rotate_-90,rotate,Calathea,0.9998,Ctenanthe,0.0002,0.9996,goeppertia-orbifolia,"goeppertia-orbifolia|ctenanthe|maranta-leuconeura",true,high-conf,true,38,
ctenanthe__01,ctenanthe,tta6,rotate_-90,rotate,Calathea,0.9999,Ctenanthe,0.0001,0.9999,goeppertia-orbifolia,"goeppertia-orbifolia|ctenanthe|maranta-leuconeura",true,high-conf,true,245,
ctenanthe__01,ctenanthe,squash,bright_up,brightness,Calathea,1.0000,Tradescantia,0.0000,1.0000,goeppertia-orbifolia,"goeppertia-orbifolia|tradescantia|ctenanthe",true,high-conf,true,31,
ctenanthe__01,ctenanthe,center_crop,bright_up,brightness,Calathea,1.0000,Tradescantia,0.0000,1.0000,goeppertia-orbifolia,"goeppertia-orbifolia|tradescantia|ctenanthe",true,high-conf,true,30,
ctenanthe__01,ctenanthe,tta6,bright_up,brightness,Calathea,1.0000,Boston Fern (Nephrolepis exaltata),0.0000,1.0000,goeppertia-orbifolia,"goeppertia-orbifolia|nephrolepis-exaltata|pachira-aquatica",true,high-conf,true,244,
ctenanthe__01,ctenanthe,squash,bright_down,brightness,Calathea,1.0000,Ctenanthe,0.0000,1.0000,goeppertia-orbifolia,"goeppertia-orbifolia|ctenanthe|spathiphyllum-wallisii",true,high-conf,true,37,
ctenanthe__01,ctenanthe,center_crop,bright_down,brightness,Calathea,1.0000,Ctenanthe,0.0000,1.0000,goeppertia-orbifolia,"goeppertia-orbifolia|ctenanthe|spathiphyllum-wallisii",true,high-conf,true,34,
ctenanthe__01,ctenanthe,tta6,bright_down,brightness,Calathea,1.0000,Boston Fern (Nephrolepis exaltata),0.0000,1.0000,goeppertia-orbifolia,"goeppertia-orbifolia|nephrolepis-exaltata|ctenanthe",true,high-conf,true,218,
ctenanthe__01,ctenanthe,squash,contrast_up,contrast,Calathea,1.0000,Peace lily,0.0000,1.0000,goeppertia-orbifolia,"goeppertia-orbifolia|spathiphyllum-wallisii|ctenanthe",true,high-conf,true,38,
ctenanthe__01,ctenanthe,center_crop,contrast_up,contrast,Calathea,1.0000,Peace lily,0.0000,1.0000,goeppertia-orbifolia,"goeppertia-orbifolia|spathiphyllum-wallisii|ctenanthe",true,high-conf,true,36,
ctenanthe__01,ctenanthe,tta6,contrast_up,contrast,Calathea,1.0000,Money Tree (Pachira aquatica),0.0000,1.0000,goeppertia-orbifolia,"goeppertia-orbifolia|pachira-aquatica|ctenanthe",true,high-conf,true,222,
ctenanthe__01,ctenanthe,squash,contrast_down,contrast,Calathea,1.0000,Ctenanthe,0.0000,1.0000,goeppertia-orbifolia,"goeppertia-orbifolia|ctenanthe|tradescantia",true,high-conf,true,23,
ctenanthe__01,ctenanthe,center_crop,contrast_down,contrast,Calathea,1.0000,Ctenanthe,0.0000,1.0000,goeppertia-orbifolia,"goeppertia-orbifolia|ctenanthe|tradescantia",true,high-conf,true,29,
ctenanthe__01,ctenanthe,tta6,contrast_down,contrast,Calathea,1.0000,Money Tree (Pachira aquatica),0.0000,1.0000,goeppertia-orbifolia,"goeppertia-orbifolia|pachira-aquatica|nephrolepis-exaltata",true,high-conf,true,223,
ctenanthe__02,ctenanthe,squash,clean,clean,Calathea,0.4754,Ctenanthe,0.3558,0.1196,goeppertia-orbifolia,"goeppertia-orbifolia|ctenanthe|asplenium-nidus",true,low-conf,false,49,
ctenanthe__02,ctenanthe,center_crop,clean,clean,Calathea,0.4754,Ctenanthe,0.3558,0.1196,goeppertia-orbifolia,"goeppertia-orbifolia|ctenanthe|asplenium-nidus",true,low-conf,false,51,
ctenanthe__02,ctenanthe,tta6,clean,clean,Ctenanthe,0.7816,Calathea,0.1606,0.6210,ctenanthe,"ctenanthe|goeppertia-orbifolia|asplenium-nidus",true,high-conf,false,237,
ctenanthe__02,ctenanthe,squash,blur,blur,Tradescantia,0.9863,Calathea,0.0137,0.9726,tradescantia,"tradescantia|goeppertia-orbifolia|aloe-vera",true,high-conf,true,49,
ctenanthe__02,ctenanthe,center_crop,blur,blur,Tradescantia,0.9863,Calathea,0.0137,0.9726,tradescantia,"tradescantia|goeppertia-orbifolia|aloe-vera",true,high-conf,true,43,
ctenanthe__02,ctenanthe,tta6,blur,blur,Tradescantia,0.7267,Calathea,0.1624,0.5643,tradescantia,"tradescantia|goeppertia-orbifolia|maranta-leuconeura",true,high-conf,true,233,
ctenanthe__02,ctenanthe,squash,crop_center_zoom,crop,Ctenanthe,0.9997,Tradescantia,0.0002,0.9995,ctenanthe,"ctenanthe|tradescantia|alocasia",true,high-conf,false,49,
ctenanthe__02,ctenanthe,center_crop,crop_center_zoom,crop,Ctenanthe,0.9997,Tradescantia,0.0002,0.9995,ctenanthe,"ctenanthe|tradescantia|alocasia",true,high-conf,false,32,
ctenanthe__02,ctenanthe,tta6,crop_center_zoom,crop,Ctenanthe,0.8492,Tradescantia,0.1506,0.6986,ctenanthe,"ctenanthe|tradescantia|pachira-aquatica",true,high-conf,false,210,
ctenanthe__02,ctenanthe,squash,crop_offcenter_zoom,crop,Ctenanthe,1.0000,Calathea,0.0000,0.9999,ctenanthe,"ctenanthe|goeppertia-orbifolia|maranta-leuconeura",true,high-conf,false,38,
ctenanthe__02,ctenanthe,center_crop,crop_offcenter_zoom,crop,Ctenanthe,1.0000,Calathea,0.0000,0.9999,ctenanthe,"ctenanthe|goeppertia-orbifolia|maranta-leuconeura",true,high-conf,false,39,
ctenanthe__02,ctenanthe,tta6,crop_offcenter_zoom,crop,Ctenanthe,0.9431,Calathea,0.0337,0.9094,ctenanthe,"ctenanthe|goeppertia-orbifolia|tradescantia",true,high-conf,false,359,
ctenanthe__02,ctenanthe,squash,rotate_+15,rotate,Elephant Ear (Alocasia spp.),0.8208,Ctenanthe,0.0971,0.7237,alocasia,"alocasia|ctenanthe|goeppertia-orbifolia",true,high-conf,true,54,
ctenanthe__02,ctenanthe,center_crop,rotate_+15,rotate,Elephant Ear (Alocasia spp.),0.8208,Ctenanthe,0.0971,0.7237,alocasia,"alocasia|ctenanthe|goeppertia-orbifolia",true,high-conf,true,44,
ctenanthe__02,ctenanthe,tta6,rotate_+15,rotate,Elephant Ear (Alocasia spp.),0.4485,Ctenanthe,0.4014,0.0471,alocasia,"alocasia|ctenanthe|goeppertia-orbifolia",true,low-conf,false,228,
ctenanthe__02,ctenanthe,squash,rotate_-15,rotate,Money Tree (Pachira aquatica),0.9054,Calathea,0.0836,0.8218,pachira-aquatica,"pachira-aquatica|goeppertia-orbifolia|ctenanthe",true,high-conf,true,32,
ctenanthe__02,ctenanthe,center_crop,rotate_-15,rotate,Money Tree (Pachira aquatica),0.9054,Calathea,0.0836,0.8218,pachira-aquatica,"pachira-aquatica|goeppertia-orbifolia|ctenanthe",true,high-conf,true,33,
ctenanthe__02,ctenanthe,tta6,rotate_-15,rotate,Ctenanthe,0.6398,Money Tree (Pachira aquatica),0.3033,0.3364,ctenanthe,"ctenanthe|pachira-aquatica|goeppertia-orbifolia",true,high-conf,false,196,
ctenanthe__02,ctenanthe,squash,rotate_+90,rotate,Ctenanthe,0.8786,Calathea,0.0932,0.7854,ctenanthe,"ctenanthe|goeppertia-orbifolia|tradescantia",true,high-conf,false,32,
ctenanthe__02,ctenanthe,center_crop,rotate_+90,rotate,Ctenanthe,0.8786,Calathea,0.0932,0.7854,ctenanthe,"ctenanthe|goeppertia-orbifolia|tradescantia",true,high-conf,false,49,
ctenanthe__02,ctenanthe,tta6,rotate_+90,rotate,Ctenanthe,0.7763,Calathea,0.2128,0.5635,ctenanthe,"ctenanthe|goeppertia-orbifolia|dieffenbachia",true,high-conf,false,235,
ctenanthe__02,ctenanthe,squash,rotate_-90,rotate,Dumb Cane (Dieffenbachia spp.),0.8580,Ctenanthe,0.1397,0.7183,dieffenbachia,"dieffenbachia|ctenanthe|goeppertia-orbifolia",true,high-conf,true,32,
ctenanthe__02,ctenanthe,center_crop,rotate_-90,rotate,Dumb Cane (Dieffenbachia spp.),0.8580,Ctenanthe,0.1397,0.7183,dieffenbachia,"dieffenbachia|ctenanthe|goeppertia-orbifolia",true,high-conf,true,45,
ctenanthe__02,ctenanthe,tta6,rotate_-90,rotate,Ctenanthe,0.6509,Dumb Cane (Dieffenbachia spp.),0.3256,0.3252,ctenanthe,"ctenanthe|dieffenbachia|goeppertia-orbifolia",true,high-conf,false,217,
ctenanthe__02,ctenanthe,squash,bright_up,brightness,Ctenanthe,0.9324,Calathea,0.0673,0.8651,ctenanthe,"ctenanthe|goeppertia-orbifolia|maranta-leuconeura",true,high-conf,false,44,
ctenanthe__02,ctenanthe,center_crop,bright_up,brightness,Ctenanthe,0.9324,Calathea,0.0673,0.8651,ctenanthe,"ctenanthe|goeppertia-orbifolia|maranta-leuconeura",true,high-conf,false,46,
ctenanthe__02,ctenanthe,tta6,bright_up,brightness,Ctenanthe,0.9695,Calathea,0.0267,0.9428,ctenanthe,"ctenanthe|goeppertia-orbifolia|tradescantia",true,high-conf,false,212,
ctenanthe__02,ctenanthe,squash,bright_down,brightness,Ctenanthe,0.9296,Calathea,0.0697,0.8599,ctenanthe,"ctenanthe|goeppertia-orbifolia|aglaonema",true,high-conf,false,48,
ctenanthe__02,ctenanthe,center_crop,bright_down,brightness,Ctenanthe,0.9296,Calathea,0.0697,0.8599,ctenanthe,"ctenanthe|goeppertia-orbifolia|aglaonema",true,high-conf,false,34,
ctenanthe__02,ctenanthe,tta6,bright_down,brightness,Ctenanthe,0.9757,Calathea,0.0238,0.9519,ctenanthe,"ctenanthe|goeppertia-orbifolia|alocasia",true,high-conf,false,222,
ctenanthe__02,ctenanthe,squash,contrast_up,contrast,Birds Nest Fern (Asplenium nidus),0.6190,Calathea,0.2993,0.3197,asplenium-nidus,"asplenium-nidus|goeppertia-orbifolia|ctenanthe",true,high-conf,true,33,
ctenanthe__02,ctenanthe,center_crop,contrast_up,contrast,Birds Nest Fern (Asplenium nidus),0.6190,Calathea,0.2993,0.3197,asplenium-nidus,"asplenium-nidus|goeppertia-orbifolia|ctenanthe",true,high-conf,true,34,
ctenanthe__02,ctenanthe,tta6,contrast_up,contrast,Ctenanthe,0.6424,Birds Nest Fern (Asplenium nidus),0.2064,0.4360,ctenanthe,"ctenanthe|asplenium-nidus|goeppertia-orbifolia",true,high-conf,false,217,
ctenanthe__02,ctenanthe,squash,contrast_down,contrast,Ctenanthe,0.9873,Calathea,0.0105,0.9768,ctenanthe,"ctenanthe|goeppertia-orbifolia|pachira-aquatica",true,high-conf,false,52,
ctenanthe__02,ctenanthe,center_crop,contrast_down,contrast,Ctenanthe,0.9873,Calathea,0.0105,0.9768,ctenanthe,"ctenanthe|goeppertia-orbifolia|pachira-aquatica",true,high-conf,false,51,
ctenanthe__02,ctenanthe,tta6,contrast_down,contrast,Ctenanthe,0.9884,Calathea,0.0090,0.9793,ctenanthe,"ctenanthe|goeppertia-orbifolia|tradescantia",true,high-conf,false,236,
cycas-revoluta__01,cycas-revoluta,squash,clean,clean,Sago Palm (Cycas revoluta),1.0000,Boston Fern (Nephrolepis exaltata),0.0000,1.0000,cycas-revoluta,"cycas-revoluta|nephrolepis-exaltata|alocasia",true,high-conf,false,36,
cycas-revoluta__01,cycas-revoluta,center_crop,clean,clean,Sago Palm (Cycas revoluta),1.0000,Boston Fern (Nephrolepis exaltata),0.0000,1.0000,cycas-revoluta,"cycas-revoluta|nephrolepis-exaltata|alocasia",true,high-conf,false,43,
cycas-revoluta__01,cycas-revoluta,tta6,clean,clean,Sago Palm (Cycas revoluta),0.9980,Areca Palm (Dypsis lutescens),0.0009,0.9971,cycas-revoluta,"cycas-revoluta|dypsis-lutescens|crassula-ovata",true,high-conf,false,256,
cycas-revoluta__01,cycas-revoluta,squash,blur,blur,Calathea,1.0000,Areca Palm (Dypsis lutescens),0.0000,1.0000,goeppertia-orbifolia,"goeppertia-orbifolia|dypsis-lutescens|dracaena",true,high-conf,true,44,
cycas-revoluta__01,cycas-revoluta,center_crop,blur,blur,Calathea,1.0000,Areca Palm (Dypsis lutescens),0.0000,1.0000,goeppertia-orbifolia,"goeppertia-orbifolia|dypsis-lutescens|dracaena",true,high-conf,true,34,
cycas-revoluta__01,cycas-revoluta,tta6,blur,blur,Calathea,0.9605,Ctenanthe,0.0228,0.9377,goeppertia-orbifolia,"goeppertia-orbifolia|ctenanthe|dypsis-lutescens",true,high-conf,true,232,
cycas-revoluta__01,cycas-revoluta,squash,crop_center_zoom,crop,Sago Palm (Cycas revoluta),0.9907,Yucca,0.0048,0.9859,cycas-revoluta,"cycas-revoluta|yucca|dracaena",true,high-conf,false,42,
cycas-revoluta__01,cycas-revoluta,center_crop,crop_center_zoom,crop,Sago Palm (Cycas revoluta),0.9907,Yucca,0.0048,0.9859,cycas-revoluta,"cycas-revoluta|yucca|dracaena",true,high-conf,false,33,
cycas-revoluta__01,cycas-revoluta,tta6,crop_center_zoom,crop,Sago Palm (Cycas revoluta),0.8794,Areca Palm (Dypsis lutescens),0.0869,0.7925,cycas-revoluta,"cycas-revoluta|dypsis-lutescens|pachira-aquatica",true,high-conf,false,249,
cycas-revoluta__01,cycas-revoluta,squash,crop_offcenter_zoom,crop,Sago Palm (Cycas revoluta),0.9991,Yucca,0.0005,0.9986,cycas-revoluta,"cycas-revoluta|yucca|nephrolepis-exaltata",true,high-conf,false,48,
cycas-revoluta__01,cycas-revoluta,center_crop,crop_offcenter_zoom,crop,Sago Palm (Cycas revoluta),0.9991,Yucca,0.0005,0.9986,cycas-revoluta,"cycas-revoluta|yucca|nephrolepis-exaltata",true,high-conf,false,41,
cycas-revoluta__01,cycas-revoluta,tta6,crop_offcenter_zoom,crop,Sago Palm (Cycas revoluta),0.9335,Yucca,0.0585,0.8750,cycas-revoluta,"cycas-revoluta|yucca|dypsis-lutescens",true,high-conf,false,231,
cycas-revoluta__01,cycas-revoluta,squash,rotate_+15,rotate,Sago Palm (Cycas revoluta),0.9939,Schefflera,0.0053,0.9886,cycas-revoluta,"cycas-revoluta|schefflera|anthurium-andraeanum",true,high-conf,false,31,
cycas-revoluta__01,cycas-revoluta,center_crop,rotate_+15,rotate,Sago Palm (Cycas revoluta),0.9939,Schefflera,0.0053,0.9886,cycas-revoluta,"cycas-revoluta|schefflera|anthurium-andraeanum",true,high-conf,false,35,
cycas-revoluta__01,cycas-revoluta,tta6,rotate_+15,rotate,Sago Palm (Cycas revoluta),0.9326,Schefflera,0.0565,0.8761,cycas-revoluta,"cycas-revoluta|schefflera|monstera-deliciosa",true,high-conf,false,214,
cycas-revoluta__01,cycas-revoluta,squash,rotate_-15,rotate,Sago Palm (Cycas revoluta),0.6266,Monstera Deliciosa (Monstera deliciosa),0.3547,0.2718,cycas-revoluta,"cycas-revoluta|monstera-deliciosa|schefflera",true,low-conf,false,34,
cycas-revoluta__01,cycas-revoluta,center_crop,rotate_-15,rotate,Sago Palm (Cycas revoluta),0.6266,Monstera Deliciosa (Monstera deliciosa),0.3547,0.2718,cycas-revoluta,"cycas-revoluta|monstera-deliciosa|schefflera",true,low-conf,false,34,
cycas-revoluta__01,cycas-revoluta,tta6,rotate_-15,rotate,Sago Palm (Cycas revoluta),0.8753,Monstera Deliciosa (Monstera deliciosa),0.1184,0.7568,cycas-revoluta,"cycas-revoluta|monstera-deliciosa|schefflera",true,high-conf,false,274,
cycas-revoluta__01,cycas-revoluta,squash,rotate_+90,rotate,Sago Palm (Cycas revoluta),1.0000,Monstera Deliciosa (Monstera deliciosa),0.0000,1.0000,cycas-revoluta,"cycas-revoluta|monstera-deliciosa|nephrolepis-exaltata",true,high-conf,false,41,
cycas-revoluta__01,cycas-revoluta,center_crop,rotate_+90,rotate,Sago Palm (Cycas revoluta),1.0000,Monstera Deliciosa (Monstera deliciosa),0.0000,1.0000,cycas-revoluta,"cycas-revoluta|monstera-deliciosa|nephrolepis-exaltata",true,high-conf,false,58,
cycas-revoluta__01,cycas-revoluta,tta6,rotate_+90,rotate,Sago Palm (Cycas revoluta),1.0000,Monstera Deliciosa (Monstera deliciosa),0.0000,0.9999,cycas-revoluta,"cycas-revoluta|monstera-deliciosa|yucca",true,high-conf,false,247,
cycas-revoluta__01,cycas-revoluta,squash,rotate_-90,rotate,Sago Palm (Cycas revoluta),1.0000,Areca Palm (Dypsis lutescens),0.0000,1.0000,cycas-revoluta,"cycas-revoluta|dypsis-lutescens|nephrolepis-exaltata",true,high-conf,false,42,
cycas-revoluta__01,cycas-revoluta,center_crop,rotate_-90,rotate,Sago Palm (Cycas revoluta),1.0000,Areca Palm (Dypsis lutescens),0.0000,1.0000,cycas-revoluta,"cycas-revoluta|dypsis-lutescens|nephrolepis-exaltata",true,high-conf,false,45,
cycas-revoluta__01,cycas-revoluta,tta6,rotate_-90,rotate,Sago Palm (Cycas revoluta),0.9815,Monstera Deliciosa (Monstera deliciosa),0.0085,0.9730,cycas-revoluta,"cycas-revoluta|monstera-deliciosa|nephrolepis-exaltata",true,high-conf,false,233,
cycas-revoluta__01,cycas-revoluta,squash,bright_up,brightness,Sago Palm (Cycas revoluta),1.0000,Areca Palm (Dypsis lutescens),0.0000,1.0000,cycas-revoluta,"cycas-revoluta|dypsis-lutescens|nephrolepis-exaltata",true,high-conf,false,48,
cycas-revoluta__01,cycas-revoluta,center_crop,bright_up,brightness,Sago Palm (Cycas revoluta),1.0000,Areca Palm (Dypsis lutescens),0.0000,1.0000,cycas-revoluta,"cycas-revoluta|dypsis-lutescens|nephrolepis-exaltata",true,high-conf,false,35,
cycas-revoluta__01,cycas-revoluta,tta6,bright_up,brightness,Sago Palm (Cycas revoluta),0.9993,Jade plant (Crassula ovata),0.0002,0.9991,cycas-revoluta,"cycas-revoluta|crassula-ovata|dypsis-lutescens",true,high-conf,false,217,
cycas-revoluta__01,cycas-revoluta,squash,bright_down,brightness,Sago Palm (Cycas revoluta),1.0000,Boston Fern (Nephrolepis exaltata),0.0000,1.0000,cycas-revoluta,"cycas-revoluta|nephrolepis-exaltata|alocasia",true,high-conf,false,41,
cycas-revoluta__01,cycas-revoluta,center_crop,bright_down,brightness,Sago Palm (Cycas revoluta),1.0000,Boston Fern (Nephrolepis exaltata),0.0000,1.0000,cycas-revoluta,"cycas-revoluta|nephrolepis-exaltata|alocasia",true,high-conf,false,42,
cycas-revoluta__01,cycas-revoluta,tta6,bright_down,brightness,Sago Palm (Cycas revoluta),0.9999,Areca Palm (Dypsis lutescens),0.0000,0.9999,cycas-revoluta,"cycas-revoluta|dypsis-lutescens|yucca",true,high-conf,false,239,
cycas-revoluta__01,cycas-revoluta,squash,contrast_up,contrast,Sago Palm (Cycas revoluta),1.0000,Boston Fern (Nephrolepis exaltata),0.0000,1.0000,cycas-revoluta,"cycas-revoluta|nephrolepis-exaltata|dypsis-lutescens",true,high-conf,false,41,
cycas-revoluta__01,cycas-revoluta,center_crop,contrast_up,contrast,Sago Palm (Cycas revoluta),1.0000,Boston Fern (Nephrolepis exaltata),0.0000,1.0000,cycas-revoluta,"cycas-revoluta|nephrolepis-exaltata|dypsis-lutescens",true,high-conf,false,45,
cycas-revoluta__01,cycas-revoluta,tta6,contrast_up,contrast,Sago Palm (Cycas revoluta),0.9992,Monstera Deliciosa (Monstera deliciosa),0.0004,0.9988,cycas-revoluta,"cycas-revoluta|monstera-deliciosa|dypsis-lutescens",true,high-conf,false,245,
cycas-revoluta__01,cycas-revoluta,squash,contrast_down,contrast,Sago Palm (Cycas revoluta),1.0000,Areca Palm (Dypsis lutescens),0.0000,1.0000,cycas-revoluta,"cycas-revoluta|dypsis-lutescens|alocasia",true,high-conf,false,43,
cycas-revoluta__01,cycas-revoluta,center_crop,contrast_down,contrast,Sago Palm (Cycas revoluta),1.0000,Areca Palm (Dypsis lutescens),0.0000,1.0000,cycas-revoluta,"cycas-revoluta|dypsis-lutescens|alocasia",true,high-conf,false,38,
cycas-revoluta__01,cycas-revoluta,tta6,contrast_down,contrast,Sago Palm (Cycas revoluta),0.9990,Areca Palm (Dypsis lutescens),0.0007,0.9984,cycas-revoluta,"cycas-revoluta|dypsis-lutescens|crassula-ovata",true,high-conf,false,257,
dieffenbachia__01,dieffenbachia,squash,clean,clean,Dumb Cane (Dieffenbachia spp.),0.9971,Cast Iron Plant (Aspidistra elatior),0.0028,0.9943,dieffenbachia,"dieffenbachia|aspidistra-elatior|monstera-deliciosa",true,high-conf,false,44,
dieffenbachia__01,dieffenbachia,center_crop,clean,clean,Dumb Cane (Dieffenbachia spp.),0.9971,Cast Iron Plant (Aspidistra elatior),0.0028,0.9943,dieffenbachia,"dieffenbachia|aspidistra-elatior|monstera-deliciosa",true,high-conf,false,33,
dieffenbachia__01,dieffenbachia,tta6,clean,clean,Dumb Cane (Dieffenbachia spp.),0.8811,Monstera Deliciosa (Monstera deliciosa),0.0882,0.7928,dieffenbachia,"dieffenbachia|monstera-deliciosa|aspidistra-elatior",true,high-conf,false,299,
dieffenbachia__01,dieffenbachia,squash,blur,blur,Cast Iron Plant (Aspidistra elatior),0.9916,Dumb Cane (Dieffenbachia spp.),0.0081,0.9835,aspidistra-elatior,"aspidistra-elatior|dieffenbachia|aloe-vera",true,high-conf,true,36,
dieffenbachia__01,dieffenbachia,center_crop,blur,blur,Cast Iron Plant (Aspidistra elatior),0.9916,Dumb Cane (Dieffenbachia spp.),0.0081,0.9835,aspidistra-elatior,"aspidistra-elatior|dieffenbachia|aloe-vera",true,high-conf,true,41,
dieffenbachia__01,dieffenbachia,tta6,blur,blur,Dumb Cane (Dieffenbachia spp.),0.3532,Cast Iron Plant (Aspidistra elatior),0.3313,0.0219,dieffenbachia,"dieffenbachia|aspidistra-elatior|goeppertia-orbifolia",true,low-conf,false,212,
dieffenbachia__01,dieffenbachia,squash,crop_center_zoom,crop,Dumb Cane (Dieffenbachia spp.),0.4294,Monstera Deliciosa (Monstera deliciosa),0.3955,0.0340,dieffenbachia,"dieffenbachia|monstera-deliciosa|maranta-leuconeura",true,low-conf,false,28,
dieffenbachia__01,dieffenbachia,center_crop,crop_center_zoom,crop,Dumb Cane (Dieffenbachia spp.),0.4294,Monstera Deliciosa (Monstera deliciosa),0.3955,0.0340,dieffenbachia,"dieffenbachia|monstera-deliciosa|maranta-leuconeura",true,low-conf,false,32,
dieffenbachia__01,dieffenbachia,tta6,crop_center_zoom,crop,Calathea,0.3974,Monstera Deliciosa (Monstera deliciosa),0.3326,0.0649,goeppertia-orbifolia,"goeppertia-orbifolia|monstera-deliciosa|dieffenbachia",true,low-conf,false,239,
dieffenbachia__01,dieffenbachia,squash,crop_offcenter_zoom,crop,Cast Iron Plant (Aspidistra elatior),0.7709,Dumb Cane (Dieffenbachia spp.),0.1405,0.6304,aspidistra-elatior,"aspidistra-elatior|dieffenbachia|monstera-deliciosa",true,high-conf,true,47,
dieffenbachia__01,dieffenbachia,center_crop,crop_offcenter_zoom,crop,Cast Iron Plant (Aspidistra elatior),0.7709,Dumb Cane (Dieffenbachia spp.),0.1405,0.6304,aspidistra-elatior,"aspidistra-elatior|dieffenbachia|monstera-deliciosa",true,high-conf,true,35,
dieffenbachia__01,dieffenbachia,tta6,crop_offcenter_zoom,crop,Cast Iron Plant (Aspidistra elatior),0.3688,Calathea,0.2921,0.0767,aspidistra-elatior,"aspidistra-elatior|goeppertia-orbifolia|monstera-deliciosa",true,low-conf,false,278,
dieffenbachia__01,dieffenbachia,squash,rotate_+15,rotate,Dumb Cane (Dieffenbachia spp.),0.7240,Monstera Deliciosa (Monstera deliciosa),0.2303,0.4937,dieffenbachia,"dieffenbachia|monstera-deliciosa|ctenanthe",true,high-conf,false,37,
dieffenbachia__01,dieffenbachia,center_crop,rotate_+15,rotate,Dumb Cane (Dieffenbachia spp.),0.7240,Monstera Deliciosa (Monstera deliciosa),0.2303,0.4937,dieffenbachia,"dieffenbachia|monstera-deliciosa|ctenanthe",true,high-conf,false,46,
dieffenbachia__01,dieffenbachia,tta6,rotate_+15,rotate,Dumb Cane (Dieffenbachia spp.),0.5745,Calathea,0.1691,0.4054,dieffenbachia,"dieffenbachia|goeppertia-orbifolia|aspidistra-elatior",true,high-conf,false,272,
dieffenbachia__01,dieffenbachia,squash,rotate_-15,rotate,Dumb Cane (Dieffenbachia spp.),0.5583,Monstera Deliciosa (Monstera deliciosa),0.3280,0.2303,dieffenbachia,"dieffenbachia|monstera-deliciosa|aspidistra-elatior",true,low-conf,false,33,
dieffenbachia__01,dieffenbachia,center_crop,rotate_-15,rotate,Dumb Cane (Dieffenbachia spp.),0.5583,Monstera Deliciosa (Monstera deliciosa),0.3280,0.2303,dieffenbachia,"dieffenbachia|monstera-deliciosa|aspidistra-elatior",true,low-conf,false,41,
dieffenbachia__01,dieffenbachia,tta6,rotate_-15,rotate,Monstera Deliciosa (Monstera deliciosa),0.5937,Dumb Cane (Dieffenbachia spp.),0.2153,0.3784,monstera-deliciosa,"monstera-deliciosa|dieffenbachia|goeppertia-orbifolia",true,high-conf,true,231,
dieffenbachia__01,dieffenbachia,squash,rotate_+90,rotate,Dumb Cane (Dieffenbachia spp.),0.9997,Calathea,0.0002,0.9995,dieffenbachia,"dieffenbachia|goeppertia-orbifolia|monstera-deliciosa",true,high-conf,false,38,
dieffenbachia__01,dieffenbachia,center_crop,rotate_+90,rotate,Dumb Cane (Dieffenbachia spp.),0.9997,Calathea,0.0002,0.9995,dieffenbachia,"dieffenbachia|goeppertia-orbifolia|monstera-deliciosa",true,high-conf,false,37,
dieffenbachia__01,dieffenbachia,tta6,rotate_+90,rotate,Dumb Cane (Dieffenbachia spp.),0.9909,Monstera Deliciosa (Monstera deliciosa),0.0043,0.9866,dieffenbachia,"dieffenbachia|monstera-deliciosa|maranta-leuconeura",true,high-conf,false,231,
dieffenbachia__01,dieffenbachia,squash,rotate_-90,rotate,Dumb Cane (Dieffenbachia spp.),0.9819,Calathea,0.0119,0.9701,dieffenbachia,"dieffenbachia|goeppertia-orbifolia|monstera-deliciosa",true,high-conf,false,41,
dieffenbachia__01,dieffenbachia,center_crop,rotate_-90,rotate,Dumb Cane (Dieffenbachia spp.),0.9819,Calathea,0.0119,0.9701,dieffenbachia,"dieffenbachia|goeppertia-orbifolia|monstera-deliciosa",true,high-conf,false,46,
dieffenbachia__01,dieffenbachia,tta6,rotate_-90,rotate,Dumb Cane (Dieffenbachia spp.),0.9828,Monstera Deliciosa (Monstera deliciosa),0.0091,0.9736,dieffenbachia,"dieffenbachia|monstera-deliciosa|goeppertia-orbifolia",true,high-conf,false,229,
dieffenbachia__01,dieffenbachia,squash,bright_up,brightness,Dumb Cane (Dieffenbachia spp.),0.9999,Cast Iron Plant (Aspidistra elatior),0.0000,0.9999,dieffenbachia,"dieffenbachia|aspidistra-elatior|monstera-deliciosa",true,high-conf,false,53,
dieffenbachia__01,dieffenbachia,center_crop,bright_up,brightness,Dumb Cane (Dieffenbachia spp.),0.9999,Cast Iron Plant (Aspidistra elatior),0.0000,0.9999,dieffenbachia,"dieffenbachia|aspidistra-elatior|monstera-deliciosa",true,high-conf,false,49,
dieffenbachia__01,dieffenbachia,tta6,bright_up,brightness,Dumb Cane (Dieffenbachia spp.),0.8836,Monstera Deliciosa (Monstera deliciosa),0.0613,0.8223,dieffenbachia,"dieffenbachia|monstera-deliciosa|aspidistra-elatior",true,high-conf,false,224,
dieffenbachia__01,dieffenbachia,squash,bright_down,brightness,Dumb Cane (Dieffenbachia spp.),0.9855,Cast Iron Plant (Aspidistra elatior),0.0132,0.9723,dieffenbachia,"dieffenbachia|aspidistra-elatior|monstera-deliciosa",true,high-conf,false,35,
dieffenbachia__01,dieffenbachia,center_crop,bright_down,brightness,Dumb Cane (Dieffenbachia spp.),0.9855,Cast Iron Plant (Aspidistra elatior),0.0132,0.9723,dieffenbachia,"dieffenbachia|aspidistra-elatior|monstera-deliciosa",true,high-conf,false,32,
dieffenbachia__01,dieffenbachia,tta6,bright_down,brightness,Dumb Cane (Dieffenbachia spp.),0.7625,Monstera Deliciosa (Monstera deliciosa),0.1227,0.6398,dieffenbachia,"dieffenbachia|monstera-deliciosa|goeppertia-orbifolia",true,high-conf,false,251,
dieffenbachia__01,dieffenbachia,squash,contrast_up,contrast,Dumb Cane (Dieffenbachia spp.),0.9998,Cast Iron Plant (Aspidistra elatior),0.0002,0.9995,dieffenbachia,"dieffenbachia|aspidistra-elatior|asplenium-nidus",true,high-conf,false,50,
dieffenbachia__01,dieffenbachia,center_crop,contrast_up,contrast,Dumb Cane (Dieffenbachia spp.),0.9998,Cast Iron Plant (Aspidistra elatior),0.0002,0.9995,dieffenbachia,"dieffenbachia|aspidistra-elatior|asplenium-nidus",true,high-conf,false,45,
dieffenbachia__01,dieffenbachia,tta6,contrast_up,contrast,Dumb Cane (Dieffenbachia spp.),0.8266,Monstera Deliciosa (Monstera deliciosa),0.1470,0.6795,dieffenbachia,"dieffenbachia|monstera-deliciosa|asplenium-nidus",true,high-conf,false,256,
dieffenbachia__01,dieffenbachia,squash,contrast_down,contrast,Dumb Cane (Dieffenbachia spp.),0.9948,Cast Iron Plant (Aspidistra elatior),0.0049,0.9899,dieffenbachia,"dieffenbachia|aspidistra-elatior|monstera-deliciosa",true,high-conf,false,48,
dieffenbachia__01,dieffenbachia,center_crop,contrast_down,contrast,Dumb Cane (Dieffenbachia spp.),0.9948,Cast Iron Plant (Aspidistra elatior),0.0049,0.9899,dieffenbachia,"dieffenbachia|aspidistra-elatior|monstera-deliciosa",true,high-conf,false,48,
dieffenbachia__01,dieffenbachia,tta6,contrast_down,contrast,Dumb Cane (Dieffenbachia spp.),0.9651,Cast Iron Plant (Aspidistra elatior),0.0272,0.9380,dieffenbachia,"dieffenbachia|aspidistra-elatior|monstera-deliciosa",true,high-conf,false,262,
dionaea-muscipula__01,dionaea-muscipula,squash,clean,clean,Elephant Ear (Alocasia spp.),0.3959,Asparagus Fern (Asparagus setaceus),0.3417,0.0542,alocasia,"alocasia|asparagus-setaceus|asplenium-nidus",true,low-conf,false,49,
dionaea-muscipula__01,dionaea-muscipula,center_crop,clean,clean,Elephant Ear (Alocasia spp.),0.3959,Asparagus Fern (Asparagus setaceus),0.3417,0.0542,alocasia,"alocasia|asparagus-setaceus|asplenium-nidus",true,low-conf,false,34,
dionaea-muscipula__01,dionaea-muscipula,tta6,clean,clean,Birds Nest Fern (Asplenium nidus),0.3016,Asparagus Fern (Asparagus setaceus),0.2340,0.0676,asplenium-nidus,"asplenium-nidus|asparagus-setaceus|zamioculcas-zamiifolia",true,low-conf,false,232,
dionaea-muscipula__01,dionaea-muscipula,squash,blur,blur,English Ivy (Hedera helix),1.0000,Tradescantia,0.0000,1.0000,hedera-helix,"hedera-helix|tradescantia|aglaonema",true,high-conf,true,38,
dionaea-muscipula__01,dionaea-muscipula,center_crop,blur,blur,English Ivy (Hedera helix),1.0000,Tradescantia,0.0000,1.0000,hedera-helix,"hedera-helix|tradescantia|aglaonema",true,high-conf,true,37,
dionaea-muscipula__01,dionaea-muscipula,tta6,blur,blur,English Ivy (Hedera helix),0.9499,Peace lily,0.0407,0.9092,hedera-helix,"hedera-helix|spathiphyllum-wallisii|asparagus-setaceus",true,high-conf,true,245,
dionaea-muscipula__01,dionaea-muscipula,squash,crop_center_zoom,crop,Elephant Ear (Alocasia spp.),0.6864,Birds Nest Fern (Asplenium nidus),0.2986,0.3878,alocasia,"alocasia|asplenium-nidus|dracaena-trifasciata",true,high-conf,true,64,
dionaea-muscipula__01,dionaea-muscipula,center_crop,crop_center_zoom,crop,Elephant Ear (Alocasia spp.),0.6864,Birds Nest Fern (Asplenium nidus),0.2986,0.3878,alocasia,"alocasia|asplenium-nidus|dracaena-trifasciata",true,high-conf,true,67,
dionaea-muscipula__01,dionaea-muscipula,tta6,crop_center_zoom,crop,Elephant Ear (Alocasia spp.),0.4512,Birds Nest Fern (Asplenium nidus),0.3756,0.0756,alocasia,"alocasia|asplenium-nidus|hedera-helix",true,low-conf,false,344,
dionaea-muscipula__01,dionaea-muscipula,squash,crop_offcenter_zoom,crop,English Ivy (Hedera helix),0.9506,Snake plant (Sanseviera),0.0352,0.9154,hedera-helix,"hedera-helix|dracaena-trifasciata|asplenium-nidus",true,high-conf,true,36,
dionaea-muscipula__01,dionaea-muscipula,center_crop,crop_offcenter_zoom,crop,English Ivy (Hedera helix),0.9506,Snake plant (Sanseviera),0.0352,0.9154,hedera-helix,"hedera-helix|dracaena-trifasciata|asplenium-nidus",true,high-conf,true,40,
dionaea-muscipula__01,dionaea-muscipula,tta6,crop_offcenter_zoom,crop,English Ivy (Hedera helix),0.6519,Birds Nest Fern (Asplenium nidus),0.3339,0.3180,hedera-helix,"hedera-helix|asplenium-nidus|dracaena-trifasciata",true,high-conf,true,234,
dionaea-muscipula__01,dionaea-muscipula,squash,rotate_+15,rotate,English Ivy (Hedera helix),0.9999,Snake plant (Sanseviera),0.0001,0.9997,hedera-helix,"hedera-helix|dracaena-trifasciata|alocasia",true,high-conf,true,38,
dionaea-muscipula__01,dionaea-muscipula,center_crop,rotate_+15,rotate,English Ivy (Hedera helix),0.9999,Snake plant (Sanseviera),0.0001,0.9997,hedera-helix,"hedera-helix|dracaena-trifasciata|alocasia",true,high-conf,true,44,
dionaea-muscipula__01,dionaea-muscipula,tta6,rotate_+15,rotate,English Ivy (Hedera helix),0.8756,Snake plant (Sanseviera),0.0974,0.7782,hedera-helix,"hedera-helix|dracaena-trifasciata|zamioculcas-zamiifolia",true,high-conf,true,219,
dionaea-muscipula__01,dionaea-muscipula,squash,rotate_-15,rotate,Snake plant (Sanseviera),0.9991,Elephant Ear (Alocasia spp.),0.0009,0.9982,dracaena-trifasciata,"dracaena-trifasciata|alocasia|zamioculcas-zamiifolia",true,high-conf,true,33,
dionaea-muscipula__01,dionaea-muscipula,center_crop,rotate_-15,rotate,Snake plant (Sanseviera),0.9991,Elephant Ear (Alocasia spp.),0.0009,0.9982,dracaena-trifasciata,"dracaena-trifasciata|alocasia|zamioculcas-zamiifolia",true,high-conf,true,44,
dionaea-muscipula__01,dionaea-muscipula,tta6,rotate_-15,rotate,Snake plant (Sanseviera),0.4986,Elephant Ear (Alocasia spp.),0.4469,0.0516,dracaena-trifasciata,"dracaena-trifasciata|alocasia|anthurium-andraeanum",true,low-conf,false,269,
dionaea-muscipula__01,dionaea-muscipula,squash,rotate_+90,rotate,Venus Flytrap,0.4871,ZZ Plant (Zamioculcas zamiifolia),0.4139,0.0732,dionaea-muscipula,"dionaea-muscipula|zamioculcas-zamiifolia|beaucarnea-recurvata",true,low-conf,false,41,
dionaea-muscipula__01,dionaea-muscipula,center_crop,rotate_+90,rotate,Venus Flytrap,0.4871,ZZ Plant (Zamioculcas zamiifolia),0.4139,0.0732,dionaea-muscipula,"dionaea-muscipula|zamioculcas-zamiifolia|beaucarnea-recurvata",true,low-conf,false,46,
dionaea-muscipula__01,dionaea-muscipula,tta6,rotate_+90,rotate,ZZ Plant (Zamioculcas zamiifolia),0.3816,Elephant Ear (Alocasia spp.),0.1683,0.2134,zamioculcas-zamiifolia,"zamioculcas-zamiifolia|alocasia|dionaea-muscipula",true,low-conf,false,244,
dionaea-muscipula__01,dionaea-muscipula,squash,rotate_-90,rotate,ZZ Plant (Zamioculcas zamiifolia),0.9987,Ponytail Palm (Beaucarnea recurvata),0.0013,0.9974,zamioculcas-zamiifolia,"zamioculcas-zamiifolia|beaucarnea-recurvata|dracaena",true,high-conf,true,32,
dionaea-muscipula__01,dionaea-muscipula,center_crop,rotate_-90,rotate,ZZ Plant (Zamioculcas zamiifolia),0.9987,Ponytail Palm (Beaucarnea recurvata),0.0013,0.9974,zamioculcas-zamiifolia,"zamioculcas-zamiifolia|beaucarnea-recurvata|dracaena",true,high-conf,true,41,
dionaea-muscipula__01,dionaea-muscipula,tta6,rotate_-90,rotate,ZZ Plant (Zamioculcas zamiifolia),0.8643,Elephant Ear (Alocasia spp.),0.1350,0.7293,zamioculcas-zamiifolia,"zamioculcas-zamiifolia|alocasia|beaucarnea-recurvata",true,high-conf,true,226,
dionaea-muscipula__01,dionaea-muscipula,squash,bright_up,brightness,Elephant Ear (Alocasia spp.),0.5517,Birds Nest Fern (Asplenium nidus),0.1887,0.3630,alocasia,"alocasia|asplenium-nidus|asparagus-setaceus",true,high-conf,true,39,
dionaea-muscipula__01,dionaea-muscipula,center_crop,bright_up,brightness,Elephant Ear (Alocasia spp.),0.5517,Birds Nest Fern (Asplenium nidus),0.1887,0.3630,alocasia,"alocasia|asplenium-nidus|asparagus-setaceus",true,high-conf,true,29,
dionaea-muscipula__01,dionaea-muscipula,tta6,bright_up,brightness,Elephant Ear (Alocasia spp.),0.4403,Birds Nest Fern (Asplenium nidus),0.2561,0.1842,alocasia,"alocasia|asplenium-nidus|zamioculcas-zamiifolia",true,low-conf,false,260,
dionaea-muscipula__01,dionaea-muscipula,squash,bright_down,brightness,Asparagus Fern (Asparagus setaceus),0.9272,Venus Flytrap,0.0331,0.8942,asparagus-setaceus,"asparagus-setaceus|dionaea-muscipula|hedera-helix",true,high-conf,true,55,
dionaea-muscipula__01,dionaea-muscipula,center_crop,bright_down,brightness,Asparagus Fern (Asparagus setaceus),0.9272,Venus Flytrap,0.0331,0.8942,asparagus-setaceus,"asparagus-setaceus|dionaea-muscipula|hedera-helix",true,high-conf,true,62,
dionaea-muscipula__01,dionaea-muscipula,tta6,bright_down,brightness,Asparagus Fern (Asparagus setaceus),0.6206,English Ivy (Hedera helix),0.2082,0.4124,asparagus-setaceus,"asparagus-setaceus|hedera-helix|zamioculcas-zamiifolia",true,high-conf,true,308,
dionaea-muscipula__01,dionaea-muscipula,squash,contrast_up,contrast,Venus Flytrap,0.9578,Birds Nest Fern (Asplenium nidus),0.0379,0.9199,dionaea-muscipula,"dionaea-muscipula|asplenium-nidus|alocasia",true,high-conf,false,42,
dionaea-muscipula__01,dionaea-muscipula,center_crop,contrast_up,contrast,Venus Flytrap,0.9578,Birds Nest Fern (Asplenium nidus),0.0379,0.9199,dionaea-muscipula,"dionaea-muscipula|asplenium-nidus|alocasia",true,high-conf,false,48,
dionaea-muscipula__01,dionaea-muscipula,tta6,contrast_up,contrast,Venus Flytrap,0.5822,ZZ Plant (Zamioculcas zamiifolia),0.3141,0.2681,dionaea-muscipula,"dionaea-muscipula|zamioculcas-zamiifolia|asplenium-nidus",true,low-conf,false,273,
dionaea-muscipula__01,dionaea-muscipula,squash,contrast_down,contrast,Elephant Ear (Alocasia spp.),0.9264,English Ivy (Hedera helix),0.0679,0.8585,alocasia,"alocasia|hedera-helix|asparagus-setaceus",true,high-conf,true,158,
dionaea-muscipula__01,dionaea-muscipula,center_crop,contrast_down,contrast,Elephant Ear (Alocasia spp.),0.9264,English Ivy (Hedera helix),0.0679,0.8585,alocasia,"alocasia|hedera-helix|asparagus-setaceus",true,high-conf,true,42,
dionaea-muscipula__01,dionaea-muscipula,tta6,contrast_down,contrast,Elephant Ear (Alocasia spp.),0.4499,English Ivy (Hedera helix),0.2429,0.2070,alocasia,"alocasia|hedera-helix|asplenium-nidus",true,low-conf,false,251,
dracaena-trifasciata,dracaena-trifasciata,squash,clean,clean,Snake plant (Sanseviera),1.0000,Dracaena,0.0000,1.0000,dracaena-trifasciata,"dracaena-trifasciata|dracaena|aloe-vera",true,high-conf,false,49,
dracaena-trifasciata,dracaena-trifasciata,center_crop,clean,clean,Snake plant (Sanseviera),1.0000,Dracaena,0.0000,1.0000,dracaena-trifasciata,"dracaena-trifasciata|dracaena|aloe-vera",true,high-conf,false,51,
dracaena-trifasciata,dracaena-trifasciata,tta6,clean,clean,Snake plant (Sanseviera),0.9911,Dracaena,0.0088,0.9824,dracaena-trifasciata,"dracaena-trifasciata|dracaena|tradescantia",true,high-conf,false,275,
dracaena-trifasciata,dracaena-trifasciata,squash,blur,blur,Parlor Palm (Chamaedorea elegans),0.9418,Dracaena,0.0582,0.8837,chamaedorea-elegans,"chamaedorea-elegans|dracaena|aloe-vera",true,high-conf,true,43,
dracaena-trifasciata,dracaena-trifasciata,center_crop,blur,blur,Parlor Palm (Chamaedorea elegans),0.9418,Dracaena,0.0582,0.8837,chamaedorea-elegans,"chamaedorea-elegans|dracaena|aloe-vera",true,high-conf,true,45,
dracaena-trifasciata,dracaena-trifasciata,tta6,blur,blur,Parlor Palm (Chamaedorea elegans),0.7814,Dracaena,0.0838,0.6977,chamaedorea-elegans,"chamaedorea-elegans|dracaena|aloe-vera",true,high-conf,true,233,
dracaena-trifasciata,dracaena-trifasciata,squash,crop_center_zoom,crop,Snake plant (Sanseviera),1.0000,Aloe Vera,0.0000,1.0000,dracaena-trifasciata,"dracaena-trifasciata|aloe-vera|dracaena",true,high-conf,false,61,
dracaena-trifasciata,dracaena-trifasciata,center_crop,crop_center_zoom,crop,Snake plant (Sanseviera),1.0000,Aloe Vera,0.0000,1.0000,dracaena-trifasciata,"dracaena-trifasciata|aloe-vera|dracaena",true,high-conf,false,35,
dracaena-trifasciata,dracaena-trifasciata,tta6,crop_center_zoom,crop,Snake plant (Sanseviera),0.9484,Tradescantia,0.0504,0.8980,dracaena-trifasciata,"dracaena-trifasciata|tradescantia|dracaena",true,high-conf,false,231,
dracaena-trifasciata,dracaena-trifasciata,squash,crop_offcenter_zoom,crop,Snake plant (Sanseviera),1.0000,Dracaena,0.0000,1.0000,dracaena-trifasciata,"dracaena-trifasciata|dracaena|ctenanthe",true,high-conf,false,36,
dracaena-trifasciata,dracaena-trifasciata,center_crop,crop_offcenter_zoom,crop,Snake plant (Sanseviera),1.0000,Dracaena,0.0000,1.0000,dracaena-trifasciata,"dracaena-trifasciata|dracaena|ctenanthe",true,high-conf,false,35,
dracaena-trifasciata,dracaena-trifasciata,tta6,crop_offcenter_zoom,crop,Snake plant (Sanseviera),1.0000,Dracaena,0.0000,1.0000,dracaena-trifasciata,"dracaena-trifasciata|dracaena|alocasia",true,high-conf,false,242,
dracaena-trifasciata,dracaena-trifasciata,squash,rotate_+15,rotate,Snake plant (Sanseviera),1.0000,Monstera Deliciosa (Monstera deliciosa),0.0000,1.0000,dracaena-trifasciata,"dracaena-trifasciata|monstera-deliciosa|tradescantia",true,high-conf,false,34,
dracaena-trifasciata,dracaena-trifasciata,center_crop,rotate_+15,rotate,Snake plant (Sanseviera),1.0000,Monstera Deliciosa (Monstera deliciosa),0.0000,1.0000,dracaena-trifasciata,"dracaena-trifasciata|monstera-deliciosa|tradescantia",true,high-conf,false,37,
dracaena-trifasciata,dracaena-trifasciata,tta6,rotate_+15,rotate,Snake plant (Sanseviera),0.9999,Tradescantia,0.0001,0.9998,dracaena-trifasciata,"dracaena-trifasciata|tradescantia|pachira-aquatica",true,high-conf,false,232,
dracaena-trifasciata,dracaena-trifasciata,squash,rotate_-15,rotate,Snake plant (Sanseviera),0.9917,Aloe Vera,0.0058,0.9859,dracaena-trifasciata,"dracaena-trifasciata|aloe-vera|monstera-deliciosa",true,high-conf,false,41,
dracaena-trifasciata,dracaena-trifasciata,center_crop,rotate_-15,rotate,Snake plant (Sanseviera),0.9917,Aloe Vera,0.0058,0.9859,dracaena-trifasciata,"dracaena-trifasciata|aloe-vera|monstera-deliciosa",true,high-conf,false,41,
dracaena-trifasciata,dracaena-trifasciata,tta6,rotate_-15,rotate,Snake plant (Sanseviera),0.8245,Dracaena,0.1631,0.6614,dracaena-trifasciata,"dracaena-trifasciata|dracaena|tradescantia",true,high-conf,false,198,
dracaena-trifasciata,dracaena-trifasciata,squash,rotate_+90,rotate,Aloe Vera,0.5646,Dracaena,0.4353,0.1292,aloe-vera,"aloe-vera|dracaena|ficus-elastica",true,low-conf,false,46,
dracaena-trifasciata,dracaena-trifasciata,center_crop,rotate_+90,rotate,Aloe Vera,0.5646,Dracaena,0.4353,0.1292,aloe-vera,"aloe-vera|dracaena|ficus-elastica",true,low-conf,false,34,
dracaena-trifasciata,dracaena-trifasciata,tta6,rotate_+90,rotate,Dracaena,0.7167,Aloe Vera,0.1899,0.5267,dracaena,"dracaena|aloe-vera|dracaena-trifasciata",true,high-conf,true,225,
dracaena-trifasciata,dracaena-trifasciata,squash,rotate_-90,rotate,Dracaena,1.0000,Aloe Vera,0.0000,1.0000,dracaena,"dracaena|aloe-vera|dracaena-trifasciata",true,high-conf,true,42,
dracaena-trifasciata,dracaena-trifasciata,center_crop,rotate_-90,rotate,Dracaena,1.0000,Aloe Vera,0.0000,1.0000,dracaena,"dracaena|aloe-vera|dracaena-trifasciata",true,high-conf,true,49,
dracaena-trifasciata,dracaena-trifasciata,tta6,rotate_-90,rotate,Dracaena,0.6771,Snake plant (Sanseviera),0.3184,0.3588,dracaena,"dracaena|dracaena-trifasciata|pachira-aquatica",true,high-conf,true,258,
dracaena-trifasciata,dracaena-trifasciata,squash,bright_up,brightness,Snake plant (Sanseviera),1.0000,Aloe Vera,0.0000,1.0000,dracaena-trifasciata,"dracaena-trifasciata|aloe-vera|dracaena",true,high-conf,false,43,
dracaena-trifasciata,dracaena-trifasciata,center_crop,bright_up,brightness,Snake plant (Sanseviera),1.0000,Aloe Vera,0.0000,1.0000,dracaena-trifasciata,"dracaena-trifasciata|aloe-vera|dracaena",true,high-conf,false,52,
dracaena-trifasciata,dracaena-trifasciata,tta6,bright_up,brightness,Snake plant (Sanseviera),0.8872,Dracaena,0.1116,0.7756,dracaena-trifasciata,"dracaena-trifasciata|dracaena|tradescantia",true,high-conf,false,224,
dracaena-trifasciata,dracaena-trifasciata,squash,bright_down,brightness,Snake plant (Sanseviera),1.0000,Dracaena,0.0000,1.0000,dracaena-trifasciata,"dracaena-trifasciata|dracaena|aloe-vera",true,high-conf,false,44,
dracaena-trifasciata,dracaena-trifasciata,center_crop,bright_down,brightness,Snake plant (Sanseviera),1.0000,Dracaena,0.0000,1.0000,dracaena-trifasciata,"dracaena-trifasciata|dracaena|aloe-vera",true,high-conf,false,37,
dracaena-trifasciata,dracaena-trifasciata,tta6,bright_down,brightness,Snake plant (Sanseviera),0.9282,Dracaena,0.0718,0.8564,dracaena-trifasciata,"dracaena-trifasciata|dracaena|aloe-vera",true,high-conf,false,253,
dracaena-trifasciata,dracaena-trifasciata,squash,contrast_up,contrast,Snake plant (Sanseviera),1.0000,Dracaena,0.0000,1.0000,dracaena-trifasciata,"dracaena-trifasciata|dracaena|aloe-vera",true,high-conf,false,39,
dracaena-trifasciata,dracaena-trifasciata,center_crop,contrast_up,contrast,Snake plant (Sanseviera),1.0000,Dracaena,0.0000,1.0000,dracaena-trifasciata,"dracaena-trifasciata|dracaena|aloe-vera",true,high-conf,false,33,
dracaena-trifasciata,dracaena-trifasciata,tta6,contrast_up,contrast,Snake plant (Sanseviera),0.8334,Dracaena,0.1666,0.6667,dracaena-trifasciata,"dracaena-trifasciata|dracaena|aloe-vera",true,high-conf,false,254,
dracaena-trifasciata,dracaena-trifasciata,squash,contrast_down,contrast,Snake plant (Sanseviera),1.0000,Aloe Vera,0.0000,1.0000,dracaena-trifasciata,"dracaena-trifasciata|aloe-vera|tradescantia",true,high-conf,false,37,
dracaena-trifasciata,dracaena-trifasciata,center_crop,contrast_down,contrast,Snake plant (Sanseviera),1.0000,Aloe Vera,0.0000,1.0000,dracaena-trifasciata,"dracaena-trifasciata|aloe-vera|tradescantia",true,high-conf,false,44,
dracaena-trifasciata,dracaena-trifasciata,tta6,contrast_down,contrast,Snake plant (Sanseviera),0.9997,Dracaena,0.0001,0.9996,dracaena-trifasciata,"dracaena-trifasciata|dracaena|tradescantia",true,high-conf,false,297,
dracaena-trifasciata__01,dracaena-trifasciata,squash,clean,clean,Snake plant (Sanseviera),1.0000,Chinese evergreen (Aglaonema),0.0000,1.0000,dracaena-trifasciata,"dracaena-trifasciata|aglaonema|epipremnum-aureum",true,high-conf,false,36,
dracaena-trifasciata__01,dracaena-trifasciata,center_crop,clean,clean,Snake plant (Sanseviera),1.0000,Chinese evergreen (Aglaonema),0.0000,1.0000,dracaena-trifasciata,"dracaena-trifasciata|aglaonema|epipremnum-aureum",true,high-conf,false,35,
dracaena-trifasciata__01,dracaena-trifasciata,tta6,clean,clean,Snake plant (Sanseviera),0.9950,Chinese evergreen (Aglaonema),0.0050,0.9900,dracaena-trifasciata,"dracaena-trifasciata|aglaonema|zamioculcas-zamiifolia",true,high-conf,false,238,
dracaena-trifasciata__01,dracaena-trifasciata,squash,blur,blur,Snake plant (Sanseviera),0.5429,Ctenanthe,0.4317,0.1112,dracaena-trifasciata,"dracaena-trifasciata|ctenanthe|epipremnum-aureum",true,low-conf,false,26,
dracaena-trifasciata__01,dracaena-trifasciata,center_crop,blur,blur,Snake plant (Sanseviera),0.5429,Ctenanthe,0.4317,0.1112,dracaena-trifasciata,"dracaena-trifasciata|ctenanthe|epipremnum-aureum",true,low-conf,false,32,
dracaena-trifasciata__01,dracaena-trifasciata,tta6,blur,blur,Snake plant (Sanseviera),0.6383,Ctenanthe,0.2745,0.3638,dracaena-trifasciata,"dracaena-trifasciata|ctenanthe|epipremnum-aureum",true,high-conf,false,227,
dracaena-trifasciata__01,dracaena-trifasciata,squash,crop_center_zoom,crop,Snake plant (Sanseviera),0.9998,Chinese evergreen (Aglaonema),0.0002,0.9995,dracaena-trifasciata,"dracaena-trifasciata|aglaonema|zamioculcas-zamiifolia",true,high-conf,false,34,
dracaena-trifasciata__01,dracaena-trifasciata,center_crop,crop_center_zoom,crop,Snake plant (Sanseviera),0.9998,Chinese evergreen (Aglaonema),0.0002,0.9995,dracaena-trifasciata,"dracaena-trifasciata|aglaonema|zamioculcas-zamiifolia",true,high-conf,false,26,
dracaena-trifasciata__01,dracaena-trifasciata,tta6,crop_center_zoom,crop,Snake plant (Sanseviera),0.9999,Chinese evergreen (Aglaonema),0.0001,0.9998,dracaena-trifasciata,"dracaena-trifasciata|aglaonema|epipremnum-aureum",true,high-conf,false,210,
dracaena-trifasciata__01,dracaena-trifasciata,squash,crop_offcenter_zoom,crop,Chinese evergreen (Aglaonema),0.9260,Snake plant (Sanseviera),0.0635,0.8625,aglaonema,"aglaonema|dracaena-trifasciata|alocasia",true,high-conf,true,33,
dracaena-trifasciata__01,dracaena-trifasciata,center_crop,crop_offcenter_zoom,crop,Chinese evergreen (Aglaonema),0.9260,Snake plant (Sanseviera),0.0635,0.8625,aglaonema,"aglaonema|dracaena-trifasciata|alocasia",true,high-conf,true,62,
dracaena-trifasciata__01,dracaena-trifasciata,tta6,crop_offcenter_zoom,crop,Snake plant (Sanseviera),0.6875,Chinese evergreen (Aglaonema),0.3089,0.3787,dracaena-trifasciata,"dracaena-trifasciata|aglaonema|alocasia",true,high-conf,false,228,
dracaena-trifasciata__01,dracaena-trifasciata,squash,rotate_+15,rotate,Snake plant (Sanseviera),0.9668,Chinese evergreen (Aglaonema),0.0319,0.9349,dracaena-trifasciata,"dracaena-trifasciata|aglaonema|epipremnum-aureum",true,high-conf,false,42,
dracaena-trifasciata__01,dracaena-trifasciata,center_crop,rotate_+15,rotate,Snake plant (Sanseviera),0.9668,Chinese evergreen (Aglaonema),0.0319,0.9349,dracaena-trifasciata,"dracaena-trifasciata|aglaonema|epipremnum-aureum",true,high-conf,false,31,
dracaena-trifasciata__01,dracaena-trifasciata,tta6,rotate_+15,rotate,Snake plant (Sanseviera),0.9888,Chinese evergreen (Aglaonema),0.0107,0.9782,dracaena-trifasciata,"dracaena-trifasciata|aglaonema|epipremnum-aureum",true,high-conf,false,203,
dracaena-trifasciata__01,dracaena-trifasciata,squash,rotate_-15,rotate,Snake plant (Sanseviera),1.0000,Pothos (Ivy arum),0.0000,1.0000,dracaena-trifasciata,"dracaena-trifasciata|epipremnum-aureum|zamioculcas-zamiifolia",true,high-conf,false,29,
dracaena-trifasciata__01,dracaena-trifasciata,center_crop,rotate_-15,rotate,Snake plant (Sanseviera),1.0000,Pothos (Ivy arum),0.0000,1.0000,dracaena-trifasciata,"dracaena-trifasciata|epipremnum-aureum|zamioculcas-zamiifolia",true,high-conf,false,31,
dracaena-trifasciata__01,dracaena-trifasciata,tta6,rotate_-15,rotate,Snake plant (Sanseviera),1.0000,Chinese evergreen (Aglaonema),0.0000,0.9999,dracaena-trifasciata,"dracaena-trifasciata|aglaonema|alocasia",true,high-conf,false,262,
dracaena-trifasciata__01,dracaena-trifasciata,squash,rotate_+90,rotate,Snake plant (Sanseviera),0.9862,Pothos (Ivy arum),0.0134,0.9729,dracaena-trifasciata,"dracaena-trifasciata|epipremnum-aureum|zamioculcas-zamiifolia",true,high-conf,false,53,
dracaena-trifasciata__01,dracaena-trifasciata,center_crop,rotate_+90,rotate,Snake plant (Sanseviera),0.9862,Pothos (Ivy arum),0.0134,0.9729,dracaena-trifasciata,"dracaena-trifasciata|epipremnum-aureum|zamioculcas-zamiifolia",true,high-conf,false,45,
dracaena-trifasciata__01,dracaena-trifasciata,tta6,rotate_+90,rotate,Snake plant (Sanseviera),0.8288,Chinese evergreen (Aglaonema),0.1666,0.6622,dracaena-trifasciata,"dracaena-trifasciata|aglaonema|epipremnum-aureum",true,high-conf,false,384,
dracaena-trifasciata__01,dracaena-trifasciata,squash,rotate_-90,rotate,Chinese evergreen (Aglaonema),0.6135,Snake plant (Sanseviera),0.3855,0.2280,aglaonema,"aglaonema|dracaena-trifasciata|dieffenbachia",true,low-conf,false,27,
dracaena-trifasciata__01,dracaena-trifasciata,center_crop,rotate_-90,rotate,Chinese evergreen (Aglaonema),0.6135,Snake plant (Sanseviera),0.3855,0.2280,aglaonema,"aglaonema|dracaena-trifasciata|dieffenbachia",true,low-conf,false,34,
dracaena-trifasciata__01,dracaena-trifasciata,tta6,rotate_-90,rotate,Snake plant (Sanseviera),0.7859,Chinese evergreen (Aglaonema),0.2132,0.5727,dracaena-trifasciata,"dracaena-trifasciata|aglaonema|epipremnum-aureum",true,high-conf,false,231,
dracaena-trifasciata__01,dracaena-trifasciata,squash,bright_up,brightness,Snake plant (Sanseviera),1.0000,Chinese evergreen (Aglaonema),0.0000,1.0000,dracaena-trifasciata,"dracaena-trifasciata|aglaonema|epipremnum-aureum",true,high-conf,false,40,
dracaena-trifasciata__01,dracaena-trifasciata,center_crop,bright_up,brightness,Snake plant (Sanseviera),1.0000,Chinese evergreen (Aglaonema),0.0000,1.0000,dracaena-trifasciata,"dracaena-trifasciata|aglaonema|epipremnum-aureum",true,high-conf,false,44,
dracaena-trifasciata__01,dracaena-trifasciata,tta6,bright_up,brightness,Snake plant (Sanseviera),0.9970,Chinese evergreen (Aglaonema),0.0030,0.9940,dracaena-trifasciata,"dracaena-trifasciata|aglaonema|zamioculcas-zamiifolia",true,high-conf,false,250,
dracaena-trifasciata__01,dracaena-trifasciata,squash,bright_down,brightness,Snake plant (Sanseviera),1.0000,Chinese evergreen (Aglaonema),0.0000,1.0000,dracaena-trifasciata,"dracaena-trifasciata|aglaonema|hedera-helix",true,high-conf,false,35,
dracaena-trifasciata__01,dracaena-trifasciata,center_crop,bright_down,brightness,Snake plant (Sanseviera),1.0000,Chinese evergreen (Aglaonema),0.0000,1.0000,dracaena-trifasciata,"dracaena-trifasciata|aglaonema|hedera-helix",true,high-conf,false,51,
dracaena-trifasciata__01,dracaena-trifasciata,tta6,bright_down,brightness,Snake plant (Sanseviera),1.0000,Chinese evergreen (Aglaonema),0.0000,1.0000,dracaena-trifasciata,"dracaena-trifasciata|aglaonema|zamioculcas-zamiifolia",true,high-conf,false,252,
dracaena-trifasciata__01,dracaena-trifasciata,squash,contrast_up,contrast,Snake plant (Sanseviera),1.0000,Chinese evergreen (Aglaonema),0.0000,1.0000,dracaena-trifasciata,"dracaena-trifasciata|aglaonema|alocasia",true,high-conf,false,45,
dracaena-trifasciata__01,dracaena-trifasciata,center_crop,contrast_up,contrast,Snake plant (Sanseviera),1.0000,Chinese evergreen (Aglaonema),0.0000,1.0000,dracaena-trifasciata,"dracaena-trifasciata|aglaonema|alocasia",true,high-conf,false,40,
dracaena-trifasciata__01,dracaena-trifasciata,tta6,contrast_up,contrast,Snake plant (Sanseviera),1.0000,Chinese evergreen (Aglaonema),0.0000,1.0000,dracaena-trifasciata,"dracaena-trifasciata|aglaonema|zamioculcas-zamiifolia",true,high-conf,false,245,
dracaena-trifasciata__01,dracaena-trifasciata,squash,contrast_down,contrast,Snake plant (Sanseviera),0.9996,Chinese evergreen (Aglaonema),0.0004,0.9993,dracaena-trifasciata,"dracaena-trifasciata|aglaonema|epipremnum-aureum",true,high-conf,false,31,
dracaena-trifasciata__01,dracaena-trifasciata,center_crop,contrast_down,contrast,Snake plant (Sanseviera),0.9996,Chinese evergreen (Aglaonema),0.0004,0.9993,dracaena-trifasciata,"dracaena-trifasciata|aglaonema|epipremnum-aureum",true,high-conf,false,33,
dracaena-trifasciata__01,dracaena-trifasciata,tta6,contrast_down,contrast,Snake plant (Sanseviera),0.9300,Chinese evergreen (Aglaonema),0.0700,0.8600,dracaena-trifasciata,"dracaena-trifasciata|aglaonema|epipremnum-aureum",true,high-conf,false,267,
dracaena-trifasciata__02,dracaena-trifasciata,squash,clean,clean,Snake plant (Sanseviera),1.0000,Chinese evergreen (Aglaonema),0.0000,1.0000,dracaena-trifasciata,"dracaena-trifasciata|aglaonema|dieffenbachia",true,high-conf,false,42,
dracaena-trifasciata__02,dracaena-trifasciata,center_crop,clean,clean,Snake plant (Sanseviera),1.0000,Chinese evergreen (Aglaonema),0.0000,1.0000,dracaena-trifasciata,"dracaena-trifasciata|aglaonema|dieffenbachia",true,high-conf,false,33,
dracaena-trifasciata__02,dracaena-trifasciata,tta6,clean,clean,Snake plant (Sanseviera),0.9999,Chinese evergreen (Aglaonema),0.0001,0.9999,dracaena-trifasciata,"dracaena-trifasciata|aglaonema|dieffenbachia",true,high-conf,false,219,
dracaena-trifasciata__02,dracaena-trifasciata,squash,blur,blur,Snake plant (Sanseviera),0.9406,Calathea,0.0594,0.8812,dracaena-trifasciata,"dracaena-trifasciata|goeppertia-orbifolia|dieffenbachia",true,high-conf,false,31,
dracaena-trifasciata__02,dracaena-trifasciata,center_crop,blur,blur,Snake plant (Sanseviera),0.9406,Calathea,0.0594,0.8812,dracaena-trifasciata,"dracaena-trifasciata|goeppertia-orbifolia|dieffenbachia",true,high-conf,false,35,
dracaena-trifasciata__02,dracaena-trifasciata,tta6,blur,blur,Snake plant (Sanseviera),0.9791,Calathea,0.0209,0.9582,dracaena-trifasciata,"dracaena-trifasciata|goeppertia-orbifolia|dieffenbachia",true,high-conf,false,233,
dracaena-trifasciata__02,dracaena-trifasciata,squash,crop_center_zoom,crop,Snake plant (Sanseviera),0.9887,Chinese evergreen (Aglaonema),0.0113,0.9774,dracaena-trifasciata,"dracaena-trifasciata|aglaonema|dieffenbachia",true,high-conf,false,30,
dracaena-trifasciata__02,dracaena-trifasciata,center_crop,crop_center_zoom,crop,Snake plant (Sanseviera),0.9887,Chinese evergreen (Aglaonema),0.0113,0.9774,dracaena-trifasciata,"dracaena-trifasciata|aglaonema|dieffenbachia",true,high-conf,false,34,
dracaena-trifasciata__02,dracaena-trifasciata,tta6,crop_center_zoom,crop,Snake plant (Sanseviera),0.9942,Chinese evergreen (Aglaonema),0.0058,0.9884,dracaena-trifasciata,"dracaena-trifasciata|aglaonema|dieffenbachia",true,high-conf,false,252,
dracaena-trifasciata__02,dracaena-trifasciata,squash,crop_offcenter_zoom,crop,Snake plant (Sanseviera),1.0000,Chinese evergreen (Aglaonema),0.0000,1.0000,dracaena-trifasciata,"dracaena-trifasciata|aglaonema|dieffenbachia",true,high-conf,false,59,
dracaena-trifasciata__02,dracaena-trifasciata,center_crop,crop_offcenter_zoom,crop,Snake plant (Sanseviera),1.0000,Chinese evergreen (Aglaonema),0.0000,1.0000,dracaena-trifasciata,"dracaena-trifasciata|aglaonema|dieffenbachia",true,high-conf,false,36,
dracaena-trifasciata__02,dracaena-trifasciata,tta6,crop_offcenter_zoom,crop,Snake plant (Sanseviera),0.9996,Chinese evergreen (Aglaonema),0.0004,0.9993,dracaena-trifasciata,"dracaena-trifasciata|aglaonema|dieffenbachia",true,high-conf,false,200,
dracaena-trifasciata__02,dracaena-trifasciata,squash,rotate_+15,rotate,Snake plant (Sanseviera),1.0000,Cast Iron Plant (Aspidistra elatior),0.0000,1.0000,dracaena-trifasciata,"dracaena-trifasciata|aspidistra-elatior|aglaonema",true,high-conf,false,32,
dracaena-trifasciata__02,dracaena-trifasciata,center_crop,rotate_+15,rotate,Snake plant (Sanseviera),1.0000,Cast Iron Plant (Aspidistra elatior),0.0000,1.0000,dracaena-trifasciata,"dracaena-trifasciata|aspidistra-elatior|aglaonema",true,high-conf,false,45,
dracaena-trifasciata__02,dracaena-trifasciata,tta6,rotate_+15,rotate,Snake plant (Sanseviera),1.0000,Chinese evergreen (Aglaonema),0.0000,1.0000,dracaena-trifasciata,"dracaena-trifasciata|aglaonema|begonia",true,high-conf,false,305,
dracaena-trifasciata__02,dracaena-trifasciata,squash,rotate_-15,rotate,Snake plant (Sanseviera),1.0000,Chinese evergreen (Aglaonema),0.0000,1.0000,dracaena-trifasciata,"dracaena-trifasciata|aglaonema|spathiphyllum-wallisii",true,high-conf,false,45,
dracaena-trifasciata__02,dracaena-trifasciata,center_crop,rotate_-15,rotate,Snake plant (Sanseviera),1.0000,Chinese evergreen (Aglaonema),0.0000,1.0000,dracaena-trifasciata,"dracaena-trifasciata|aglaonema|spathiphyllum-wallisii",true,high-conf,false,31,
dracaena-trifasciata__02,dracaena-trifasciata,tta6,rotate_-15,rotate,Snake plant (Sanseviera),1.0000,Chinese evergreen (Aglaonema),0.0000,1.0000,dracaena-trifasciata,"dracaena-trifasciata|aglaonema|dieffenbachia",true,high-conf,false,254,
dracaena-trifasciata__02,dracaena-trifasciata,squash,rotate_+90,rotate,Chinese evergreen (Aglaonema),0.8840,Snake plant (Sanseviera),0.0861,0.7979,aglaonema,"aglaonema|dracaena-trifasciata|monstera-deliciosa",true,high-conf,true,31,
dracaena-trifasciata__02,dracaena-trifasciata,center_crop,rotate_+90,rotate,Chinese evergreen (Aglaonema),0.8840,Snake plant (Sanseviera),0.0861,0.7979,aglaonema,"aglaonema|dracaena-trifasciata|monstera-deliciosa",true,high-conf,true,37,
dracaena-trifasciata__02,dracaena-trifasciata,tta6,rotate_+90,rotate,Snake plant (Sanseviera),0.6889,Chinese evergreen (Aglaonema),0.3010,0.3879,dracaena-trifasciata,"dracaena-trifasciata|aglaonema|monstera-deliciosa",true,high-conf,false,203,
dracaena-trifasciata__02,dracaena-trifasciata,squash,rotate_-90,rotate,Snake plant (Sanseviera),1.0000,Chinese evergreen (Aglaonema),0.0000,1.0000,dracaena-trifasciata,"dracaena-trifasciata|aglaonema|aspidistra-elatior",true,high-conf,false,35,
dracaena-trifasciata__02,dracaena-trifasciata,center_crop,rotate_-90,rotate,Snake plant (Sanseviera),1.0000,Chinese evergreen (Aglaonema),0.0000,1.0000,dracaena-trifasciata,"dracaena-trifasciata|aglaonema|aspidistra-elatior",true,high-conf,false,35,
dracaena-trifasciata__02,dracaena-trifasciata,tta6,rotate_-90,rotate,Snake plant (Sanseviera),0.9738,Chinese evergreen (Aglaonema),0.0262,0.9476,dracaena-trifasciata,"dracaena-trifasciata|aglaonema|aspidistra-elatior",true,high-conf,false,242,
dracaena-trifasciata__02,dracaena-trifasciata,squash,bright_up,brightness,Snake plant (Sanseviera),1.0000,Chinese evergreen (Aglaonema),0.0000,1.0000,dracaena-trifasciata,"dracaena-trifasciata|aglaonema|dieffenbachia",true,high-conf,false,51,
dracaena-trifasciata__02,dracaena-trifasciata,center_crop,bright_up,brightness,Snake plant (Sanseviera),1.0000,Chinese evergreen (Aglaonema),0.0000,1.0000,dracaena-trifasciata,"dracaena-trifasciata|aglaonema|dieffenbachia",true,high-conf,false,47,
dracaena-trifasciata__02,dracaena-trifasciata,tta6,bright_up,brightness,Snake plant (Sanseviera),1.0000,Dumb Cane (Dieffenbachia spp.),0.0000,1.0000,dracaena-trifasciata,"dracaena-trifasciata|dieffenbachia|aglaonema",true,high-conf,false,434,
dracaena-trifasciata__02,dracaena-trifasciata,squash,bright_down,brightness,Snake plant (Sanseviera),0.9966,Calathea,0.0033,0.9933,dracaena-trifasciata,"dracaena-trifasciata|goeppertia-orbifolia|dieffenbachia",true,high-conf,false,48,
dracaena-trifasciata__02,dracaena-trifasciata,center_crop,bright_down,brightness,Snake plant (Sanseviera),0.9966,Calathea,0.0033,0.9933,dracaena-trifasciata,"dracaena-trifasciata|goeppertia-orbifolia|dieffenbachia",true,high-conf,false,42,
dracaena-trifasciata__02,dracaena-trifasciata,tta6,bright_down,brightness,Snake plant (Sanseviera),0.9989,Calathea,0.0011,0.9977,dracaena-trifasciata,"dracaena-trifasciata|goeppertia-orbifolia|dieffenbachia",true,high-conf,false,243,
dracaena-trifasciata__02,dracaena-trifasciata,squash,contrast_up,contrast,Snake plant (Sanseviera),1.0000,Chinese evergreen (Aglaonema),0.0000,0.9999,dracaena-trifasciata,"dracaena-trifasciata|aglaonema|goeppertia-orbifolia",true,high-conf,false,34,
dracaena-trifasciata__02,dracaena-trifasciata,center_crop,contrast_up,contrast,Snake plant (Sanseviera),1.0000,Chinese evergreen (Aglaonema),0.0000,0.9999,dracaena-trifasciata,"dracaena-trifasciata|aglaonema|goeppertia-orbifolia",true,high-conf,false,34,
dracaena-trifasciata__02,dracaena-trifasciata,tta6,contrast_up,contrast,Snake plant (Sanseviera),0.9996,Chinese evergreen (Aglaonema),0.0003,0.9993,dracaena-trifasciata,"dracaena-trifasciata|aglaonema|dieffenbachia",true,high-conf,false,250,
dracaena-trifasciata__02,dracaena-trifasciata,squash,contrast_down,contrast,Snake plant (Sanseviera),1.0000,Chinese evergreen (Aglaonema),0.0000,1.0000,dracaena-trifasciata,"dracaena-trifasciata|aglaonema|dieffenbachia",true,high-conf,false,37,
dracaena-trifasciata__02,dracaena-trifasciata,center_crop,contrast_down,contrast,Snake plant (Sanseviera),1.0000,Chinese evergreen (Aglaonema),0.0000,1.0000,dracaena-trifasciata,"dracaena-trifasciata|aglaonema|dieffenbachia",true,high-conf,false,44,
dracaena-trifasciata__02,dracaena-trifasciata,tta6,contrast_down,contrast,Snake plant (Sanseviera),1.0000,Chinese evergreen (Aglaonema),0.0000,1.0000,dracaena-trifasciata,"dracaena-trifasciata|aglaonema|dieffenbachia",true,high-conf,false,234,
dracaena__01,dracaena,squash,clean,clean,Parlor Palm (Chamaedorea elegans),0.8976,Peace lily,0.0629,0.8347,chamaedorea-elegans,"chamaedorea-elegans|spathiphyllum-wallisii|tradescantia",true,high-conf,true,41,
dracaena__01,dracaena,center_crop,clean,clean,Parlor Palm (Chamaedorea elegans),0.8976,Peace lily,0.0629,0.8347,chamaedorea-elegans,"chamaedorea-elegans|spathiphyllum-wallisii|tradescantia",true,high-conf,true,38,
dracaena__01,dracaena,tta6,clean,clean,Parlor Palm (Chamaedorea elegans),0.9456,Peace lily,0.0233,0.9223,chamaedorea-elegans,"chamaedorea-elegans|spathiphyllum-wallisii|tradescantia",true,high-conf,true,219,
dracaena__01,dracaena,squash,blur,blur,English Ivy (Hedera helix),0.8096,Asparagus Fern (Asparagus setaceus),0.1265,0.6830,hedera-helix,"hedera-helix|asparagus-setaceus|zamioculcas-zamiifolia",true,high-conf,true,34,
dracaena__01,dracaena,center_crop,blur,blur,English Ivy (Hedera helix),0.8096,Asparagus Fern (Asparagus setaceus),0.1265,0.6830,hedera-helix,"hedera-helix|asparagus-setaceus|zamioculcas-zamiifolia",true,high-conf,true,36,
dracaena__01,dracaena,tta6,blur,blur,English Ivy (Hedera helix),0.4186,Elephant Ear (Alocasia spp.),0.2819,0.1367,hedera-helix,"hedera-helix|alocasia|zamioculcas-zamiifolia",true,low-conf,false,229,
dracaena__01,dracaena,squash,crop_center_zoom,crop,Parlor Palm (Chamaedorea elegans),1.0000,Tradescantia,0.0000,1.0000,chamaedorea-elegans,"chamaedorea-elegans|tradescantia|asplenium-nidus",true,high-conf,true,31,
dracaena__01,dracaena,center_crop,crop_center_zoom,crop,Parlor Palm (Chamaedorea elegans),1.0000,Tradescantia,0.0000,1.0000,chamaedorea-elegans,"chamaedorea-elegans|tradescantia|asplenium-nidus",true,high-conf,true,26,
dracaena__01,dracaena,tta6,crop_center_zoom,crop,Parlor Palm (Chamaedorea elegans),0.6979,Birds Nest Fern (Asplenium nidus),0.1132,0.5847,chamaedorea-elegans,"chamaedorea-elegans|asplenium-nidus|zamioculcas-zamiifolia",true,high-conf,true,230,
dracaena__01,dracaena,squash,crop_offcenter_zoom,crop,Parlor Palm (Chamaedorea elegans),0.9005,Tradescantia,0.0636,0.8369,chamaedorea-elegans,"chamaedorea-elegans|tradescantia|spathiphyllum-wallisii",true,high-conf,true,67,
dracaena__01,dracaena,center_crop,crop_offcenter_zoom,crop,Parlor Palm (Chamaedorea elegans),0.9005,Tradescantia,0.0636,0.8369,chamaedorea-elegans,"chamaedorea-elegans|tradescantia|spathiphyllum-wallisii",true,high-conf,true,66,
dracaena__01,dracaena,tta6,crop_offcenter_zoom,crop,Parlor Palm (Chamaedorea elegans),0.4363,Peace lily,0.1533,0.2830,chamaedorea-elegans,"chamaedorea-elegans|spathiphyllum-wallisii|tradescantia",true,low-conf,false,345,
dracaena__01,dracaena,squash,rotate_+15,rotate,Parlor Palm (Chamaedorea elegans),0.8058,Cast Iron Plant (Aspidistra elatior),0.1085,0.6973,chamaedorea-elegans,"chamaedorea-elegans|aspidistra-elatior|zamioculcas-zamiifolia",true,high-conf,true,81,
dracaena__01,dracaena,center_crop,rotate_+15,rotate,Parlor Palm (Chamaedorea elegans),0.8058,Cast Iron Plant (Aspidistra elatior),0.1085,0.6973,chamaedorea-elegans,"chamaedorea-elegans|aspidistra-elatior|zamioculcas-zamiifolia",true,high-conf,true,150,
dracaena__01,dracaena,tta6,rotate_+15,rotate,Parlor Palm (Chamaedorea elegans),0.5959,ZZ Plant (Zamioculcas zamiifolia),0.2661,0.3298,chamaedorea-elegans,"chamaedorea-elegans|zamioculcas-zamiifolia|aspidistra-elatior",true,high-conf,true,861,
dracaena__01,dracaena,squash,rotate_-15,rotate,Pothos (Ivy arum),0.9990,Cast Iron Plant (Aspidistra elatior),0.0007,0.9984,epipremnum-aureum,"epipremnum-aureum|aspidistra-elatior|tradescantia",true,high-conf,true,117,
dracaena__01,dracaena,center_crop,rotate_-15,rotate,Pothos (Ivy arum),0.9990,Cast Iron Plant (Aspidistra elatior),0.0007,0.9984,epipremnum-aureum,"epipremnum-aureum|aspidistra-elatior|tradescantia",true,high-conf,true,65,
dracaena__01,dracaena,tta6,rotate_-15,rotate,Pothos (Ivy arum),0.3991,Tradescantia,0.2459,0.1532,epipremnum-aureum,"epipremnum-aureum|tradescantia|chamaedorea-elegans",true,low-conf,false,300,
dracaena__01,dracaena,squash,rotate_+90,rotate,Aloe Vera,0.9534,Parlor Palm (Chamaedorea elegans),0.0466,0.9068,aloe-vera,"aloe-vera|chamaedorea-elegans|zamioculcas-zamiifolia",true,high-conf,true,53,
dracaena__01,dracaena,center_crop,rotate_+90,rotate,Aloe Vera,0.9534,Parlor Palm (Chamaedorea elegans),0.0466,0.9068,aloe-vera,"aloe-vera|chamaedorea-elegans|zamioculcas-zamiifolia",true,high-conf,true,49,
dracaena__01,dracaena,tta6,rotate_+90,rotate,Aloe Vera,0.7505,Parlor Palm (Chamaedorea elegans),0.1024,0.6481,aloe-vera,"aloe-vera|chamaedorea-elegans|zamioculcas-zamiifolia",true,high-conf,true,382,
dracaena__01,dracaena,squash,rotate_-90,rotate,ZZ Plant (Zamioculcas zamiifolia),0.8114,Aloe Vera,0.0942,0.7171,zamioculcas-zamiifolia,"zamioculcas-zamiifolia|aloe-vera|asplenium-nidus",true,high-conf,true,133,
dracaena__01,dracaena,center_crop,rotate_-90,rotate,ZZ Plant (Zamioculcas zamiifolia),0.8114,Aloe Vera,0.0942,0.7171,zamioculcas-zamiifolia,"zamioculcas-zamiifolia|aloe-vera|asplenium-nidus",true,high-conf,true,90,
dracaena__01,dracaena,tta6,rotate_-90,rotate,ZZ Plant (Zamioculcas zamiifolia),0.6991,Parlor Palm (Chamaedorea elegans),0.1589,0.5403,zamioculcas-zamiifolia,"zamioculcas-zamiifolia|chamaedorea-elegans|aloe-vera",true,high-conf,true,542,
dracaena__01,dracaena,squash,bright_up,brightness,Tradescantia,0.5312,Parlor Palm (Chamaedorea elegans),0.4549,0.0762,tradescantia,"tradescantia|chamaedorea-elegans|spathiphyllum-wallisii",true,low-conf,false,61,
dracaena__01,dracaena,center_crop,bright_up,brightness,Tradescantia,0.5312,Parlor Palm (Chamaedorea elegans),0.4549,0.0762,tradescantia,"tradescantia|chamaedorea-elegans|spathiphyllum-wallisii",true,low-conf,false,74,
dracaena__01,dracaena,tta6,bright_up,brightness,Parlor Palm (Chamaedorea elegans),0.6832,Tradescantia,0.3105,0.3727,chamaedorea-elegans,"chamaedorea-elegans|tradescantia|spathiphyllum-wallisii",true,high-conf,true,295,
dracaena__01,dracaena,squash,bright_down,brightness,Parlor Palm (Chamaedorea elegans),0.6100,Peace lily,0.2706,0.3394,chamaedorea-elegans,"chamaedorea-elegans|spathiphyllum-wallisii|goeppertia-orbifolia",true,high-conf,true,68,
dracaena__01,dracaena,center_crop,bright_down,brightness,Parlor Palm (Chamaedorea elegans),0.6100,Peace lily,0.2706,0.3394,chamaedorea-elegans,"chamaedorea-elegans|spathiphyllum-wallisii|goeppertia-orbifolia",true,high-conf,true,63,
dracaena__01,dracaena,tta6,bright_down,brightness,Parlor Palm (Chamaedorea elegans),0.7738,Peace lily,0.1394,0.6345,chamaedorea-elegans,"chamaedorea-elegans|spathiphyllum-wallisii|goeppertia-orbifolia",true,high-conf,true,432,
dracaena__01,dracaena,squash,contrast_up,contrast,Parlor Palm (Chamaedorea elegans),0.9647,Birds Nest Fern (Asplenium nidus),0.0278,0.9369,chamaedorea-elegans,"chamaedorea-elegans|asplenium-nidus|spathiphyllum-wallisii",true,high-conf,true,63,
dracaena__01,dracaena,center_crop,contrast_up,contrast,Parlor Palm (Chamaedorea elegans),0.9647,Birds Nest Fern (Asplenium nidus),0.0278,0.9369,chamaedorea-elegans,"chamaedorea-elegans|asplenium-nidus|spathiphyllum-wallisii",true,high-conf,true,51,
dracaena__01,dracaena,tta6,contrast_up,contrast,Parlor Palm (Chamaedorea elegans),0.9781,Birds Nest Fern (Asplenium nidus),0.0169,0.9612,chamaedorea-elegans,"chamaedorea-elegans|asplenium-nidus|tradescantia",true,high-conf,true,286,
dracaena__01,dracaena,squash,contrast_down,contrast,Lily of the valley (Convallaria majalis),0.6341,Parlor Palm (Chamaedorea elegans),0.2834,0.3507,chamaedorea-elegans,"chamaedorea-elegans|spathiphyllum-wallisii|zamioculcas-zamiifolia",true,low-conf,false,38,
dracaena__01,dracaena,center_crop,contrast_down,contrast,Lily of the valley (Convallaria majalis),0.6341,Parlor Palm (Chamaedorea elegans),0.2834,0.3507,chamaedorea-elegans,"chamaedorea-elegans|spathiphyllum-wallisii|zamioculcas-zamiifolia",true,low-conf,false,48,
dracaena__01,dracaena,tta6,contrast_down,contrast,Parlor Palm (Chamaedorea elegans),0.5523,Lily of the valley (Convallaria majalis),0.3684,0.1839,chamaedorea-elegans,"chamaedorea-elegans|tradescantia|spathiphyllum-wallisii",true,low-conf,false,515,
dracaena__02,dracaena,squash,clean,clean,Ponytail Palm (Beaucarnea recurvata),0.9998,Aloe Vera,0.0002,0.9995,beaucarnea-recurvata,"beaucarnea-recurvata|aloe-vera|tradescantia",true,high-conf,true,42,
dracaena__02,dracaena,center_crop,clean,clean,Ponytail Palm (Beaucarnea recurvata),0.9998,Aloe Vera,0.0002,0.9995,beaucarnea-recurvata,"beaucarnea-recurvata|aloe-vera|tradescantia",true,high-conf,true,95,
dracaena__02,dracaena,tta6,clean,clean,Ponytail Palm (Beaucarnea recurvata),0.5132,Dracaena,0.2622,0.2509,beaucarnea-recurvata,"beaucarnea-recurvata|dracaena|tradescantia",true,low-conf,false,431,
dracaena__02,dracaena,squash,blur,blur,Aloe Vera,0.8517,Tradescantia,0.1408,0.7109,aloe-vera,"aloe-vera|tradescantia|chamaedorea-elegans",true,high-conf,true,70,
dracaena__02,dracaena,center_crop,blur,blur,Aloe Vera,0.8517,Tradescantia,0.1408,0.7109,aloe-vera,"aloe-vera|tradescantia|chamaedorea-elegans",true,high-conf,true,53,
dracaena__02,dracaena,tta6,blur,blur,Aloe Vera,0.9315,Tradescantia,0.0527,0.8788,aloe-vera,"aloe-vera|tradescantia|chamaedorea-elegans",true,high-conf,true,467,
dracaena__02,dracaena,squash,crop_center_zoom,crop,Tradescantia,0.8522,Dracaena,0.1024,0.7497,tradescantia,"tradescantia|dracaena|aloe-vera",true,high-conf,true,119,
dracaena__02,dracaena,center_crop,crop_center_zoom,crop,Tradescantia,0.8522,Dracaena,0.1024,0.7497,tradescantia,"tradescantia|dracaena|aloe-vera",true,high-conf,true,79,
dracaena__02,dracaena,tta6,crop_center_zoom,crop,Tradescantia,0.6560,Dracaena,0.3245,0.3315,tradescantia,"tradescantia|dracaena|aloe-vera",true,high-conf,true,869,
dracaena__02,dracaena,squash,crop_offcenter_zoom,crop,Dracaena,0.9988,Tradescantia,0.0008,0.9981,dracaena,"dracaena|tradescantia|aloe-vera",true,high-conf,false,89,
dracaena__02,dracaena,center_crop,crop_offcenter_zoom,crop,Dracaena,0.9988,Tradescantia,0.0008,0.9981,dracaena,"dracaena|tradescantia|aloe-vera",true,high-conf,false,79,
dracaena__02,dracaena,tta6,crop_offcenter_zoom,crop,Dracaena,0.5013,Tradescantia,0.4546,0.0466,dracaena,"dracaena|tradescantia|aloe-vera",true,low-conf,false,500,
dracaena__02,dracaena,squash,rotate_+15,rotate,Tradescantia,0.9778,Dracaena,0.0197,0.9581,tradescantia,"tradescantia|dracaena|pachira-aquatica",true,high-conf,true,64,
dracaena__02,dracaena,center_crop,rotate_+15,rotate,Tradescantia,0.9778,Dracaena,0.0197,0.9581,tradescantia,"tradescantia|dracaena|pachira-aquatica",true,high-conf,true,71,
dracaena__02,dracaena,tta6,rotate_+15,rotate,Tradescantia,0.8073,Dracaena,0.1809,0.6264,tradescantia,"tradescantia|dracaena|aloe-vera",true,high-conf,true,621,
dracaena__02,dracaena,squash,rotate_-15,rotate,Dracaena,0.9858,Tradescantia,0.0141,0.9717,dracaena,"dracaena|tradescantia|aspidistra-elatior",true,high-conf,false,62,
dracaena__02,dracaena,center_crop,rotate_-15,rotate,Dracaena,0.9858,Tradescantia,0.0141,0.9717,dracaena,"dracaena|tradescantia|aspidistra-elatior",true,high-conf,false,52,
dracaena__02,dracaena,tta6,rotate_-15,rotate,Dracaena,0.5791,Tradescantia,0.4195,0.1596,dracaena,"dracaena|tradescantia|beaucarnea-recurvata",true,low-conf,false,296,
dracaena__02,dracaena,squash,rotate_+90,rotate,Aloe Vera,0.6816,Chinese evergreen (Aglaonema),0.1430,0.5386,aloe-vera,"aloe-vera|aglaonema|alocasia",true,high-conf,true,37,
dracaena__02,dracaena,center_crop,rotate_+90,rotate,Aloe Vera,0.6816,Chinese evergreen (Aglaonema),0.1430,0.5386,aloe-vera,"aloe-vera|aglaonema|alocasia",true,high-conf,true,47,
dracaena__02,dracaena,tta6,rotate_+90,rotate,Tradescantia,0.4224,Aloe Vera,0.2780,0.1444,tradescantia,"tradescantia|aloe-vera|alocasia",true,low-conf,false,496,
dracaena__02,dracaena,squash,rotate_-90,rotate,Tradescantia,0.6439,Lilium (Hemerocallis),0.3195,0.3244,tradescantia,"tradescantia|aloe-vera|ctenanthe",true,high-conf,true,71,
dracaena__02,dracaena,center_crop,rotate_-90,rotate,Tradescantia,0.6439,Lilium (Hemerocallis),0.3195,0.3244,tradescantia,"tradescantia|aloe-vera|ctenanthe",true,high-conf,true,86,
dracaena__02,dracaena,tta6,rotate_-90,rotate,Tradescantia,0.4926,Aloe Vera,0.3835,0.1091,tradescantia,"tradescantia|aloe-vera|ctenanthe",true,low-conf,false,382,
dracaena__02,dracaena,squash,bright_up,brightness,Ponytail Palm (Beaucarnea recurvata),0.9979,Tradescantia,0.0020,0.9958,beaucarnea-recurvata,"beaucarnea-recurvata|tradescantia|aloe-vera",true,high-conf,true,66,
dracaena__02,dracaena,center_crop,bright_up,brightness,Ponytail Palm (Beaucarnea recurvata),0.9979,Tradescantia,0.0020,0.9958,beaucarnea-recurvata,"beaucarnea-recurvata|tradescantia|aloe-vera",true,high-conf,true,46,
dracaena__02,dracaena,tta6,bright_up,brightness,Ponytail Palm (Beaucarnea recurvata),0.4965,Tradescantia,0.3365,0.1599,beaucarnea-recurvata,"beaucarnea-recurvata|tradescantia|dracaena",true,low-conf,false,230,
dracaena__02,dracaena,squash,bright_down,brightness,Ponytail Palm (Beaucarnea recurvata),0.9975,Tradescantia,0.0015,0.9960,beaucarnea-recurvata,"beaucarnea-recurvata|tradescantia|aloe-vera",true,high-conf,true,32,
dracaena__02,dracaena,center_crop,bright_down,brightness,Ponytail Palm (Beaucarnea recurvata),0.9975,Tradescantia,0.0015,0.9960,beaucarnea-recurvata,"beaucarnea-recurvata|tradescantia|aloe-vera",true,high-conf,true,34,
dracaena__02,dracaena,tta6,bright_down,brightness,Tradescantia,0.4298,Ponytail Palm (Beaucarnea recurvata),0.3556,0.0742,tradescantia,"tradescantia|beaucarnea-recurvata|dracaena",true,low-conf,false,243,
dracaena__02,dracaena,squash,contrast_up,contrast,Ponytail Palm (Beaucarnea recurvata),0.9991,Tradescantia,0.0004,0.9988,beaucarnea-recurvata,"beaucarnea-recurvata|tradescantia|dracaena",true,high-conf,true,42,
dracaena__02,dracaena,center_crop,contrast_up,contrast,Ponytail Palm (Beaucarnea recurvata),0.9991,Tradescantia,0.0004,0.9988,beaucarnea-recurvata,"beaucarnea-recurvata|tradescantia|dracaena",true,high-conf,true,35,
dracaena__02,dracaena,tta6,contrast_up,contrast,Ponytail Palm (Beaucarnea recurvata),0.4623,Dracaena,0.4557,0.0066,beaucarnea-recurvata,"beaucarnea-recurvata|dracaena|tradescantia",true,low-conf,false,335,
dracaena__02,dracaena,squash,contrast_down,contrast,Ponytail Palm (Beaucarnea recurvata),0.9994,Tradescantia,0.0004,0.9991,beaucarnea-recurvata,"beaucarnea-recurvata|tradescantia|aloe-vera",true,high-conf,true,86,
dracaena__02,dracaena,center_crop,contrast_down,contrast,Ponytail Palm (Beaucarnea recurvata),0.9994,Tradescantia,0.0004,0.9991,beaucarnea-recurvata,"beaucarnea-recurvata|tradescantia|aloe-vera",true,high-conf,true,51,
dracaena__02,dracaena,tta6,contrast_down,contrast,Ponytail Palm (Beaucarnea recurvata),0.5091,Tradescantia,0.3107,0.1984,beaucarnea-recurvata,"beaucarnea-recurvata|tradescantia|dracaena",true,low-conf,false,454,
dypsis-lutescens__01,dypsis-lutescens,squash,clean,clean,Areca Palm (Dypsis lutescens),0.7534,Dracaena,0.1164,0.6369,dypsis-lutescens,"dypsis-lutescens|dracaena|monstera-deliciosa",true,high-conf,false,45,
dypsis-lutescens__01,dypsis-lutescens,center_crop,clean,clean,Areca Palm (Dypsis lutescens),0.7534,Dracaena,0.1164,0.6369,dypsis-lutescens,"dypsis-lutescens|dracaena|monstera-deliciosa",true,high-conf,false,58,
dypsis-lutescens__01,dypsis-lutescens,tta6,clean,clean,Areca Palm (Dypsis lutescens),0.4550,Money Tree (Pachira aquatica),0.2592,0.1958,dypsis-lutescens,"dypsis-lutescens|pachira-aquatica|goeppertia-orbifolia",true,low-conf,false,482,
dypsis-lutescens__01,dypsis-lutescens,squash,blur,blur,Asparagus Fern (Asparagus setaceus),0.8831,Calathea,0.0671,0.8160,asparagus-setaceus,"asparagus-setaceus|goeppertia-orbifolia|dypsis-lutescens",true,high-conf,true,134,
dypsis-lutescens__01,dypsis-lutescens,center_crop,blur,blur,Asparagus Fern (Asparagus setaceus),0.8831,Calathea,0.0671,0.8160,asparagus-setaceus,"asparagus-setaceus|goeppertia-orbifolia|dypsis-lutescens",true,high-conf,true,89,
dypsis-lutescens__01,dypsis-lutescens,tta6,blur,blur,Asparagus Fern (Asparagus setaceus),0.8380,Money Tree (Pachira aquatica),0.0720,0.7660,asparagus-setaceus,"asparagus-setaceus|pachira-aquatica|chamaedorea-elegans",true,high-conf,true,347,
dypsis-lutescens__01,dypsis-lutescens,squash,crop_center_zoom,crop,Monstera Deliciosa (Monstera deliciosa),0.6607,Money Tree (Pachira aquatica),0.2631,0.3976,monstera-deliciosa,"monstera-deliciosa|pachira-aquatica|dypsis-lutescens",true,high-conf,true,47,
dypsis-lutescens__01,dypsis-lutescens,center_crop,crop_center_zoom,crop,Monstera Deliciosa (Monstera deliciosa),0.6607,Money Tree (Pachira aquatica),0.2631,0.3976,monstera-deliciosa,"monstera-deliciosa|pachira-aquatica|dypsis-lutescens",true,high-conf,true,60,
dypsis-lutescens__01,dypsis-lutescens,tta6,crop_center_zoom,crop,Money Tree (Pachira aquatica),0.6504,Monstera Deliciosa (Monstera deliciosa),0.2950,0.3554,pachira-aquatica,"pachira-aquatica|monstera-deliciosa|dypsis-lutescens",true,high-conf,true,320,
dypsis-lutescens__01,dypsis-lutescens,squash,crop_offcenter_zoom,crop,Money Tree (Pachira aquatica),0.5631,Prayer Plant (Maranta leuconeura),0.4212,0.1418,pachira-aquatica,"pachira-aquatica|maranta-leuconeura|monstera-deliciosa",true,low-conf,false,53,
dypsis-lutescens__01,dypsis-lutescens,center_crop,crop_offcenter_zoom,crop,Money Tree (Pachira aquatica),0.5631,Prayer Plant (Maranta leuconeura),0.4212,0.1418,pachira-aquatica,"pachira-aquatica|maranta-leuconeura|monstera-deliciosa",true,low-conf,false,70,
dypsis-lutescens__01,dypsis-lutescens,tta6,crop_offcenter_zoom,crop,Money Tree (Pachira aquatica),0.5213,Monstera Deliciosa (Monstera deliciosa),0.1822,0.3391,pachira-aquatica,"pachira-aquatica|monstera-deliciosa|dypsis-lutescens",true,high-conf,true,653,
dypsis-lutescens__01,dypsis-lutescens,squash,rotate_+15,rotate,Areca Palm (Dypsis lutescens),0.4103,Dracaena,0.3388,0.0715,dypsis-lutescens,"dypsis-lutescens|dracaena|pachira-aquatica",true,low-conf,false,64,
dypsis-lutescens__01,dypsis-lutescens,center_crop,rotate_+15,rotate,Areca Palm (Dypsis lutescens),0.4103,Dracaena,0.3388,0.0715,dypsis-lutescens,"dypsis-lutescens|dracaena|pachira-aquatica",true,low-conf,false,46,
dypsis-lutescens__01,dypsis-lutescens,tta6,rotate_+15,rotate,Areca Palm (Dypsis lutescens),0.5670,Money Tree (Pachira aquatica),0.3039,0.2631,dypsis-lutescens,"dypsis-lutescens|pachira-aquatica|dracaena",true,low-conf,false,288,
dypsis-lutescens__01,dypsis-lutescens,squash,rotate_-15,rotate,Areca Palm (Dypsis lutescens),0.5725,Money Tree (Pachira aquatica),0.1304,0.4420,dypsis-lutescens,"dypsis-lutescens|pachira-aquatica|yucca",true,high-conf,false,50,
dypsis-lutescens__01,dypsis-lutescens,center_crop,rotate_-15,rotate,Areca Palm (Dypsis lutescens),0.5725,Money Tree (Pachira aquatica),0.1304,0.4420,dypsis-lutescens,"dypsis-lutescens|pachira-aquatica|yucca",true,high-conf,false,35,
dypsis-lutescens__01,dypsis-lutescens,tta6,rotate_-15,rotate,Areca Palm (Dypsis lutescens),0.3031,Calathea,0.2433,0.0598,dypsis-lutescens,"dypsis-lutescens|goeppertia-orbifolia|maranta-leuconeura",true,low-conf,false,288,
dypsis-lutescens__01,dypsis-lutescens,squash,rotate_+90,rotate,Dracaena,0.5940,Areca Palm (Dypsis lutescens),0.3976,0.1964,dracaena,"dracaena|dypsis-lutescens|pachira-aquatica",true,low-conf,false,38,
dypsis-lutescens__01,dypsis-lutescens,center_crop,rotate_+90,rotate,Dracaena,0.5940,Areca Palm (Dypsis lutescens),0.3976,0.1964,dracaena,"dracaena|dypsis-lutescens|pachira-aquatica",true,low-conf,false,48,
dypsis-lutescens__01,dypsis-lutescens,tta6,rotate_+90,rotate,Areca Palm (Dypsis lutescens),0.7567,Dracaena,0.2241,0.5325,dypsis-lutescens,"dypsis-lutescens|dracaena|pachira-aquatica",true,high-conf,false,421,
dypsis-lutescens__01,dypsis-lutescens,squash,rotate_-90,rotate,Areca Palm (Dypsis lutescens),0.8880,Monstera Deliciosa (Monstera deliciosa),0.0809,0.8071,dypsis-lutescens,"dypsis-lutescens|monstera-deliciosa|pachira-aquatica",true,high-conf,false,52,
dypsis-lutescens__01,dypsis-lutescens,center_crop,rotate_-90,rotate,Areca Palm (Dypsis lutescens),0.8880,Monstera Deliciosa (Monstera deliciosa),0.0809,0.8071,dypsis-lutescens,"dypsis-lutescens|monstera-deliciosa|pachira-aquatica",true,high-conf,false,52,
dypsis-lutescens__01,dypsis-lutescens,tta6,rotate_-90,rotate,Areca Palm (Dypsis lutescens),0.6298,Monstera Deliciosa (Monstera deliciosa),0.1175,0.5123,dypsis-lutescens,"dypsis-lutescens|monstera-deliciosa|asplenium-nidus",true,high-conf,false,292,
dypsis-lutescens__01,dypsis-lutescens,squash,bright_up,brightness,Areca Palm (Dypsis lutescens),0.9265,Monstera Deliciosa (Monstera deliciosa),0.0668,0.8597,dypsis-lutescens,"dypsis-lutescens|monstera-deliciosa|dracaena",true,high-conf,false,43,
dypsis-lutescens__01,dypsis-lutescens,center_crop,bright_up,brightness,Areca Palm (Dypsis lutescens),0.9265,Monstera Deliciosa (Monstera deliciosa),0.0668,0.8597,dypsis-lutescens,"dypsis-lutescens|monstera-deliciosa|dracaena",true,high-conf,false,51,
dypsis-lutescens__01,dypsis-lutescens,tta6,bright_up,brightness,Areca Palm (Dypsis lutescens),0.4042,Money Tree (Pachira aquatica),0.2494,0.1548,dypsis-lutescens,"dypsis-lutescens|pachira-aquatica|monstera-deliciosa",true,low-conf,false,284,
dypsis-lutescens__01,dypsis-lutescens,squash,bright_down,brightness,Monstera Deliciosa (Monstera deliciosa),0.9840,Calathea,0.0082,0.9758,monstera-deliciosa,"monstera-deliciosa|goeppertia-orbifolia|dracaena",true,high-conf,true,47,
dypsis-lutescens__01,dypsis-lutescens,center_crop,bright_down,brightness,Monstera Deliciosa (Monstera deliciosa),0.9840,Calathea,0.0082,0.9758,monstera-deliciosa,"monstera-deliciosa|goeppertia-orbifolia|dracaena",true,high-conf,true,52,
dypsis-lutescens__01,dypsis-lutescens,tta6,bright_down,brightness,Monstera Deliciosa (Monstera deliciosa),0.5189,Calathea,0.3596,0.1593,monstera-deliciosa,"monstera-deliciosa|goeppertia-orbifolia|pachira-aquatica",true,low-conf,false,339,
dypsis-lutescens__01,dypsis-lutescens,squash,contrast_up,contrast,Dracaena,0.9391,Areca Palm (Dypsis lutescens),0.0515,0.8876,dracaena,"dracaena|dypsis-lutescens|chamaedorea-elegans",true,high-conf,true,48,
dypsis-lutescens__01,dypsis-lutescens,center_crop,contrast_up,contrast,Dracaena,0.9391,Areca Palm (Dypsis lutescens),0.0515,0.8876,dracaena,"dracaena|dypsis-lutescens|chamaedorea-elegans",true,high-conf,true,58,
dypsis-lutescens__01,dypsis-lutescens,tta6,contrast_up,contrast,Dracaena,0.3147,Calathea,0.3059,0.0088,dracaena,"dracaena|goeppertia-orbifolia|pachira-aquatica",true,low-conf,false,229,
dypsis-lutescens__01,dypsis-lutescens,squash,contrast_down,contrast,Monstera Deliciosa (Monstera deliciosa),0.8533,Areca Palm (Dypsis lutescens),0.1438,0.7095,monstera-deliciosa,"monstera-deliciosa|dypsis-lutescens|yucca",true,high-conf,true,35,
dypsis-lutescens__01,dypsis-lutescens,center_crop,contrast_down,contrast,Monstera Deliciosa (Monstera deliciosa),0.8533,Areca Palm (Dypsis lutescens),0.1438,0.7095,monstera-deliciosa,"monstera-deliciosa|dypsis-lutescens|yucca",true,high-conf,true,35,
dypsis-lutescens__01,dypsis-lutescens,tta6,contrast_down,contrast,Monstera Deliciosa (Monstera deliciosa),0.4103,Areca Palm (Dypsis lutescens),0.3042,0.1061,monstera-deliciosa,"monstera-deliciosa|dypsis-lutescens|pachira-aquatica",true,low-conf,false,236,
epipremnum-aureum,epipremnum-aureum,squash,clean,clean,Chinese Money Plant (Pilea peperomioides),0.9661,Prayer Plant (Maranta leuconeura),0.0234,0.9427,pilea-peperomioides,"pilea-peperomioides|maranta-leuconeura|anthurium-andraeanum",true,low-conf,false,50,
epipremnum-aureum,epipremnum-aureum,center_crop,clean,clean,Chinese Money Plant (Pilea peperomioides),0.9661,Prayer Plant (Maranta leuconeura),0.0234,0.9427,pilea-peperomioides,"pilea-peperomioides|maranta-leuconeura|anthurium-andraeanum",true,low-conf,false,32,
epipremnum-aureum,epipremnum-aureum,tta6,clean,clean,Chinese Money Plant (Pilea peperomioides),0.6566,Anthurium (Anthurium andraeanum),0.1676,0.4890,pilea-peperomioides,"pilea-peperomioides|anthurium-andraeanum|dieffenbachia",true,low-conf,false,449,
epipremnum-aureum,epipremnum-aureum,squash,blur,blur,Chinese Money Plant (Pilea peperomioides),0.9974,Prayer Plant (Maranta leuconeura),0.0022,0.9953,pilea-peperomioides,"pilea-peperomioides|maranta-leuconeura|anthurium-andraeanum",true,high-conf,true,62,
epipremnum-aureum,epipremnum-aureum,center_crop,blur,blur,Chinese Money Plant (Pilea peperomioides),0.9974,Prayer Plant (Maranta leuconeura),0.0022,0.9953,pilea-peperomioides,"pilea-peperomioides|maranta-leuconeura|anthurium-andraeanum",true,high-conf,true,46,
epipremnum-aureum,epipremnum-aureum,tta6,blur,blur,Chinese Money Plant (Pilea peperomioides),0.8656,Prayer Plant (Maranta leuconeura),0.0319,0.8337,pilea-peperomioides,"pilea-peperomioides|maranta-leuconeura|ctenanthe",true,low-conf,false,278,
epipremnum-aureum,epipremnum-aureum,squash,crop_center_zoom,crop,Pothos (Ivy arum),0.7660,Chinese Money Plant (Pilea peperomioides),0.2318,0.5343,epipremnum-aureum,"epipremnum-aureum|pilea-peperomioides|hedera-helix",true,high-conf,false,40,
epipremnum-aureum,epipremnum-aureum,center_crop,crop_center_zoom,crop,Pothos (Ivy arum),0.7660,Chinese Money Plant (Pilea peperomioides),0.2318,0.5343,epipremnum-aureum,"epipremnum-aureum|pilea-peperomioides|hedera-helix",true,high-conf,false,38,
epipremnum-aureum,epipremnum-aureum,tta6,crop_center_zoom,crop,Chinese Money Plant (Pilea peperomioides),0.4106,Pothos (Ivy arum),0.3063,0.1043,pilea-peperomioides,"pilea-peperomioides|epipremnum-aureum|crassula-ovata",true,low-conf,false,220,
epipremnum-aureum,epipremnum-aureum,squash,crop_offcenter_zoom,crop,Monstera Deliciosa (Monstera deliciosa),0.6573,Ctenanthe,0.3103,0.3470,monstera-deliciosa,"monstera-deliciosa|ctenanthe|dieffenbachia",true,high-conf,true,31,
epipremnum-aureum,epipremnum-aureum,center_crop,crop_offcenter_zoom,crop,Monstera Deliciosa (Monstera deliciosa),0.6573,Ctenanthe,0.3103,0.3470,monstera-deliciosa,"monstera-deliciosa|ctenanthe|dieffenbachia",true,high-conf,true,38,
epipremnum-aureum,epipremnum-aureum,tta6,crop_offcenter_zoom,crop,ZZ Plant (Zamioculcas zamiifolia),0.3372,Monstera Deliciosa (Monstera deliciosa),0.3296,0.0076,zamioculcas-zamiifolia,"zamioculcas-zamiifolia|monstera-deliciosa|ctenanthe",true,low-conf,false,217,
epipremnum-aureum,epipremnum-aureum,squash,rotate_+15,rotate,Pothos (Ivy arum),0.9980,Birds Nest Fern (Asplenium nidus),0.0016,0.9963,epipremnum-aureum,"epipremnum-aureum|asplenium-nidus|monstera-deliciosa",true,high-conf,false,57,
epipremnum-aureum,epipremnum-aureum,center_crop,rotate_+15,rotate,Pothos (Ivy arum),0.9980,Birds Nest Fern (Asplenium nidus),0.0016,0.9963,epipremnum-aureum,"epipremnum-aureum|asplenium-nidus|monstera-deliciosa",true,high-conf,false,55,
epipremnum-aureum,epipremnum-aureum,tta6,rotate_+15,rotate,Pothos (Ivy arum),0.4266,Tradescantia,0.2468,0.1797,epipremnum-aureum,"epipremnum-aureum|tradescantia|pilea-peperomioides",true,low-conf,false,250,
epipremnum-aureum,epipremnum-aureum,squash,rotate_-15,rotate,English Ivy (Hedera helix),0.8370,Pothos (Ivy arum),0.1605,0.6765,hedera-helix,"hedera-helix|epipremnum-aureum|monstera-deliciosa",true,high-conf,true,48,
epipremnum-aureum,epipremnum-aureum,center_crop,rotate_-15,rotate,English Ivy (Hedera helix),0.8370,Pothos (Ivy arum),0.1605,0.6765,hedera-helix,"hedera-helix|epipremnum-aureum|monstera-deliciosa",true,high-conf,true,39,
epipremnum-aureum,epipremnum-aureum,tta6,rotate_-15,rotate,English Ivy (Hedera helix),0.4367,Chinese Money Plant (Pilea peperomioides),0.1732,0.2636,hedera-helix,"hedera-helix|pilea-peperomioides|epipremnum-aureum",true,low-conf,false,230,
epipremnum-aureum,epipremnum-aureum,squash,rotate_+90,rotate,Monstera Deliciosa (Monstera deliciosa),0.4093,Bird of Paradise (Strelitzia reginae),0.3463,0.0629,monstera-deliciosa,"monstera-deliciosa|strelitzia-reginae|pilea-peperomioides",true,low-conf,false,43,
epipremnum-aureum,epipremnum-aureum,center_crop,rotate_+90,rotate,Monstera Deliciosa (Monstera deliciosa),0.4093,Bird of Paradise (Strelitzia reginae),0.3463,0.0629,monstera-deliciosa,"monstera-deliciosa|strelitzia-reginae|pilea-peperomioides",true,low-conf,false,24,
epipremnum-aureum,epipremnum-aureum,tta6,rotate_+90,rotate,Anthurium (Anthurium andraeanum),0.4353,Monstera Deliciosa (Monstera deliciosa),0.3534,0.0819,anthurium-andraeanum,"anthurium-andraeanum|monstera-deliciosa|strelitzia-reginae",true,low-conf,false,200,
epipremnum-aureum,epipremnum-aureum,squash,rotate_-90,rotate,Pothos (Ivy arum),0.9921,Monstera Deliciosa (Monstera deliciosa),0.0078,0.9843,epipremnum-aureum,"epipremnum-aureum|monstera-deliciosa|ficus-elastica",true,high-conf,false,36,
epipremnum-aureum,epipremnum-aureum,center_crop,rotate_-90,rotate,Pothos (Ivy arum),0.9921,Monstera Deliciosa (Monstera deliciosa),0.0078,0.9843,epipremnum-aureum,"epipremnum-aureum|monstera-deliciosa|ficus-elastica",true,high-conf,false,51,
epipremnum-aureum,epipremnum-aureum,tta6,rotate_-90,rotate,Pothos (Ivy arum),0.6528,Monstera Deliciosa (Monstera deliciosa),0.3376,0.3151,epipremnum-aureum,"epipremnum-aureum|monstera-deliciosa|anthurium-andraeanum",true,high-conf,false,217,
epipremnum-aureum,epipremnum-aureum,squash,bright_up,brightness,Chinese Money Plant (Pilea peperomioides),0.9536,Prayer Plant (Maranta leuconeura),0.0246,0.9290,pilea-peperomioides,"pilea-peperomioides|maranta-leuconeura|crassula-ovata",true,low-conf,false,43,
epipremnum-aureum,epipremnum-aureum,center_crop,bright_up,brightness,Chinese Money Plant (Pilea peperomioides),0.9536,Prayer Plant (Maranta leuconeura),0.0246,0.9290,pilea-peperomioides,"pilea-peperomioides|maranta-leuconeura|crassula-ovata",true,low-conf,false,38,
epipremnum-aureum,epipremnum-aureum,tta6,bright_up,brightness,Chinese Money Plant (Pilea peperomioides),0.5445,Dumb Cane (Dieffenbachia spp.),0.2064,0.3381,pilea-peperomioides,"pilea-peperomioides|dieffenbachia|anthurium-andraeanum",true,low-conf,false,246,
epipremnum-aureum,epipremnum-aureum,squash,bright_down,brightness,Chinese Money Plant (Pilea peperomioides),0.8717,Tradescantia,0.1003,0.7715,pilea-peperomioides,"pilea-peperomioides|tradescantia|ctenanthe",true,low-conf,false,39,
epipremnum-aureum,epipremnum-aureum,center_crop,bright_down,brightness,Chinese Money Plant (Pilea peperomioides),0.8717,Tradescantia,0.1003,0.7715,pilea-peperomioides,"pilea-peperomioides|tradescantia|ctenanthe",true,low-conf,false,47,
epipremnum-aureum,epipremnum-aureum,tta6,bright_down,brightness,Chinese Money Plant (Pilea peperomioides),0.6481,Jade plant (Crassula ovata),0.0541,0.5941,pilea-peperomioides,"pilea-peperomioides|crassula-ovata|hedera-helix",true,low-conf,false,242,
epipremnum-aureum,epipremnum-aureum,squash,contrast_up,contrast,Prayer Plant (Maranta leuconeura),0.8166,Rattlesnake Plant (Calathea lancifolia),0.0779,0.7387,maranta-leuconeura,"maranta-leuconeura|ctenanthe|tradescantia",true,high-conf,true,45,
epipremnum-aureum,epipremnum-aureum,center_crop,contrast_up,contrast,Prayer Plant (Maranta leuconeura),0.8166,Rattlesnake Plant (Calathea lancifolia),0.0779,0.7387,maranta-leuconeura,"maranta-leuconeura|ctenanthe|tradescantia",true,high-conf,true,36,
epipremnum-aureum,epipremnum-aureum,tta6,contrast_up,contrast,Chinese Money Plant (Pilea peperomioides),0.3323,Prayer Plant (Maranta leuconeura),0.2737,0.0586,pilea-peperomioides,"pilea-peperomioides|maranta-leuconeura|ficus-elastica",true,low-conf,false,245,
epipremnum-aureum,epipremnum-aureum,squash,contrast_down,contrast,Chinese Money Plant (Pilea peperomioides),0.9810,Jade plant (Crassula ovata),0.0127,0.9683,pilea-peperomioides,"pilea-peperomioides|crassula-ovata|epipremnum-aureum",true,high-conf,true,37,
epipremnum-aureum,epipremnum-aureum,center_crop,contrast_down,contrast,Chinese Money Plant (Pilea peperomioides),0.9810,Jade plant (Crassula ovata),0.0127,0.9683,pilea-peperomioides,"pilea-peperomioides|crassula-ovata|epipremnum-aureum",true,high-conf,true,34,
epipremnum-aureum,epipremnum-aureum,tta6,contrast_down,contrast,Chinese Money Plant (Pilea peperomioides),0.5563,Anthurium (Anthurium andraeanum),0.2068,0.3495,pilea-peperomioides,"pilea-peperomioides|anthurium-andraeanum|dieffenbachia",true,low-conf,false,250,
epipremnum-aureum__01,epipremnum-aureum,squash,clean,clean,Pothos (Ivy arum),0.6572,ZZ Plant (Zamioculcas zamiifolia),0.3304,0.3268,epipremnum-aureum,"epipremnum-aureum|zamioculcas-zamiifolia|monstera-deliciosa",true,high-conf,false,40,
epipremnum-aureum__01,epipremnum-aureum,center_crop,clean,clean,Pothos (Ivy arum),0.6572,ZZ Plant (Zamioculcas zamiifolia),0.3304,0.3268,epipremnum-aureum,"epipremnum-aureum|zamioculcas-zamiifolia|monstera-deliciosa",true,high-conf,false,82,
epipremnum-aureum__01,epipremnum-aureum,tta6,clean,clean,Pothos (Ivy arum),0.4106,ZZ Plant (Zamioculcas zamiifolia),0.2559,0.1546,epipremnum-aureum,"epipremnum-aureum|zamioculcas-zamiifolia|ficus-elastica",true,low-conf,false,230,
epipremnum-aureum__01,epipremnum-aureum,squash,blur,blur,English Ivy (Hedera helix),0.9996,Pothos (Ivy arum),0.0002,0.9994,hedera-helix,"hedera-helix|epipremnum-aureum|schefflera",true,high-conf,true,34,
epipremnum-aureum__01,epipremnum-aureum,center_crop,blur,blur,English Ivy (Hedera helix),0.9996,Pothos (Ivy arum),0.0002,0.9994,hedera-helix,"hedera-helix|epipremnum-aureum|schefflera",true,high-conf,true,44,
epipremnum-aureum__01,epipremnum-aureum,tta6,blur,blur,English Ivy (Hedera helix),0.9992,Money Tree (Pachira aquatica),0.0003,0.9989,hedera-helix,"hedera-helix|pachira-aquatica|zamioculcas-zamiifolia",true,high-conf,true,251,
epipremnum-aureum__01,epipremnum-aureum,squash,crop_center_zoom,crop,Pothos (Ivy arum),0.5125,Schefflera,0.2240,0.2885,epipremnum-aureum,"epipremnum-aureum|schefflera|monstera-deliciosa",true,low-conf,false,49,
epipremnum-aureum__01,epipremnum-aureum,center_crop,crop_center_zoom,crop,Pothos (Ivy arum),0.5125,Schefflera,0.2240,0.2885,epipremnum-aureum,"epipremnum-aureum|schefflera|monstera-deliciosa",true,low-conf,false,42,
epipremnum-aureum__01,epipremnum-aureum,tta6,crop_center_zoom,crop,Pothos (Ivy arum),0.5073,Rubber Plant (Ficus elastica),0.1918,0.3154,epipremnum-aureum,"epipremnum-aureum|ficus-elastica|pachira-aquatica",true,high-conf,false,257,
epipremnum-aureum__01,epipremnum-aureum,squash,crop_offcenter_zoom,crop,Schefflera,0.6359,Peace lily,0.1698,0.4661,schefflera,"schefflera|spathiphyllum-wallisii|epipremnum-aureum",true,high-conf,true,49,
epipremnum-aureum__01,epipremnum-aureum,center_crop,crop_offcenter_zoom,crop,Schefflera,0.6359,Peace lily,0.1698,0.4661,schefflera,"schefflera|spathiphyllum-wallisii|epipremnum-aureum",true,high-conf,true,43,
epipremnum-aureum__01,epipremnum-aureum,tta6,crop_offcenter_zoom,crop,Pothos (Ivy arum),0.3438,Peace lily,0.3145,0.0292,epipremnum-aureum,"epipremnum-aureum|spathiphyllum-wallisii|schefflera",true,low-conf,false,262,
epipremnum-aureum__01,epipremnum-aureum,squash,rotate_+15,rotate,Pothos (Ivy arum),0.9966,Schefflera,0.0030,0.9935,epipremnum-aureum,"epipremnum-aureum|schefflera|pachira-aquatica",true,high-conf,false,40,
epipremnum-aureum__01,epipremnum-aureum,center_crop,rotate_+15,rotate,Pothos (Ivy arum),0.9966,Schefflera,0.0030,0.9935,epipremnum-aureum,"epipremnum-aureum|schefflera|pachira-aquatica",true,high-conf,false,41,
epipremnum-aureum__01,epipremnum-aureum,tta6,rotate_+15,rotate,Pothos (Ivy arum),0.9803,Schefflera,0.0147,0.9655,epipremnum-aureum,"epipremnum-aureum|schefflera|pachira-aquatica",true,high-conf,false,218,
epipremnum-aureum__01,epipremnum-aureum,squash,rotate_-15,rotate,Pothos (Ivy arum),0.9907,Schefflera,0.0093,0.9815,epipremnum-aureum,"epipremnum-aureum|schefflera|hedera-helix",true,high-conf,false,31,
epipremnum-aureum__01,epipremnum-aureum,center_crop,rotate_-15,rotate,Pothos (Ivy arum),0.9907,Schefflera,0.0093,0.9815,epipremnum-aureum,"epipremnum-aureum|schefflera|hedera-helix",true,high-conf,false,35,
epipremnum-aureum__01,epipremnum-aureum,tta6,rotate_-15,rotate,Pothos (Ivy arum),0.9954,Schefflera,0.0041,0.9913,epipremnum-aureum,"epipremnum-aureum|schefflera|ficus-elastica",true,high-conf,false,242,
epipremnum-aureum__01,epipremnum-aureum,squash,rotate_+90,rotate,Schefflera,0.6345,Pothos (Ivy arum),0.2343,0.4002,schefflera,"schefflera|epipremnum-aureum|monstera-deliciosa",true,high-conf,true,40,
epipremnum-aureum__01,epipremnum-aureum,center_crop,rotate_+90,rotate,Schefflera,0.6345,Pothos (Ivy arum),0.2343,0.4002,schefflera,"schefflera|epipremnum-aureum|monstera-deliciosa",true,high-conf,true,36,
epipremnum-aureum__01,epipremnum-aureum,tta6,rotate_+90,rotate,Pothos (Ivy arum),0.2574,Schefflera,0.2151,0.0423,epipremnum-aureum,"epipremnum-aureum|schefflera|ficus-elastica",true,low-conf,false,223,
epipremnum-aureum__01,epipremnum-aureum,squash,rotate_-90,rotate,Birds Nest Fern (Asplenium nidus),0.3915,Pothos (Ivy arum),0.3354,0.0561,asplenium-nidus,"asplenium-nidus|epipremnum-aureum|ficus-elastica",true,low-conf,false,49,
epipremnum-aureum__01,epipremnum-aureum,center_crop,rotate_-90,rotate,Birds Nest Fern (Asplenium nidus),0.3915,Pothos (Ivy arum),0.3354,0.0561,asplenium-nidus,"asplenium-nidus|epipremnum-aureum|ficus-elastica",true,low-conf,false,67,
epipremnum-aureum__01,epipremnum-aureum,tta6,rotate_-90,rotate,Pothos (Ivy arum),0.6093,Birds Nest Fern (Asplenium nidus),0.1338,0.4755,epipremnum-aureum,"epipremnum-aureum|asplenium-nidus|zamioculcas-zamiifolia",true,high-conf,false,226,
epipremnum-aureum__01,epipremnum-aureum,squash,bright_up,brightness,Daffodils (Narcissus spp.),0.8494,Pothos (Ivy arum),0.0851,0.7643,epipremnum-aureum,"epipremnum-aureum|zamioculcas-zamiifolia|schefflera",true,low-conf,false,38,
epipremnum-aureum__01,epipremnum-aureum,center_crop,bright_up,brightness,Daffodils (Narcissus spp.),0.8494,Pothos (Ivy arum),0.0851,0.7643,epipremnum-aureum,"epipremnum-aureum|zamioculcas-zamiifolia|schefflera",true,low-conf,false,41,
epipremnum-aureum__01,epipremnum-aureum,tta6,bright_up,brightness,Daffodils (Narcissus spp.),0.4475,Money Tree (Pachira aquatica),0.2057,0.2419,pachira-aquatica,"pachira-aquatica|epipremnum-aureum|ficus-elastica",true,low-conf,false,231,
epipremnum-aureum__01,epipremnum-aureum,squash,bright_down,brightness,Rubber Plant (Ficus elastica),0.9711,Pothos (Ivy arum),0.0197,0.9514,ficus-elastica,"ficus-elastica|epipremnum-aureum|zamioculcas-zamiifolia",true,high-conf,true,36,
epipremnum-aureum__01,epipremnum-aureum,center_crop,bright_down,brightness,Rubber Plant (Ficus elastica),0.9711,Pothos (Ivy arum),0.0197,0.9514,ficus-elastica,"ficus-elastica|epipremnum-aureum|zamioculcas-zamiifolia",true,high-conf,true,40,
epipremnum-aureum__01,epipremnum-aureum,tta6,bright_down,brightness,Rubber Plant (Ficus elastica),0.7265,Pothos (Ivy arum),0.1341,0.5923,ficus-elastica,"ficus-elastica|epipremnum-aureum|pachira-aquatica",true,high-conf,true,221,
epipremnum-aureum__01,epipremnum-aureum,squash,contrast_up,contrast,ZZ Plant (Zamioculcas zamiifolia),0.4206,Daffodils (Narcissus spp.),0.2927,0.1279,zamioculcas-zamiifolia,"zamioculcas-zamiifolia|epipremnum-aureum|begonia",true,low-conf,false,34,
epipremnum-aureum__01,epipremnum-aureum,center_crop,contrast_up,contrast,ZZ Plant (Zamioculcas zamiifolia),0.4206,Daffodils (Narcissus spp.),0.2927,0.1279,zamioculcas-zamiifolia,"zamioculcas-zamiifolia|epipremnum-aureum|begonia",true,low-conf,false,31,
epipremnum-aureum__01,epipremnum-aureum,tta6,contrast_up,contrast,ZZ Plant (Zamioculcas zamiifolia),0.3041,Daffodils (Narcissus spp.),0.2697,0.0344,zamioculcas-zamiifolia,"zamioculcas-zamiifolia|pachira-aquatica|monstera-deliciosa",true,low-conf,false,272,
epipremnum-aureum__01,epipremnum-aureum,squash,contrast_down,contrast,Pothos (Ivy arum),0.9772,Schefflera,0.0132,0.9640,epipremnum-aureum,"epipremnum-aureum|schefflera|ficus-elastica",true,high-conf,false,41,
epipremnum-aureum__01,epipremnum-aureum,center_crop,contrast_down,contrast,Pothos (Ivy arum),0.9772,Schefflera,0.0132,0.9640,epipremnum-aureum,"epipremnum-aureum|schefflera|ficus-elastica",true,high-conf,false,44,
epipremnum-aureum__01,epipremnum-aureum,tta6,contrast_down,contrast,Pothos (Ivy arum),0.5807,Rubber Plant (Ficus elastica),0.3683,0.2124,epipremnum-aureum,"epipremnum-aureum|ficus-elastica|schefflera",true,low-conf,false,251,
epipremnum-aureum__02,epipremnum-aureum,squash,clean,clean,Ctenanthe,0.4203,Anthurium (Anthurium andraeanum),0.4146,0.0057,ctenanthe,"ctenanthe|anthurium-andraeanum|pachira-aquatica",true,low-conf,false,43,
epipremnum-aureum__02,epipremnum-aureum,center_crop,clean,clean,Ctenanthe,0.4203,Anthurium (Anthurium andraeanum),0.4146,0.0057,ctenanthe,"ctenanthe|anthurium-andraeanum|pachira-aquatica",true,low-conf,false,41,
epipremnum-aureum__02,epipremnum-aureum,tta6,clean,clean,Pothos (Ivy arum),0.3074,Monstera Deliciosa (Monstera deliciosa),0.2605,0.0469,epipremnum-aureum,"epipremnum-aureum|monstera-deliciosa|ctenanthe",true,low-conf,false,177,
epipremnum-aureum__02,epipremnum-aureum,squash,blur,blur,Elephant Ear (Alocasia spp.),0.6960,Anthurium (Anthurium andraeanum),0.1222,0.5739,alocasia,"alocasia|anthurium-andraeanum|asparagus-setaceus",true,high-conf,true,42,
epipremnum-aureum__02,epipremnum-aureum,center_crop,blur,blur,Elephant Ear (Alocasia spp.),0.6960,Anthurium (Anthurium andraeanum),0.1222,0.5739,alocasia,"alocasia|anthurium-andraeanum|asparagus-setaceus",true,high-conf,true,42,
epipremnum-aureum__02,epipremnum-aureum,tta6,blur,blur,Pothos (Ivy arum),0.6056,Elephant Ear (Alocasia spp.),0.2339,0.3717,epipremnum-aureum,"epipremnum-aureum|alocasia|pachira-aquatica",true,high-conf,false,220,
epipremnum-aureum__02,epipremnum-aureum,squash,crop_center_zoom,crop,Anthurium (Anthurium andraeanum),0.6769,Elephant Ear (Alocasia spp.),0.2706,0.4062,anthurium-andraeanum,"anthurium-andraeanum|alocasia|epipremnum-aureum",true,high-conf,true,64,
epipremnum-aureum__02,epipremnum-aureum,center_crop,crop_center_zoom,crop,Anthurium (Anthurium andraeanum),0.6769,Elephant Ear (Alocasia spp.),0.2706,0.4062,anthurium-andraeanum,"anthurium-andraeanum|alocasia|epipremnum-aureum",true,high-conf,true,36,
epipremnum-aureum__02,epipremnum-aureum,tta6,crop_center_zoom,crop,Elephant Ear (Alocasia spp.),0.2822,Ctenanthe,0.2763,0.0058,alocasia,"alocasia|ctenanthe|anthurium-andraeanum",true,low-conf,false,209,
epipremnum-aureum__02,epipremnum-aureum,squash,crop_offcenter_zoom,crop,Elephant Ear (Alocasia spp.),0.9883,Anthurium (Anthurium andraeanum),0.0106,0.9777,alocasia,"alocasia|anthurium-andraeanum|epipremnum-aureum",true,high-conf,true,36,
epipremnum-aureum__02,epipremnum-aureum,center_crop,crop_offcenter_zoom,crop,Elephant Ear (Alocasia spp.),0.9883,Anthurium (Anthurium andraeanum),0.0106,0.9777,alocasia,"alocasia|anthurium-andraeanum|epipremnum-aureum",true,high-conf,true,44,
epipremnum-aureum__02,epipremnum-aureum,tta6,crop_offcenter_zoom,crop,Elephant Ear (Alocasia spp.),0.8077,Pothos (Ivy arum),0.1754,0.6323,alocasia,"alocasia|epipremnum-aureum|anthurium-andraeanum",true,high-conf,true,272,
epipremnum-aureum__02,epipremnum-aureum,squash,rotate_+15,rotate,Pothos (Ivy arum),0.8549,Ctenanthe,0.0832,0.7717,epipremnum-aureum,"epipremnum-aureum|ctenanthe|alocasia",true,high-conf,false,47,
epipremnum-aureum__02,epipremnum-aureum,center_crop,rotate_+15,rotate,Pothos (Ivy arum),0.8549,Ctenanthe,0.0832,0.7717,epipremnum-aureum,"epipremnum-aureum|ctenanthe|alocasia",true,high-conf,false,66,
epipremnum-aureum__02,epipremnum-aureum,tta6,rotate_+15,rotate,Elephant Ear (Alocasia spp.),0.4303,Pothos (Ivy arum),0.3385,0.0918,alocasia,"alocasia|epipremnum-aureum|anthurium-andraeanum",true,low-conf,false,216,
epipremnum-aureum__02,epipremnum-aureum,squash,rotate_-15,rotate,Elephant Ear (Alocasia spp.),0.4996,Anthurium (Anthurium andraeanum),0.4352,0.0643,alocasia,"alocasia|anthurium-andraeanum|epipremnum-aureum",true,low-conf,false,37,
epipremnum-aureum__02,epipremnum-aureum,center_crop,rotate_-15,rotate,Elephant Ear (Alocasia spp.),0.4996,Anthurium (Anthurium andraeanum),0.4352,0.0643,alocasia,"alocasia|anthurium-andraeanum|epipremnum-aureum",true,low-conf,false,54,
epipremnum-aureum__02,epipremnum-aureum,tta6,rotate_-15,rotate,Elephant Ear (Alocasia spp.),0.5083,Anthurium (Anthurium andraeanum),0.2755,0.2328,alocasia,"alocasia|anthurium-andraeanum|epipremnum-aureum",true,low-conf,false,398,
epipremnum-aureum__02,epipremnum-aureum,squash,rotate_+90,rotate,Elephant Ear (Alocasia spp.),0.9999,Chinese evergreen (Aglaonema),0.0000,0.9999,alocasia,"alocasia|aglaonema|ctenanthe",true,high-conf,true,83,
epipremnum-aureum__02,epipremnum-aureum,center_crop,rotate_+90,rotate,Elephant Ear (Alocasia spp.),0.9999,Chinese evergreen (Aglaonema),0.0000,0.9999,alocasia,"alocasia|aglaonema|ctenanthe",true,high-conf,true,67,
epipremnum-aureum__02,epipremnum-aureum,tta6,rotate_+90,rotate,Elephant Ear (Alocasia spp.),0.9996,Birds Nest Fern (Asplenium nidus),0.0002,0.9993,alocasia,"alocasia|asplenium-nidus|aglaonema",true,high-conf,true,277,
epipremnum-aureum__02,epipremnum-aureum,squash,rotate_-90,rotate,Elephant Ear (Alocasia spp.),1.0000,Monstera Deliciosa (Monstera deliciosa),0.0000,1.0000,alocasia,"alocasia|monstera-deliciosa|dracaena",true,high-conf,true,54,
epipremnum-aureum__02,epipremnum-aureum,center_crop,rotate_-90,rotate,Elephant Ear (Alocasia spp.),1.0000,Monstera Deliciosa (Monstera deliciosa),0.0000,1.0000,alocasia,"alocasia|monstera-deliciosa|dracaena",true,high-conf,true,54,
epipremnum-aureum__02,epipremnum-aureum,tta6,rotate_-90,rotate,Elephant Ear (Alocasia spp.),0.9153,Monstera Deliciosa (Monstera deliciosa),0.0604,0.8549,alocasia,"alocasia|monstera-deliciosa|anthurium-andraeanum",true,high-conf,true,294,
epipremnum-aureum__02,epipremnum-aureum,squash,bright_up,brightness,Anthurium (Anthurium andraeanum),0.5120,Ctenanthe,0.2038,0.3082,anthurium-andraeanum,"anthurium-andraeanum|ctenanthe|pachira-aquatica",true,high-conf,true,40,
epipremnum-aureum__02,epipremnum-aureum,center_crop,bright_up,brightness,Anthurium (Anthurium andraeanum),0.5120,Ctenanthe,0.2038,0.3082,anthurium-andraeanum,"anthurium-andraeanum|ctenanthe|pachira-aquatica",true,high-conf,true,46,
epipremnum-aureum__02,epipremnum-aureum,tta6,bright_up,brightness,Pothos (Ivy arum),0.2791,Monstera Deliciosa (Monstera deliciosa),0.2741,0.0050,epipremnum-aureum,"epipremnum-aureum|monstera-deliciosa|anthurium-andraeanum",true,low-conf,false,306,
epipremnum-aureum__02,epipremnum-aureum,squash,bright_down,brightness,Ctenanthe,0.5208,Anthurium (Anthurium andraeanum),0.2450,0.2758,ctenanthe,"ctenanthe|anthurium-andraeanum|aglaonema",true,low-conf,false,101,
epipremnum-aureum__02,epipremnum-aureum,center_crop,bright_down,brightness,Ctenanthe,0.5208,Anthurium (Anthurium andraeanum),0.2450,0.2758,ctenanthe,"ctenanthe|anthurium-andraeanum|aglaonema",true,low-conf,false,53,
epipremnum-aureum__02,epipremnum-aureum,tta6,bright_down,brightness,Ctenanthe,0.6985,Monstera Deliciosa (Monstera deliciosa),0.0951,0.6034,ctenanthe,"ctenanthe|monstera-deliciosa|anthurium-andraeanum",true,high-conf,true,256,
epipremnum-aureum__02,epipremnum-aureum,squash,contrast_up,contrast,Money Tree (Pachira aquatica),0.4648,Monstera Deliciosa (Monstera deliciosa),0.2489,0.2159,pachira-aquatica,"pachira-aquatica|monstera-deliciosa|alocasia",true,low-conf,false,36,
epipremnum-aureum__02,epipremnum-aureum,center_crop,contrast_up,contrast,Money Tree (Pachira aquatica),0.4648,Monstera Deliciosa (Monstera deliciosa),0.2489,0.2159,pachira-aquatica,"pachira-aquatica|monstera-deliciosa|alocasia",true,low-conf,false,36,
epipremnum-aureum__02,epipremnum-aureum,tta6,contrast_up,contrast,Ctenanthe,0.3472,Monstera Deliciosa (Monstera deliciosa),0.3023,0.0449,ctenanthe,"ctenanthe|monstera-deliciosa|pachira-aquatica",true,low-conf,false,250,
epipremnum-aureum__02,epipremnum-aureum,squash,contrast_down,contrast,Anthurium (Anthurium andraeanum),0.9576,Ctenanthe,0.0364,0.9212,anthurium-andraeanum,"anthurium-andraeanum|ctenanthe|dieffenbachia",true,high-conf,true,39,
epipremnum-aureum__02,epipremnum-aureum,center_crop,contrast_down,contrast,Anthurium (Anthurium andraeanum),0.9576,Ctenanthe,0.0364,0.9212,anthurium-andraeanum,"anthurium-andraeanum|ctenanthe|dieffenbachia",true,high-conf,true,34,
epipremnum-aureum__02,epipremnum-aureum,tta6,contrast_down,contrast,Anthurium (Anthurium andraeanum),0.7238,Pothos (Ivy arum),0.0956,0.6282,anthurium-andraeanum,"anthurium-andraeanum|epipremnum-aureum|pachira-aquatica",true,high-conf,true,291,
epipremnum-aureum__03,epipremnum-aureum,squash,clean,clean,Elephant Ear (Alocasia spp.),0.7603,Pothos (Ivy arum),0.2360,0.5242,alocasia,"alocasia|epipremnum-aureum|monstera-deliciosa",true,high-conf,true,43,
epipremnum-aureum__03,epipremnum-aureum,center_crop,clean,clean,Elephant Ear (Alocasia spp.),0.7603,Pothos (Ivy arum),0.2360,0.5242,alocasia,"alocasia|epipremnum-aureum|monstera-deliciosa",true,high-conf,true,76,
epipremnum-aureum__03,epipremnum-aureum,tta6,clean,clean,Elephant Ear (Alocasia spp.),0.5639,Pothos (Ivy arum),0.4245,0.1394,alocasia,"alocasia|epipremnum-aureum|ficus-elastica",true,low-conf,false,266,
epipremnum-aureum__03,epipremnum-aureum,squash,blur,blur,Money Tree (Pachira aquatica),0.6826,Pothos (Ivy arum),0.1427,0.5399,pachira-aquatica,"pachira-aquatica|epipremnum-aureum|zamioculcas-zamiifolia",true,high-conf,true,36,
epipremnum-aureum__03,epipremnum-aureum,center_crop,blur,blur,Money Tree (Pachira aquatica),0.6826,Pothos (Ivy arum),0.1427,0.5399,pachira-aquatica,"pachira-aquatica|epipremnum-aureum|zamioculcas-zamiifolia",true,high-conf,true,41,
epipremnum-aureum__03,epipremnum-aureum,tta6,blur,blur,Calathea,0.3826,Money Tree (Pachira aquatica),0.2292,0.1534,goeppertia-orbifolia,"goeppertia-orbifolia|pachira-aquatica|epipremnum-aureum",true,low-conf,false,224,
epipremnum-aureum__03,epipremnum-aureum,squash,crop_center_zoom,crop,Pothos (Ivy arum),0.9757,Elephant Ear (Alocasia spp.),0.0224,0.9533,epipremnum-aureum,"epipremnum-aureum|alocasia|goeppertia-orbifolia",true,high-conf,false,43,
epipremnum-aureum__03,epipremnum-aureum,center_crop,crop_center_zoom,crop,Pothos (Ivy arum),0.9757,Elephant Ear (Alocasia spp.),0.0224,0.9533,epipremnum-aureum,"epipremnum-aureum|alocasia|goeppertia-orbifolia",true,high-conf,false,42,
epipremnum-aureum__03,epipremnum-aureum,tta6,crop_center_zoom,crop,Pothos (Ivy arum),0.3711,Elephant Ear (Alocasia spp.),0.3194,0.0517,epipremnum-aureum,"epipremnum-aureum|alocasia|goeppertia-orbifolia",true,low-conf,false,221,
epipremnum-aureum__03,epipremnum-aureum,squash,crop_offcenter_zoom,crop,Rubber Plant (Ficus elastica),0.9686,Elephant Ear (Alocasia spp.),0.0274,0.9413,ficus-elastica,"ficus-elastica|alocasia|epipremnum-aureum",true,high-conf,true,44,
epipremnum-aureum__03,epipremnum-aureum,center_crop,crop_offcenter_zoom,crop,Rubber Plant (Ficus elastica),0.9686,Elephant Ear (Alocasia spp.),0.0274,0.9413,ficus-elastica,"ficus-elastica|alocasia|epipremnum-aureum",true,high-conf,true,34,
epipremnum-aureum__03,epipremnum-aureum,tta6,crop_offcenter_zoom,crop,Rubber Plant (Ficus elastica),0.4177,Elephant Ear (Alocasia spp.),0.3488,0.0690,ficus-elastica,"ficus-elastica|alocasia|epipremnum-aureum",true,low-conf,false,243,
epipremnum-aureum__03,epipremnum-aureum,squash,rotate_+15,rotate,Elephant Ear (Alocasia spp.),0.7215,Rubber Plant (Ficus elastica),0.2067,0.5147,alocasia,"alocasia|ficus-elastica|goeppertia-orbifolia",true,high-conf,true,44,
epipremnum-aureum__03,epipremnum-aureum,center_crop,rotate_+15,rotate,Elephant Ear (Alocasia spp.),0.7215,Rubber Plant (Ficus elastica),0.2067,0.5147,alocasia,"alocasia|ficus-elastica|goeppertia-orbifolia",true,high-conf,true,36,
epipremnum-aureum__03,epipremnum-aureum,tta6,rotate_+15,rotate,Elephant Ear (Alocasia spp.),0.7669,Pothos (Ivy arum),0.0972,0.6697,alocasia,"alocasia|epipremnum-aureum|ficus-elastica",true,high-conf,true,194,
epipremnum-aureum__03,epipremnum-aureum,squash,rotate_-15,rotate,Pothos (Ivy arum),1.0000,Elephant Ear (Alocasia spp.),0.0000,0.9999,epipremnum-aureum,"epipremnum-aureum|alocasia|anthurium-andraeanum",true,high-conf,false,35,
epipremnum-aureum__03,epipremnum-aureum,center_crop,rotate_-15,rotate,Pothos (Ivy arum),1.0000,Elephant Ear (Alocasia spp.),0.0000,0.9999,epipremnum-aureum,"epipremnum-aureum|alocasia|anthurium-andraeanum",true,high-conf,false,37,
epipremnum-aureum__03,epipremnum-aureum,tta6,rotate_-15,rotate,Elephant Ear (Alocasia spp.),0.5026,Pothos (Ivy arum),0.3758,0.1268,alocasia,"alocasia|epipremnum-aureum|ficus-elastica",true,low-conf,false,308,
epipremnum-aureum__03,epipremnum-aureum,squash,rotate_+90,rotate,Elephant Ear (Alocasia spp.),0.9881,Anthurium (Anthurium andraeanum),0.0062,0.9819,alocasia,"alocasia|anthurium-andraeanum|dracaena-trifasciata",true,high-conf,true,40,
epipremnum-aureum__03,epipremnum-aureum,center_crop,rotate_+90,rotate,Elephant Ear (Alocasia spp.),0.9881,Anthurium (Anthurium andraeanum),0.0062,0.9819,alocasia,"alocasia|anthurium-andraeanum|dracaena-trifasciata",true,high-conf,true,29,
epipremnum-aureum__03,epipremnum-aureum,tta6,rotate_+90,rotate,Elephant Ear (Alocasia spp.),0.8128,Calathea,0.1206,0.6923,alocasia,"alocasia|goeppertia-orbifolia|zamioculcas-zamiifolia",true,high-conf,true,229,
epipremnum-aureum__03,epipremnum-aureum,squash,rotate_-90,rotate,Calathea,0.4402,Pothos (Ivy arum),0.2540,0.1862,goeppertia-orbifolia,"goeppertia-orbifolia|epipremnum-aureum|monstera-deliciosa",true,low-conf,false,31,
epipremnum-aureum__03,epipremnum-aureum,center_crop,rotate_-90,rotate,Calathea,0.4402,Pothos (Ivy arum),0.2540,0.1862,goeppertia-orbifolia,"goeppertia-orbifolia|epipremnum-aureum|monstera-deliciosa",true,low-conf,false,35,
epipremnum-aureum__03,epipremnum-aureum,tta6,rotate_-90,rotate,Pothos (Ivy arum),0.4229,Calathea,0.3260,0.0969,epipremnum-aureum,"epipremnum-aureum|goeppertia-orbifolia|alocasia",true,low-conf,false,224,
epipremnum-aureum__03,epipremnum-aureum,squash,bright_up,brightness,Pothos (Ivy arum),0.7214,Elephant Ear (Alocasia spp.),0.2650,0.4563,epipremnum-aureum,"epipremnum-aureum|alocasia|monstera-deliciosa",true,high-conf,false,42,
epipremnum-aureum__03,epipremnum-aureum,center_crop,bright_up,brightness,Pothos (Ivy arum),0.7214,Elephant Ear (Alocasia spp.),0.2650,0.4563,epipremnum-aureum,"epipremnum-aureum|alocasia|monstera-deliciosa",true,high-conf,false,27,
epipremnum-aureum__03,epipremnum-aureum,tta6,bright_up,brightness,Pothos (Ivy arum),0.5694,Elephant Ear (Alocasia spp.),0.3676,0.2018,epipremnum-aureum,"epipremnum-aureum|alocasia|ficus-elastica",true,low-conf,false,246,
epipremnum-aureum__03,epipremnum-aureum,squash,bright_down,brightness,Elephant Ear (Alocasia spp.),0.9984,Monstera Deliciosa (Monstera deliciosa),0.0010,0.9973,alocasia,"alocasia|monstera-deliciosa|epipremnum-aureum",true,high-conf,true,45,
epipremnum-aureum__03,epipremnum-aureum,center_crop,bright_down,brightness,Elephant Ear (Alocasia spp.),0.9984,Monstera Deliciosa (Monstera deliciosa),0.0010,0.9973,alocasia,"alocasia|monstera-deliciosa|epipremnum-aureum",true,high-conf,true,43,
epipremnum-aureum__03,epipremnum-aureum,tta6,bright_down,brightness,Elephant Ear (Alocasia spp.),0.6746,Pothos (Ivy arum),0.3129,0.3617,alocasia,"alocasia|epipremnum-aureum|goeppertia-orbifolia",true,high-conf,true,201,
epipremnum-aureum__03,epipremnum-aureum,squash,contrast_up,contrast,Elephant Ear (Alocasia spp.),0.9991,Pothos (Ivy arum),0.0007,0.9984,alocasia,"alocasia|epipremnum-aureum|monstera-deliciosa",true,high-conf,true,31,
epipremnum-aureum__03,epipremnum-aureum,center_crop,contrast_up,contrast,Elephant Ear (Alocasia spp.),0.9991,Pothos (Ivy arum),0.0007,0.9984,alocasia,"alocasia|epipremnum-aureum|monstera-deliciosa",true,high-conf,true,38,
epipremnum-aureum__03,epipremnum-aureum,tta6,contrast_up,contrast,Elephant Ear (Alocasia spp.),0.7857,Pothos (Ivy arum),0.2109,0.5748,alocasia,"alocasia|epipremnum-aureum|ficus-elastica",true,high-conf,true,226,
epipremnum-aureum__03,epipremnum-aureum,squash,contrast_down,contrast,Pothos (Ivy arum),0.6928,Rubber Plant (Ficus elastica),0.1421,0.5507,epipremnum-aureum,"epipremnum-aureum|ficus-elastica|monstera-deliciosa",true,high-conf,false,37,
epipremnum-aureum__03,epipremnum-aureum,center_crop,contrast_down,contrast,Pothos (Ivy arum),0.6928,Rubber Plant (Ficus elastica),0.1421,0.5507,epipremnum-aureum,"epipremnum-aureum|ficus-elastica|monstera-deliciosa",true,high-conf,false,36,
epipremnum-aureum__03,epipremnum-aureum,tta6,contrast_down,contrast,Pothos (Ivy arum),0.5016,Rubber Plant (Ficus elastica),0.2822,0.2194,epipremnum-aureum,"epipremnum-aureum|ficus-elastica|alocasia",true,low-conf,false,217,
epipremnum-aureum__04,epipremnum-aureum,squash,clean,clean,Calathea,0.9270,Ctenanthe,0.0726,0.8545,goeppertia-orbifolia,"goeppertia-orbifolia|ctenanthe|monstera-deliciosa",true,high-conf,true,48,
epipremnum-aureum__04,epipremnum-aureum,center_crop,clean,clean,Calathea,0.9270,Ctenanthe,0.0726,0.8545,goeppertia-orbifolia,"goeppertia-orbifolia|ctenanthe|monstera-deliciosa",true,high-conf,true,30,
epipremnum-aureum__04,epipremnum-aureum,tta6,clean,clean,Calathea,0.5823,Ctenanthe,0.4090,0.1733,goeppertia-orbifolia,"goeppertia-orbifolia|ctenanthe|asplenium-nidus",true,low-conf,false,234,
epipremnum-aureum__04,epipremnum-aureum,squash,blur,blur,Schefflera,0.9805,Calathea,0.0146,0.9658,schefflera,"schefflera|goeppertia-orbifolia|monstera-deliciosa",true,high-conf,true,46,
epipremnum-aureum__04,epipremnum-aureum,center_crop,blur,blur,Schefflera,0.9805,Calathea,0.0146,0.9658,schefflera,"schefflera|goeppertia-orbifolia|monstera-deliciosa",true,high-conf,true,31,
epipremnum-aureum__04,epipremnum-aureum,tta6,blur,blur,Calathea,0.4087,Schefflera,0.3847,0.0241,goeppertia-orbifolia,"goeppertia-orbifolia|schefflera|spathiphyllum-wallisii",true,low-conf,false,239,
epipremnum-aureum__04,epipremnum-aureum,squash,crop_center_zoom,crop,Ctenanthe,0.9957,Calathea,0.0030,0.9927,ctenanthe,"ctenanthe|goeppertia-orbifolia|asplenium-nidus",true,high-conf,true,41,
epipremnum-aureum__04,epipremnum-aureum,center_crop,crop_center_zoom,crop,Ctenanthe,0.9957,Calathea,0.0030,0.9927,ctenanthe,"ctenanthe|goeppertia-orbifolia|asplenium-nidus",true,high-conf,true,50,
epipremnum-aureum__04,epipremnum-aureum,tta6,crop_center_zoom,crop,Ctenanthe,0.7350,Birds Nest Fern (Asplenium nidus),0.2445,0.4905,ctenanthe,"ctenanthe|asplenium-nidus|goeppertia-orbifolia",true,high-conf,true,237,
epipremnum-aureum__04,epipremnum-aureum,squash,crop_offcenter_zoom,crop,Ctenanthe,0.7747,Monstera Deliciosa (Monstera deliciosa),0.2011,0.5736,ctenanthe,"ctenanthe|monstera-deliciosa|spathiphyllum-wallisii",true,high-conf,true,46,
epipremnum-aureum__04,epipremnum-aureum,center_crop,crop_offcenter_zoom,crop,Ctenanthe,0.7747,Monstera Deliciosa (Monstera deliciosa),0.2011,0.5736,ctenanthe,"ctenanthe|monstera-deliciosa|spathiphyllum-wallisii",true,high-conf,true,39,
epipremnum-aureum__04,epipremnum-aureum,tta6,crop_offcenter_zoom,crop,Ctenanthe,0.9159,Monstera Deliciosa (Monstera deliciosa),0.0671,0.8488,ctenanthe,"ctenanthe|monstera-deliciosa|spathiphyllum-wallisii",true,high-conf,true,213,
epipremnum-aureum__04,epipremnum-aureum,squash,rotate_+15,rotate,Birds Nest Fern (Asplenium nidus),0.8960,Monstera Deliciosa (Monstera deliciosa),0.0879,0.8081,asplenium-nidus,"asplenium-nidus|monstera-deliciosa|ctenanthe",true,high-conf,true,34,
epipremnum-aureum__04,epipremnum-aureum,center_crop,rotate_+15,rotate,Birds Nest Fern (Asplenium nidus),0.8960,Monstera Deliciosa (Monstera deliciosa),0.0879,0.8081,asplenium-nidus,"asplenium-nidus|monstera-deliciosa|ctenanthe",true,high-conf,true,26,
epipremnum-aureum__04,epipremnum-aureum,tta6,rotate_+15,rotate,Birds Nest Fern (Asplenium nidus),0.4334,Ctenanthe,0.2689,0.1645,asplenium-nidus,"asplenium-nidus|ctenanthe|monstera-deliciosa",true,low-conf,false,193,
epipremnum-aureum__04,epipremnum-aureum,squash,rotate_-15,rotate,Birds Nest Fern (Asplenium nidus),0.9971,Monstera Deliciosa (Monstera deliciosa),0.0023,0.9948,asplenium-nidus,"asplenium-nidus|monstera-deliciosa|ctenanthe",true,high-conf,true,27,
epipremnum-aureum__04,epipremnum-aureum,center_crop,rotate_-15,rotate,Birds Nest Fern (Asplenium nidus),0.9971,Monstera Deliciosa (Monstera deliciosa),0.0023,0.9948,asplenium-nidus,"asplenium-nidus|monstera-deliciosa|ctenanthe",true,high-conf,true,31,
epipremnum-aureum__04,epipremnum-aureum,tta6,rotate_-15,rotate,Birds Nest Fern (Asplenium nidus),0.6420,Ctenanthe,0.1720,0.4700,asplenium-nidus,"asplenium-nidus|ctenanthe|monstera-deliciosa",true,high-conf,true,205,
epipremnum-aureum__04,epipremnum-aureum,squash,rotate_+90,rotate,Calathea,0.9651,Prayer Plant (Maranta leuconeura),0.0181,0.9469,goeppertia-orbifolia,"goeppertia-orbifolia|maranta-leuconeura|ctenanthe",true,high-conf,true,49,
epipremnum-aureum__04,epipremnum-aureum,center_crop,rotate_+90,rotate,Calathea,0.9651,Prayer Plant (Maranta leuconeura),0.0181,0.9469,goeppertia-orbifolia,"goeppertia-orbifolia|maranta-leuconeura|ctenanthe",true,high-conf,true,47,
epipremnum-aureum__04,epipremnum-aureum,tta6,rotate_+90,rotate,Calathea,0.5970,Prayer Plant (Maranta leuconeura),0.2776,0.3194,goeppertia-orbifolia,"goeppertia-orbifolia|maranta-leuconeura|ctenanthe",true,high-conf,true,254,
epipremnum-aureum__04,epipremnum-aureum,squash,rotate_-90,rotate,Calathea,0.9641,Ctenanthe,0.0182,0.9458,goeppertia-orbifolia,"goeppertia-orbifolia|ctenanthe|maranta-leuconeura",true,high-conf,true,36,
epipremnum-aureum__04,epipremnum-aureum,center_crop,rotate_-90,rotate,Calathea,0.9641,Ctenanthe,0.0182,0.9458,goeppertia-orbifolia,"goeppertia-orbifolia|ctenanthe|maranta-leuconeura",true,high-conf,true,44,
epipremnum-aureum__04,epipremnum-aureum,tta6,rotate_-90,rotate,Calathea,0.5887,Prayer Plant (Maranta leuconeura),0.2137,0.3750,goeppertia-orbifolia,"goeppertia-orbifolia|maranta-leuconeura|ctenanthe",true,high-conf,true,215,
epipremnum-aureum__04,epipremnum-aureum,squash,bright_up,brightness,Calathea,0.8120,Ctenanthe,0.1877,0.6243,goeppertia-orbifolia,"goeppertia-orbifolia|ctenanthe|monstera-deliciosa",true,high-conf,true,43,
epipremnum-aureum__04,epipremnum-aureum,center_crop,bright_up,brightness,Calathea,0.8120,Ctenanthe,0.1877,0.6243,goeppertia-orbifolia,"goeppertia-orbifolia|ctenanthe|monstera-deliciosa",true,high-conf,true,33,
epipremnum-aureum__04,epipremnum-aureum,tta6,bright_up,brightness,Calathea,0.6365,Ctenanthe,0.2946,0.3419,goeppertia-orbifolia,"goeppertia-orbifolia|ctenanthe|asplenium-nidus",true,high-conf,true,236,
epipremnum-aureum__04,epipremnum-aureum,squash,bright_down,brightness,Calathea,0.6201,Ctenanthe,0.3795,0.2405,goeppertia-orbifolia,"goeppertia-orbifolia|ctenanthe|asplenium-nidus",true,low-conf,false,44,
epipremnum-aureum__04,epipremnum-aureum,center_crop,bright_down,brightness,Calathea,0.6201,Ctenanthe,0.3795,0.2405,goeppertia-orbifolia,"goeppertia-orbifolia|ctenanthe|asplenium-nidus",true,low-conf,false,42,
epipremnum-aureum__04,epipremnum-aureum,tta6,bright_down,brightness,Ctenanthe,0.6044,Calathea,0.3909,0.2135,ctenanthe,"ctenanthe|goeppertia-orbifolia|maranta-leuconeura",true,low-conf,false,226,
epipremnum-aureum__04,epipremnum-aureum,squash,contrast_up,contrast,Calathea,0.6536,Ctenanthe,0.3445,0.3091,goeppertia-orbifolia,"goeppertia-orbifolia|ctenanthe|monstera-deliciosa",true,high-conf,true,42,
epipremnum-aureum__04,epipremnum-aureum,center_crop,contrast_up,contrast,Calathea,0.6536,Ctenanthe,0.3445,0.3091,goeppertia-orbifolia,"goeppertia-orbifolia|ctenanthe|monstera-deliciosa",true,high-conf,true,45,
epipremnum-aureum__04,epipremnum-aureum,tta6,contrast_up,contrast,Ctenanthe,0.6583,Calathea,0.3202,0.3380,ctenanthe,"ctenanthe|goeppertia-orbifolia|maranta-leuconeura",true,high-conf,true,288,
epipremnum-aureum__04,epipremnum-aureum,squash,contrast_down,contrast,Calathea,0.6845,Ctenanthe,0.3153,0.3692,goeppertia-orbifolia,"goeppertia-orbifolia|ctenanthe|asplenium-nidus",true,high-conf,true,48,
epipremnum-aureum__04,epipremnum-aureum,center_crop,contrast_down,contrast,Calathea,0.6845,Ctenanthe,0.3153,0.3692,goeppertia-orbifolia,"goeppertia-orbifolia|ctenanthe|asplenium-nidus",true,high-conf,true,43,
epipremnum-aureum__04,epipremnum-aureum,tta6,contrast_down,contrast,Calathea,0.5512,Ctenanthe,0.4199,0.1313,goeppertia-orbifolia,"goeppertia-orbifolia|ctenanthe|asplenium-nidus",true,low-conf,false,246,
epipremnum-aureum__05,epipremnum-aureum,squash,clean,clean,Monstera Deliciosa (Monstera deliciosa),0.9609,Ctenanthe,0.0340,0.9269,monstera-deliciosa,"monstera-deliciosa|ctenanthe|zamioculcas-zamiifolia",true,high-conf,true,39,
epipremnum-aureum__05,epipremnum-aureum,center_crop,clean,clean,Monstera Deliciosa (Monstera deliciosa),0.9609,Ctenanthe,0.0340,0.9269,monstera-deliciosa,"monstera-deliciosa|ctenanthe|zamioculcas-zamiifolia",true,high-conf,true,46,
epipremnum-aureum__05,epipremnum-aureum,tta6,clean,clean,Monstera Deliciosa (Monstera deliciosa),0.6095,Dumb Cane (Dieffenbachia spp.),0.3286,0.2810,monstera-deliciosa,"monstera-deliciosa|dieffenbachia|aglaonema",true,low-conf,false,235,
epipremnum-aureum__05,epipremnum-aureum,squash,blur,blur,Elephant Ear (Alocasia spp.),0.5523,Calathea,0.2858,0.2665,alocasia,"alocasia|goeppertia-orbifolia|ctenanthe",true,low-conf,false,39,
epipremnum-aureum__05,epipremnum-aureum,center_crop,blur,blur,Elephant Ear (Alocasia spp.),0.5523,Calathea,0.2858,0.2665,alocasia,"alocasia|goeppertia-orbifolia|ctenanthe",true,low-conf,false,60,
epipremnum-aureum__05,epipremnum-aureum,tta6,blur,blur,Elephant Ear (Alocasia spp.),0.5137,Calathea,0.1707,0.3430,alocasia,"alocasia|goeppertia-orbifolia|zamioculcas-zamiifolia",true,high-conf,true,250,
epipremnum-aureum__05,epipremnum-aureum,squash,crop_center_zoom,crop,Dumb Cane (Dieffenbachia spp.),0.7848,Monstera Deliciosa (Monstera deliciosa),0.2081,0.5767,dieffenbachia,"dieffenbachia|monstera-deliciosa|epipremnum-aureum",true,high-conf,true,41,
epipremnum-aureum__05,epipremnum-aureum,center_crop,crop_center_zoom,crop,Dumb Cane (Dieffenbachia spp.),0.7848,Monstera Deliciosa (Monstera deliciosa),0.2081,0.5767,dieffenbachia,"dieffenbachia|monstera-deliciosa|epipremnum-aureum",true,high-conf,true,45,
epipremnum-aureum__05,epipremnum-aureum,tta6,crop_center_zoom,crop,Dumb Cane (Dieffenbachia spp.),0.6844,Monstera Deliciosa (Monstera deliciosa),0.3009,0.3835,dieffenbachia,"dieffenbachia|monstera-deliciosa|alocasia",true,high-conf,true,234,
epipremnum-aureum__05,epipremnum-aureum,squash,crop_offcenter_zoom,crop,Dumb Cane (Dieffenbachia spp.),0.9705,Monstera Deliciosa (Monstera deliciosa),0.0258,0.9447,dieffenbachia,"dieffenbachia|monstera-deliciosa|alocasia",true,high-conf,true,50,
epipremnum-aureum__05,epipremnum-aureum,center_crop,crop_offcenter_zoom,crop,Dumb Cane (Dieffenbachia spp.),0.9705,Monstera Deliciosa (Monstera deliciosa),0.0258,0.9447,dieffenbachia,"dieffenbachia|monstera-deliciosa|alocasia",true,high-conf,true,39,
epipremnum-aureum__05,epipremnum-aureum,tta6,crop_offcenter_zoom,crop,Dumb Cane (Dieffenbachia spp.),0.8668,Aloe Vera,0.0839,0.7829,dieffenbachia,"dieffenbachia|aloe-vera|monstera-deliciosa",true,high-conf,true,226,
epipremnum-aureum__05,epipremnum-aureum,squash,rotate_+15,rotate,Monstera Deliciosa (Monstera deliciosa),0.9832,Ctenanthe,0.0114,0.9717,monstera-deliciosa,"monstera-deliciosa|ctenanthe|dieffenbachia",true,high-conf,true,79,
epipremnum-aureum__05,epipremnum-aureum,center_crop,rotate_+15,rotate,Monstera Deliciosa (Monstera deliciosa),0.9832,Ctenanthe,0.0114,0.9717,monstera-deliciosa,"monstera-deliciosa|ctenanthe|dieffenbachia",true,high-conf,true,66,
epipremnum-aureum__05,epipremnum-aureum,tta6,rotate_+15,rotate,Monstera Deliciosa (Monstera deliciosa),0.6712,Dumb Cane (Dieffenbachia spp.),0.1913,0.4800,monstera-deliciosa,"monstera-deliciosa|dieffenbachia|alocasia",true,high-conf,true,352,
epipremnum-aureum__05,epipremnum-aureum,squash,rotate_-15,rotate,Monstera Deliciosa (Monstera deliciosa),0.8399,Elephant Ear (Alocasia spp.),0.1205,0.7194,monstera-deliciosa,"monstera-deliciosa|alocasia|dieffenbachia",true,high-conf,true,65,
epipremnum-aureum__05,epipremnum-aureum,center_crop,rotate_-15,rotate,Monstera Deliciosa (Monstera deliciosa),0.8399,Elephant Ear (Alocasia spp.),0.1205,0.7194,monstera-deliciosa,"monstera-deliciosa|alocasia|dieffenbachia",true,high-conf,true,47,
epipremnum-aureum__05,epipremnum-aureum,tta6,rotate_-15,rotate,Monstera Deliciosa (Monstera deliciosa),0.5724,Dumb Cane (Dieffenbachia spp.),0.3433,0.2291,monstera-deliciosa,"monstera-deliciosa|dieffenbachia|alocasia",true,low-conf,false,437,
epipremnum-aureum__05,epipremnum-aureum,squash,rotate_+90,rotate,Monstera Deliciosa (Monstera deliciosa),0.5710,Ctenanthe,0.4118,0.1592,monstera-deliciosa,"monstera-deliciosa|ctenanthe|epipremnum-aureum",true,low-conf,false,49,
epipremnum-aureum__05,epipremnum-aureum,center_crop,rotate_+90,rotate,Monstera Deliciosa (Monstera deliciosa),0.5710,Ctenanthe,0.4118,0.1592,monstera-deliciosa,"monstera-deliciosa|ctenanthe|epipremnum-aureum",true,low-conf,false,63,
epipremnum-aureum__05,epipremnum-aureum,tta6,rotate_+90,rotate,Monstera Deliciosa (Monstera deliciosa),0.8459,Ctenanthe,0.1427,0.7032,monstera-deliciosa,"monstera-deliciosa|ctenanthe|epipremnum-aureum",true,high-conf,true,330,
epipremnum-aureum__05,epipremnum-aureum,squash,rotate_-90,rotate,Monstera Deliciosa (Monstera deliciosa),0.5276,Birds Nest Fern (Asplenium nidus),0.2718,0.2558,monstera-deliciosa,"monstera-deliciosa|asplenium-nidus|ctenanthe",true,low-conf,false,50,
epipremnum-aureum__05,epipremnum-aureum,center_crop,rotate_-90,rotate,Monstera Deliciosa (Monstera deliciosa),0.5276,Birds Nest Fern (Asplenium nidus),0.2718,0.2558,monstera-deliciosa,"monstera-deliciosa|asplenium-nidus|ctenanthe",true,low-conf,false,47,
epipremnum-aureum__05,epipremnum-aureum,tta6,rotate_-90,rotate,Dumb Cane (Dieffenbachia spp.),0.4507,Monstera Deliciosa (Monstera deliciosa),0.2706,0.1801,dieffenbachia,"dieffenbachia|monstera-deliciosa|asplenium-nidus",true,low-conf,false,516,
epipremnum-aureum__05,epipremnum-aureum,squash,bright_up,brightness,Monstera Deliciosa (Monstera deliciosa),0.9365,Ctenanthe,0.0575,0.8790,monstera-deliciosa,"monstera-deliciosa|ctenanthe|dieffenbachia",true,high-conf,true,61,
epipremnum-aureum__05,epipremnum-aureum,center_crop,bright_up,brightness,Monstera Deliciosa (Monstera deliciosa),0.9365,Ctenanthe,0.0575,0.8790,monstera-deliciosa,"monstera-deliciosa|ctenanthe|dieffenbachia",true,high-conf,true,77,
epipremnum-aureum__05,epipremnum-aureum,tta6,bright_up,brightness,Monstera Deliciosa (Monstera deliciosa),0.6628,Dumb Cane (Dieffenbachia spp.),0.2482,0.4146,monstera-deliciosa,"monstera-deliciosa|dieffenbachia|alocasia",true,high-conf,true,497,
epipremnum-aureum__05,epipremnum-aureum,squash,bright_down,brightness,Monstera Deliciosa (Monstera deliciosa),0.6256,Ctenanthe,0.2913,0.3343,monstera-deliciosa,"monstera-deliciosa|ctenanthe|zamioculcas-zamiifolia",true,high-conf,true,49,
epipremnum-aureum__05,epipremnum-aureum,center_crop,bright_down,brightness,Monstera Deliciosa (Monstera deliciosa),0.6256,Ctenanthe,0.2913,0.3343,monstera-deliciosa,"monstera-deliciosa|ctenanthe|zamioculcas-zamiifolia",true,high-conf,true,76,
epipremnum-aureum__05,epipremnum-aureum,tta6,bright_down,brightness,Monstera Deliciosa (Monstera deliciosa),0.5365,Dumb Cane (Dieffenbachia spp.),0.2034,0.3331,monstera-deliciosa,"monstera-deliciosa|dieffenbachia|ctenanthe",true,high-conf,true,325,
epipremnum-aureum__05,epipremnum-aureum,squash,contrast_up,contrast,Monstera Deliciosa (Monstera deliciosa),0.5210,Ctenanthe,0.2824,0.2386,monstera-deliciosa,"monstera-deliciosa|ctenanthe|dieffenbachia",true,low-conf,false,51,
epipremnum-aureum__05,epipremnum-aureum,center_crop,contrast_up,contrast,Monstera Deliciosa (Monstera deliciosa),0.5210,Ctenanthe,0.2824,0.2386,monstera-deliciosa,"monstera-deliciosa|ctenanthe|dieffenbachia",true,low-conf,false,79,
epipremnum-aureum__05,epipremnum-aureum,tta6,contrast_up,contrast,Monstera Deliciosa (Monstera deliciosa),0.4202,Dumb Cane (Dieffenbachia spp.),0.3872,0.0330,monstera-deliciosa,"monstera-deliciosa|dieffenbachia|ctenanthe",true,low-conf,false,595,
epipremnum-aureum__05,epipremnum-aureum,squash,contrast_down,contrast,Monstera Deliciosa (Monstera deliciosa),0.8034,Ctenanthe,0.1870,0.6164,monstera-deliciosa,"monstera-deliciosa|ctenanthe|zamioculcas-zamiifolia",true,high-conf,true,113,
epipremnum-aureum__05,epipremnum-aureum,center_crop,contrast_down,contrast,Monstera Deliciosa (Monstera deliciosa),0.8034,Ctenanthe,0.1870,0.6164,monstera-deliciosa,"monstera-deliciosa|ctenanthe|zamioculcas-zamiifolia",true,high-conf,true,82,
epipremnum-aureum__05,epipremnum-aureum,tta6,contrast_down,contrast,Monstera Deliciosa (Monstera deliciosa),0.6715,Dumb Cane (Dieffenbachia spp.),0.1790,0.4924,monstera-deliciosa,"monstera-deliciosa|dieffenbachia|ctenanthe",true,high-conf,true,698,
epipremnum-aureum__06,epipremnum-aureum,squash,clean,clean,Elephant Ear (Alocasia spp.),0.7530,Monstera Deliciosa (Monstera deliciosa),0.1887,0.5643,alocasia,"alocasia|monstera-deliciosa|pachira-aquatica",true,high-conf,true,53,
epipremnum-aureum__06,epipremnum-aureum,center_crop,clean,clean,Elephant Ear (Alocasia spp.),0.7530,Monstera Deliciosa (Monstera deliciosa),0.1887,0.5643,alocasia,"alocasia|monstera-deliciosa|pachira-aquatica",true,high-conf,true,61,
epipremnum-aureum__06,epipremnum-aureum,tta6,clean,clean,Elephant Ear (Alocasia spp.),0.2769,Anthurium (Anthurium andraeanum),0.2757,0.0012,alocasia,"alocasia|anthurium-andraeanum|epipremnum-aureum",true,low-conf,false,410,
epipremnum-aureum__06,epipremnum-aureum,squash,blur,blur,Money Tree (Pachira aquatica),0.9924,Tradescantia,0.0070,0.9855,pachira-aquatica,"pachira-aquatica|tradescantia|goeppertia-orbifolia",true,high-conf,true,62,
epipremnum-aureum__06,epipremnum-aureum,center_crop,blur,blur,Money Tree (Pachira aquatica),0.9924,Tradescantia,0.0070,0.9855,pachira-aquatica,"pachira-aquatica|tradescantia|goeppertia-orbifolia",true,high-conf,true,95,
epipremnum-aureum__06,epipremnum-aureum,tta6,blur,blur,Money Tree (Pachira aquatica),0.9003,Tradescantia,0.0879,0.8124,pachira-aquatica,"pachira-aquatica|tradescantia|goeppertia-orbifolia",true,high-conf,true,523,
epipremnum-aureum__06,epipremnum-aureum,squash,crop_center_zoom,crop,Monstera Deliciosa (Monstera deliciosa),0.7134,Pothos (Ivy arum),0.1905,0.5228,monstera-deliciosa,"monstera-deliciosa|epipremnum-aureum|alocasia",true,high-conf,true,81,
epipremnum-aureum__06,epipremnum-aureum,center_crop,crop_center_zoom,crop,Monstera Deliciosa (Monstera deliciosa),0.7134,Pothos (Ivy arum),0.1905,0.5228,monstera-deliciosa,"monstera-deliciosa|epipremnum-aureum|alocasia",true,high-conf,true,77,
epipremnum-aureum__06,epipremnum-aureum,tta6,crop_center_zoom,crop,Tradescantia,0.3199,Anthurium (Anthurium andraeanum),0.3182,0.0017,tradescantia,"tradescantia|anthurium-andraeanum|monstera-deliciosa",true,low-conf,false,378,
epipremnum-aureum__06,epipremnum-aureum,squash,crop_offcenter_zoom,crop,Anthurium (Anthurium andraeanum),0.9942,Monstera Deliciosa (Monstera deliciosa),0.0048,0.9894,anthurium-andraeanum,"anthurium-andraeanum|monstera-deliciosa|epipremnum-aureum",true,high-conf,true,59,
epipremnum-aureum__06,epipremnum-aureum,center_crop,crop_offcenter_zoom,crop,Anthurium (Anthurium andraeanum),0.9942,Monstera Deliciosa (Monstera deliciosa),0.0048,0.9894,anthurium-andraeanum,"anthurium-andraeanum|monstera-deliciosa|epipremnum-aureum",true,high-conf,true,47,
epipremnum-aureum__06,epipremnum-aureum,tta6,crop_offcenter_zoom,crop,Anthurium (Anthurium andraeanum),0.5783,Tradescantia,0.1812,0.3971,anthurium-andraeanum,"anthurium-andraeanum|tradescantia|pachira-aquatica",true,high-conf,true,314,
epipremnum-aureum__06,epipremnum-aureum,squash,rotate_+15,rotate,Schefflera,0.5688,Calathea,0.2430,0.3257,schefflera,"schefflera|goeppertia-orbifolia|monstera-deliciosa",true,high-conf,true,46,
epipremnum-aureum__06,epipremnum-aureum,center_crop,rotate_+15,rotate,Schefflera,0.5688,Calathea,0.2430,0.3257,schefflera,"schefflera|goeppertia-orbifolia|monstera-deliciosa",true,high-conf,true,38,
epipremnum-aureum__06,epipremnum-aureum,tta6,rotate_+15,rotate,Calathea,0.4468,Schefflera,0.3244,0.1224,goeppertia-orbifolia,"goeppertia-orbifolia|schefflera|monstera-deliciosa",true,low-conf,false,325,
epipremnum-aureum__06,epipremnum-aureum,squash,rotate_-15,rotate,Pothos (Ivy arum),0.6505,Rubber Plant (Ficus elastica),0.1241,0.5264,epipremnum-aureum,"epipremnum-aureum|ficus-elastica|aglaonema",true,high-conf,false,41,
epipremnum-aureum__06,epipremnum-aureum,center_crop,rotate_-15,rotate,Pothos (Ivy arum),0.6505,Rubber Plant (Ficus elastica),0.1241,0.5264,epipremnum-aureum,"epipremnum-aureum|ficus-elastica|aglaonema",true,high-conf,false,39,
epipremnum-aureum__06,epipremnum-aureum,tta6,rotate_-15,rotate,Pothos (Ivy arum),0.4143,Money Tree (Pachira aquatica),0.1501,0.2642,epipremnum-aureum,"epipremnum-aureum|pachira-aquatica|anthurium-andraeanum",true,low-conf,false,288,
epipremnum-aureum__06,epipremnum-aureum,squash,rotate_+90,rotate,Calathea,0.8621,Birds Nest Fern (Asplenium nidus),0.1332,0.7289,goeppertia-orbifolia,"goeppertia-orbifolia|asplenium-nidus|ficus-elastica",true,high-conf,true,67,
epipremnum-aureum__06,epipremnum-aureum,center_crop,rotate_+90,rotate,Calathea,0.8621,Birds Nest Fern (Asplenium nidus),0.1332,0.7289,goeppertia-orbifolia,"goeppertia-orbifolia|asplenium-nidus|ficus-elastica",true,high-conf,true,37,
epipremnum-aureum__06,epipremnum-aureum,tta6,rotate_+90,rotate,Calathea,0.6655,Elephant Ear (Alocasia spp.),0.1834,0.4821,goeppertia-orbifolia,"goeppertia-orbifolia|alocasia|pilea-peperomioides",true,high-conf,true,344,
epipremnum-aureum__06,epipremnum-aureum,squash,rotate_-90,rotate,Chinese Money Plant (Pilea peperomioides),0.9997,Monstera Deliciosa (Monstera deliciosa),0.0002,0.9995,pilea-peperomioides,"pilea-peperomioides|monstera-deliciosa|alocasia",true,high-conf,true,64,
epipremnum-aureum__06,epipremnum-aureum,center_crop,rotate_-90,rotate,Chinese Money Plant (Pilea peperomioides),0.9997,Monstera Deliciosa (Monstera deliciosa),0.0002,0.9995,pilea-peperomioides,"pilea-peperomioides|monstera-deliciosa|alocasia",true,high-conf,true,45,
epipremnum-aureum__06,epipremnum-aureum,tta6,rotate_-90,rotate,Chinese Money Plant (Pilea peperomioides),0.9063,Tradescantia,0.0817,0.8246,pilea-peperomioides,"pilea-peperomioides|tradescantia|aloe-vera",true,low-conf,false,293,
epipremnum-aureum__06,epipremnum-aureum,squash,bright_up,brightness,Monstera Deliciosa (Monstera deliciosa),0.5408,Elephant Ear (Alocasia spp.),0.3728,0.1680,monstera-deliciosa,"monstera-deliciosa|alocasia|anthurium-andraeanum",true,low-conf,false,42,
epipremnum-aureum__06,epipremnum-aureum,center_crop,bright_up,brightness,Monstera Deliciosa (Monstera deliciosa),0.5408,Elephant Ear (Alocasia spp.),0.3728,0.1680,monstera-deliciosa,"monstera-deliciosa|alocasia|anthurium-andraeanum",true,low-conf,false,49,
epipremnum-aureum__06,epipremnum-aureum,tta6,bright_up,brightness,Pothos (Ivy arum),0.3299,Anthurium (Anthurium andraeanum),0.2724,0.0575,epipremnum-aureum,"epipremnum-aureum|anthurium-andraeanum|monstera-deliciosa",true,low-conf,false,362,
epipremnum-aureum__06,epipremnum-aureum,squash,bright_down,brightness,Money Tree (Pachira aquatica),0.4627,Monstera Deliciosa (Monstera deliciosa),0.3551,0.1075,pachira-aquatica,"pachira-aquatica|monstera-deliciosa|alocasia",true,low-conf,false,75,
epipremnum-aureum__06,epipremnum-aureum,center_crop,bright_down,brightness,Money Tree (Pachira aquatica),0.4627,Monstera Deliciosa (Monstera deliciosa),0.3551,0.1075,pachira-aquatica,"pachira-aquatica|monstera-deliciosa|alocasia",true,low-conf,false,48,
epipremnum-aureum__06,epipremnum-aureum,tta6,bright_down,brightness,Tradescantia,0.2770,Money Tree (Pachira aquatica),0.2082,0.0688,tradescantia,"tradescantia|pachira-aquatica|monstera-deliciosa",true,low-conf,false,264,
epipremnum-aureum__06,epipremnum-aureum,squash,contrast_up,contrast,Monstera Deliciosa (Monstera deliciosa),0.7075,Elephant Ear (Alocasia spp.),0.2365,0.4710,monstera-deliciosa,"monstera-deliciosa|alocasia|pachira-aquatica",true,high-conf,true,34,
epipremnum-aureum__06,epipremnum-aureum,center_crop,contrast_up,contrast,Monstera Deliciosa (Monstera deliciosa),0.7075,Elephant Ear (Alocasia spp.),0.2365,0.4710,monstera-deliciosa,"monstera-deliciosa|alocasia|pachira-aquatica",true,high-conf,true,37,
epipremnum-aureum__06,epipremnum-aureum,tta6,contrast_up,contrast,Monstera Deliciosa (Monstera deliciosa),0.3970,Elephant Ear (Alocasia spp.),0.2619,0.1351,monstera-deliciosa,"monstera-deliciosa|alocasia|anthurium-andraeanum",true,low-conf,false,234,
epipremnum-aureum__06,epipremnum-aureum,squash,contrast_down,contrast,Elephant Ear (Alocasia spp.),0.6183,Pothos (Ivy arum),0.1852,0.4331,alocasia,"alocasia|epipremnum-aureum|anthurium-andraeanum",true,high-conf,true,30,
epipremnum-aureum__06,epipremnum-aureum,center_crop,contrast_down,contrast,Elephant Ear (Alocasia spp.),0.6183,Pothos (Ivy arum),0.1852,0.4331,alocasia,"alocasia|epipremnum-aureum|anthurium-andraeanum",true,high-conf,true,43,
epipremnum-aureum__06,epipremnum-aureum,tta6,contrast_down,contrast,Pothos (Ivy arum),0.5142,Elephant Ear (Alocasia spp.),0.2821,0.2321,epipremnum-aureum,"epipremnum-aureum|alocasia|anthurium-andraeanum",true,low-conf,false,386,
euphorbia-pulcherrima__01,euphorbia-pulcherrima,squash,clean,clean,Tradescantia,0.8112,Chinese evergreen (Aglaonema),0.1534,0.6578,tradescantia,"tradescantia|aglaonema|dracaena-trifasciata",true,high-conf,true,78,
euphorbia-pulcherrima__01,euphorbia-pulcherrima,center_crop,clean,clean,Tradescantia,0.8112,Chinese evergreen (Aglaonema),0.1534,0.6578,tradescantia,"tradescantia|aglaonema|dracaena-trifasciata",true,high-conf,true,40,
euphorbia-pulcherrima__01,euphorbia-pulcherrima,tta6,clean,clean,Anthurium (Anthurium andraeanum),0.5152,Tradescantia,0.2704,0.2448,anthurium-andraeanum,"anthurium-andraeanum|tradescantia|kalanchoe",true,low-conf,false,204,
euphorbia-pulcherrima__01,euphorbia-pulcherrima,squash,blur,blur,Poinsettia (Euphorbia pulcherrima),0.7547,Anthurium (Anthurium andraeanum),0.2035,0.5512,euphorbia-pulcherrima,"euphorbia-pulcherrima|anthurium-andraeanum|schefflera",true,high-conf,false,17,
euphorbia-pulcherrima__01,euphorbia-pulcherrima,center_crop,blur,blur,Poinsettia (Euphorbia pulcherrima),0.7547,Anthurium (Anthurium andraeanum),0.2035,0.5512,euphorbia-pulcherrima,"euphorbia-pulcherrima|anthurium-andraeanum|schefflera",true,high-conf,false,20,
euphorbia-pulcherrima__01,euphorbia-pulcherrima,tta6,blur,blur,Poinsettia (Euphorbia pulcherrima),0.4150,Anthurium (Anthurium andraeanum),0.2780,0.1370,euphorbia-pulcherrima,"euphorbia-pulcherrima|anthurium-andraeanum|tradescantia",true,low-conf,false,227,
euphorbia-pulcherrima__01,euphorbia-pulcherrima,squash,crop_center_zoom,crop,Anthurium (Anthurium andraeanum),1.0000,Poinsettia (Euphorbia pulcherrima),0.0000,1.0000,anthurium-andraeanum,"anthurium-andraeanum|euphorbia-pulcherrima|ficus-elastica",true,high-conf,true,41,
euphorbia-pulcherrima__01,euphorbia-pulcherrima,center_crop,crop_center_zoom,crop,Anthurium (Anthurium andraeanum),1.0000,Poinsettia (Euphorbia pulcherrima),0.0000,1.0000,anthurium-andraeanum,"anthurium-andraeanum|euphorbia-pulcherrima|ficus-elastica",true,high-conf,true,66,
euphorbia-pulcherrima__01,euphorbia-pulcherrima,tta6,crop_center_zoom,crop,Anthurium (Anthurium andraeanum),0.7775,Poinsettia (Euphorbia pulcherrima),0.2225,0.5550,anthurium-andraeanum,"anthurium-andraeanum|euphorbia-pulcherrima|alocasia",true,high-conf,true,239,
euphorbia-pulcherrima__01,euphorbia-pulcherrima,squash,crop_offcenter_zoom,crop,Anthurium (Anthurium andraeanum),1.0000,English Ivy (Hedera helix),0.0000,1.0000,anthurium-andraeanum,"anthurium-andraeanum|hedera-helix|alocasia",true,high-conf,true,42,
euphorbia-pulcherrima__01,euphorbia-pulcherrima,center_crop,crop_offcenter_zoom,crop,Anthurium (Anthurium andraeanum),1.0000,English Ivy (Hedera helix),0.0000,1.0000,anthurium-andraeanum,"anthurium-andraeanum|hedera-helix|alocasia",true,high-conf,true,47,
euphorbia-pulcherrima__01,euphorbia-pulcherrima,tta6,crop_offcenter_zoom,crop,Anthurium (Anthurium andraeanum),0.7452,English Ivy (Hedera helix),0.2284,0.5167,anthurium-andraeanum,"anthurium-andraeanum|hedera-helix|tradescantia",true,high-conf,true,254,
euphorbia-pulcherrima__01,euphorbia-pulcherrima,squash,rotate_+15,rotate,Anthurium (Anthurium andraeanum),0.4638,Chinese evergreen (Aglaonema),0.4330,0.0309,anthurium-andraeanum,"anthurium-andraeanum|aglaonema|ctenanthe",true,low-conf,false,46,
euphorbia-pulcherrima__01,euphorbia-pulcherrima,center_crop,rotate_+15,rotate,Anthurium (Anthurium andraeanum),0.4638,Chinese evergreen (Aglaonema),0.4330,0.0309,anthurium-andraeanum,"anthurium-andraeanum|aglaonema|ctenanthe",true,low-conf,false,38,
euphorbia-pulcherrima__01,euphorbia-pulcherrima,tta6,rotate_+15,rotate,Anthurium (Anthurium andraeanum),0.7889,Chinese evergreen (Aglaonema),0.1453,0.6437,anthurium-andraeanum,"anthurium-andraeanum|aglaonema|euphorbia-pulcherrima",true,high-conf,true,267,
euphorbia-pulcherrima__01,euphorbia-pulcherrima,squash,rotate_-15,rotate,Anthurium (Anthurium andraeanum),0.9029,Poinsettia (Euphorbia pulcherrima),0.0971,0.8058,anthurium-andraeanum,"anthurium-andraeanum|euphorbia-pulcherrima|spathiphyllum-wallisii",true,high-conf,true,20,
euphorbia-pulcherrima__01,euphorbia-pulcherrima,center_crop,rotate_-15,rotate,Anthurium (Anthurium andraeanum),0.9029,Poinsettia (Euphorbia pulcherrima),0.0971,0.8058,anthurium-andraeanum,"anthurium-andraeanum|euphorbia-pulcherrima|spathiphyllum-wallisii",true,high-conf,true,32,
euphorbia-pulcherrima__01,euphorbia-pulcherrima,tta6,rotate_-15,rotate,Anthurium (Anthurium andraeanum),0.5955,Poinsettia (Euphorbia pulcherrima),0.4025,0.1931,anthurium-andraeanum,"anthurium-andraeanum|euphorbia-pulcherrima|begonia",true,low-conf,false,249,
euphorbia-pulcherrima__01,euphorbia-pulcherrima,squash,rotate_+90,rotate,Anthurium (Anthurium andraeanum),0.9994,Chinese evergreen (Aglaonema),0.0004,0.9990,anthurium-andraeanum,"anthurium-andraeanum|aglaonema|pachira-aquatica",true,high-conf,true,71,
euphorbia-pulcherrima__01,euphorbia-pulcherrima,center_crop,rotate_+90,rotate,Anthurium (Anthurium andraeanum),0.9994,Chinese evergreen (Aglaonema),0.0004,0.9990,anthurium-andraeanum,"anthurium-andraeanum|aglaonema|pachira-aquatica",true,high-conf,true,30,
euphorbia-pulcherrima__01,euphorbia-pulcherrima,tta6,rotate_+90,rotate,Anthurium (Anthurium andraeanum),0.8590,Money Tree (Pachira aquatica),0.1197,0.7392,anthurium-andraeanum,"anthurium-andraeanum|pachira-aquatica|euphorbia-pulcherrima",true,high-conf,true,153,
euphorbia-pulcherrima__01,euphorbia-pulcherrima,squash,rotate_-90,rotate,Money Tree (Pachira aquatica),0.9995,Poinsettia (Euphorbia pulcherrima),0.0003,0.9993,pachira-aquatica,"pachira-aquatica|euphorbia-pulcherrima|anthurium-andraeanum",true,high-conf,true,40,
euphorbia-pulcherrima__01,euphorbia-pulcherrima,center_crop,rotate_-90,rotate,Money Tree (Pachira aquatica),0.9995,Poinsettia (Euphorbia pulcherrima),0.0003,0.9993,pachira-aquatica,"pachira-aquatica|euphorbia-pulcherrima|anthurium-andraeanum",true,high-conf,true,25,
euphorbia-pulcherrima__01,euphorbia-pulcherrima,tta6,rotate_-90,rotate,Anthurium (Anthurium andraeanum),0.5779,Money Tree (Pachira aquatica),0.3333,0.2446,anthurium-andraeanum,"anthurium-andraeanum|pachira-aquatica|euphorbia-pulcherrima",true,low-conf,false,178,
euphorbia-pulcherrima__01,euphorbia-pulcherrima,squash,bright_up,brightness,Tradescantia,0.9486,Rubber Plant (Ficus elastica),0.0218,0.9268,tradescantia,"tradescantia|ficus-elastica|ctenanthe",true,high-conf,true,30,
euphorbia-pulcherrima__01,euphorbia-pulcherrima,center_crop,bright_up,brightness,Tradescantia,0.9486,Rubber Plant (Ficus elastica),0.0218,0.9268,tradescantia,"tradescantia|ficus-elastica|ctenanthe",true,high-conf,true,67,
euphorbia-pulcherrima__01,euphorbia-pulcherrima,tta6,bright_up,brightness,Anthurium (Anthurium andraeanum),0.5624,Tradescantia,0.3162,0.2462,anthurium-andraeanum,"anthurium-andraeanum|tradescantia|ctenanthe",true,low-conf,false,225,
euphorbia-pulcherrima__01,euphorbia-pulcherrima,squash,bright_down,brightness,Chinese evergreen (Aglaonema),0.6675,Tradescantia,0.2028,0.4648,aglaonema,"aglaonema|tradescantia|anthurium-andraeanum",true,high-conf,true,25,
euphorbia-pulcherrima__01,euphorbia-pulcherrima,center_crop,bright_down,brightness,Chinese evergreen (Aglaonema),0.6675,Tradescantia,0.2028,0.4648,aglaonema,"aglaonema|tradescantia|anthurium-andraeanum",true,high-conf,true,35,
euphorbia-pulcherrima__01,euphorbia-pulcherrima,tta6,bright_down,brightness,Anthurium (Anthurium andraeanum),0.5558,Chinese evergreen (Aglaonema),0.2225,0.3333,anthurium-andraeanum,"anthurium-andraeanum|aglaonema|ctenanthe",true,high-conf,true,219,
euphorbia-pulcherrima__01,euphorbia-pulcherrima,squash,contrast_up,contrast,Tradescantia,0.4350,Chinese evergreen (Aglaonema),0.3709,0.0641,tradescantia,"tradescantia|aglaonema|ctenanthe",true,low-conf,false,27,
euphorbia-pulcherrima__01,euphorbia-pulcherrima,center_crop,contrast_up,contrast,Tradescantia,0.4350,Chinese evergreen (Aglaonema),0.3709,0.0641,tradescantia,"tradescantia|aglaonema|ctenanthe",true,low-conf,false,26,
euphorbia-pulcherrima__01,euphorbia-pulcherrima,tta6,contrast_up,contrast,Anthurium (Anthurium andraeanum),0.6242,Tradescantia,0.1450,0.4792,anthurium-andraeanum,"anthurium-andraeanum|tradescantia|aglaonema",true,high-conf,true,305,
euphorbia-pulcherrima__01,euphorbia-pulcherrima,squash,contrast_down,contrast,Tradescantia,0.4905,Ctenanthe,0.4699,0.0206,tradescantia,"tradescantia|ctenanthe|dracaena-trifasciata",true,low-conf,false,31,
euphorbia-pulcherrima__01,euphorbia-pulcherrima,center_crop,contrast_down,contrast,Tradescantia,0.4905,Ctenanthe,0.4699,0.0206,tradescantia,"tradescantia|ctenanthe|dracaena-trifasciata",true,low-conf,false,29,
euphorbia-pulcherrima__01,euphorbia-pulcherrima,tta6,contrast_down,contrast,Anthurium (Anthurium andraeanum),0.5163,Ctenanthe,0.2861,0.2302,anthurium-andraeanum,"anthurium-andraeanum|ctenanthe|tradescantia",true,low-conf,false,165,
ficus-elastica__01,ficus-elastica,squash,clean,clean,Rubber Plant (Ficus elastica),1.0000,Schefflera,0.0000,1.0000,ficus-elastica,"ficus-elastica|schefflera|tradescantia",true,high-conf,false,25,
ficus-elastica__01,ficus-elastica,center_crop,clean,clean,Rubber Plant (Ficus elastica),1.0000,Schefflera,0.0000,1.0000,ficus-elastica,"ficus-elastica|schefflera|tradescantia",true,high-conf,false,34,
ficus-elastica__01,ficus-elastica,tta6,clean,clean,Rubber Plant (Ficus elastica),1.0000,Schefflera,0.0000,1.0000,ficus-elastica,"ficus-elastica|schefflera|tradescantia",true,high-conf,false,362,
ficus-elastica__01,ficus-elastica,squash,blur,blur,English Ivy (Hedera helix),0.7325,Tradescantia,0.2509,0.4817,hedera-helix,"hedera-helix|tradescantia|schefflera",true,high-conf,true,43,
ficus-elastica__01,ficus-elastica,center_crop,blur,blur,English Ivy (Hedera helix),0.7325,Tradescantia,0.2509,0.4817,hedera-helix,"hedera-helix|tradescantia|schefflera",true,high-conf,true,25,
ficus-elastica__01,ficus-elastica,tta6,blur,blur,Tradescantia,0.5414,English Ivy (Hedera helix),0.4062,0.1352,tradescantia,"tradescantia|hedera-helix|aspidistra-elatior",true,low-conf,false,115,
ficus-elastica__01,ficus-elastica,squash,crop_center_zoom,crop,Rubber Plant (Ficus elastica),1.0000,Schefflera,0.0000,1.0000,ficus-elastica,"ficus-elastica|schefflera|tradescantia",true,high-conf,false,34,
ficus-elastica__01,ficus-elastica,center_crop,crop_center_zoom,crop,Rubber Plant (Ficus elastica),1.0000,Schefflera,0.0000,1.0000,ficus-elastica,"ficus-elastica|schefflera|tradescantia",true,high-conf,false,25,
ficus-elastica__01,ficus-elastica,tta6,crop_center_zoom,crop,Rubber Plant (Ficus elastica),1.0000,Schefflera,0.0000,1.0000,ficus-elastica,"ficus-elastica|schefflera|zamioculcas-zamiifolia",true,high-conf,false,313,
ficus-elastica__01,ficus-elastica,squash,crop_offcenter_zoom,crop,Rubber Plant (Ficus elastica),1.0000,Schefflera,0.0000,1.0000,ficus-elastica,"ficus-elastica|schefflera|tradescantia",true,high-conf,false,75,
ficus-elastica__01,ficus-elastica,center_crop,crop_offcenter_zoom,crop,Rubber Plant (Ficus elastica),1.0000,Schefflera,0.0000,1.0000,ficus-elastica,"ficus-elastica|schefflera|tradescantia",true,high-conf,false,81,
ficus-elastica__01,ficus-elastica,tta6,crop_offcenter_zoom,crop,Rubber Plant (Ficus elastica),1.0000,Schefflera,0.0000,1.0000,ficus-elastica,"ficus-elastica|schefflera|zamioculcas-zamiifolia",true,high-conf,false,280,
ficus-elastica__01,ficus-elastica,squash,rotate_+15,rotate,Schefflera,0.9994,Rubber Plant (Ficus elastica),0.0003,0.9991,schefflera,"schefflera|ficus-elastica|epipremnum-aureum",true,high-conf,true,47,
ficus-elastica__01,ficus-elastica,center_crop,rotate_+15,rotate,Schefflera,0.9994,Rubber Plant (Ficus elastica),0.0003,0.9991,schefflera,"schefflera|ficus-elastica|epipremnum-aureum",true,high-conf,true,36,
ficus-elastica__01,ficus-elastica,tta6,rotate_+15,rotate,Rubber Plant (Ficus elastica),0.6024,Schefflera,0.3955,0.2070,ficus-elastica,"ficus-elastica|schefflera|zamioculcas-zamiifolia",true,low-conf,false,344,
ficus-elastica__01,ficus-elastica,squash,rotate_-15,rotate,Schefflera,0.9888,Pothos (Ivy arum),0.0069,0.9819,schefflera,"schefflera|epipremnum-aureum|zamioculcas-zamiifolia",true,high-conf,true,43,
ficus-elastica__01,ficus-elastica,center_crop,rotate_-15,rotate,Schefflera,0.9888,Pothos (Ivy arum),0.0069,0.9819,schefflera,"schefflera|epipremnum-aureum|zamioculcas-zamiifolia",true,high-conf,true,35,
ficus-elastica__01,ficus-elastica,tta6,rotate_-15,rotate,Schefflera,0.5066,Rubber Plant (Ficus elastica),0.4897,0.0168,schefflera,"schefflera|ficus-elastica|epipremnum-aureum",true,low-conf,false,143,
ficus-elastica__01,ficus-elastica,squash,rotate_+90,rotate,Rubber Plant (Ficus elastica),1.0000,Schefflera,0.0000,1.0000,ficus-elastica,"ficus-elastica|schefflera|tradescantia",true,high-conf,false,32,
ficus-elastica__01,ficus-elastica,center_crop,rotate_+90,rotate,Rubber Plant (Ficus elastica),1.0000,Schefflera,0.0000,1.0000,ficus-elastica,"ficus-elastica|schefflera|tradescantia",true,high-conf,false,19,
ficus-elastica__01,ficus-elastica,tta6,rotate_+90,rotate,Rubber Plant (Ficus elastica),1.0000,Schefflera,0.0000,1.0000,ficus-elastica,"ficus-elastica|schefflera|tradescantia",true,high-conf,false,123,
ficus-elastica__01,ficus-elastica,squash,rotate_-90,rotate,Rubber Plant (Ficus elastica),1.0000,Schefflera,0.0000,1.0000,ficus-elastica,"ficus-elastica|schefflera|crassula-ovata",true,high-conf,false,31,
ficus-elastica__01,ficus-elastica,center_crop,rotate_-90,rotate,Rubber Plant (Ficus elastica),1.0000,Schefflera,0.0000,1.0000,ficus-elastica,"ficus-elastica|schefflera|crassula-ovata",true,high-conf,false,47,
ficus-elastica__01,ficus-elastica,tta6,rotate_-90,rotate,Rubber Plant (Ficus elastica),1.0000,Schefflera,0.0000,1.0000,ficus-elastica,"ficus-elastica|schefflera|zamioculcas-zamiifolia",true,high-conf,false,244,
ficus-elastica__01,ficus-elastica,squash,bright_up,brightness,Rubber Plant (Ficus elastica),1.0000,Schefflera,0.0000,1.0000,ficus-elastica,"ficus-elastica|schefflera|tradescantia",true,high-conf,false,52,
ficus-elastica__01,ficus-elastica,center_crop,bright_up,brightness,Rubber Plant (Ficus elastica),1.0000,Schefflera,0.0000,1.0000,ficus-elastica,"ficus-elastica|schefflera|tradescantia",true,high-conf,false,52,
ficus-elastica__01,ficus-elastica,tta6,bright_up,brightness,Rubber Plant (Ficus elastica),1.0000,Schefflera,0.0000,1.0000,ficus-elastica,"ficus-elastica|schefflera|tradescantia",true,high-conf,false,219,
ficus-elastica__01,ficus-elastica,squash,bright_down,brightness,Rubber Plant (Ficus elastica),1.0000,Schefflera,0.0000,1.0000,ficus-elastica,"ficus-elastica|schefflera|zamioculcas-zamiifolia",true,high-conf,false,21,
ficus-elastica__01,ficus-elastica,center_crop,bright_down,brightness,Rubber Plant (Ficus elastica),1.0000,Schefflera,0.0000,1.0000,ficus-elastica,"ficus-elastica|schefflera|zamioculcas-zamiifolia",true,high-conf,false,19,
ficus-elastica__01,ficus-elastica,tta6,bright_down,brightness,Rubber Plant (Ficus elastica),1.0000,Schefflera,0.0000,1.0000,ficus-elastica,"ficus-elastica|schefflera|zamioculcas-zamiifolia",true,high-conf,false,118,
ficus-elastica__01,ficus-elastica,squash,contrast_up,contrast,Rubber Plant (Ficus elastica),1.0000,Schefflera,0.0000,1.0000,ficus-elastica,"ficus-elastica|schefflera|tradescantia",true,high-conf,false,17,
ficus-elastica__01,ficus-elastica,center_crop,contrast_up,contrast,Rubber Plant (Ficus elastica),1.0000,Schefflera,0.0000,1.0000,ficus-elastica,"ficus-elastica|schefflera|tradescantia",true,high-conf,false,23,
ficus-elastica__01,ficus-elastica,tta6,contrast_up,contrast,Rubber Plant (Ficus elastica),0.9999,Schefflera,0.0001,0.9998,ficus-elastica,"ficus-elastica|schefflera|tradescantia",true,high-conf,false,106,
ficus-elastica__01,ficus-elastica,squash,contrast_down,contrast,Rubber Plant (Ficus elastica),1.0000,Schefflera,0.0000,1.0000,ficus-elastica,"ficus-elastica|schefflera|zamioculcas-zamiifolia",true,high-conf,false,16,
ficus-elastica__01,ficus-elastica,center_crop,contrast_down,contrast,Rubber Plant (Ficus elastica),1.0000,Schefflera,0.0000,1.0000,ficus-elastica,"ficus-elastica|schefflera|zamioculcas-zamiifolia",true,high-conf,false,16,
ficus-elastica__01,ficus-elastica,tta6,contrast_down,contrast,Rubber Plant (Ficus elastica),0.9998,Schefflera,0.0002,0.9997,ficus-elastica,"ficus-elastica|schefflera|zamioculcas-zamiifolia",true,high-conf,false,107,
ficus-elastica__02,ficus-elastica,squash,clean,clean,Pothos (Ivy arum),0.9814,Rubber Plant (Ficus elastica),0.0102,0.9712,epipremnum-aureum,"epipremnum-aureum|ficus-elastica|monstera-deliciosa",true,high-conf,true,36,
ficus-elastica__02,ficus-elastica,center_crop,clean,clean,Pothos (Ivy arum),0.9814,Rubber Plant (Ficus elastica),0.0102,0.9712,epipremnum-aureum,"epipremnum-aureum|ficus-elastica|monstera-deliciosa",true,high-conf,true,39,
ficus-elastica__02,ficus-elastica,tta6,clean,clean,Rubber Plant (Ficus elastica),0.5172,Pothos (Ivy arum),0.4156,0.1016,ficus-elastica,"ficus-elastica|epipremnum-aureum|monstera-deliciosa",true,low-conf,false,316,
ficus-elastica__02,ficus-elastica,squash,blur,blur,Money Tree (Pachira aquatica),0.9722,Calathea,0.0210,0.9512,pachira-aquatica,"pachira-aquatica|goeppertia-orbifolia|spathiphyllum-wallisii",true,high-conf,true,49,
ficus-elastica__02,ficus-elastica,center_crop,blur,blur,Money Tree (Pachira aquatica),0.9722,Calathea,0.0210,0.9512,pachira-aquatica,"pachira-aquatica|goeppertia-orbifolia|spathiphyllum-wallisii",true,high-conf,true,39,
ficus-elastica__02,ficus-elastica,tta6,blur,blur,Money Tree (Pachira aquatica),0.8872,Schefflera,0.0684,0.8188,pachira-aquatica,"pachira-aquatica|schefflera|zamioculcas-zamiifolia",true,high-conf,true,142,
ficus-elastica__02,ficus-elastica,squash,crop_center_zoom,crop,Rubber Plant (Ficus elastica),0.7107,Pothos (Ivy arum),0.2241,0.4865,ficus-elastica,"ficus-elastica|epipremnum-aureum|dracaena",true,high-conf,false,18,
ficus-elastica__02,ficus-elastica,center_crop,crop_center_zoom,crop,Rubber Plant (Ficus elastica),0.7107,Pothos (Ivy arum),0.2241,0.4865,ficus-elastica,"ficus-elastica|epipremnum-aureum|dracaena",true,high-conf,false,22,
ficus-elastica__02,ficus-elastica,tta6,crop_center_zoom,crop,Rubber Plant (Ficus elastica),0.5325,Dracaena,0.2798,0.2527,ficus-elastica,"ficus-elastica|dracaena|epipremnum-aureum",true,low-conf,false,117,
ficus-elastica__02,ficus-elastica,squash,crop_offcenter_zoom,crop,Rubber Plant (Ficus elastica),0.9853,Money Tree (Pachira aquatica),0.0066,0.9786,ficus-elastica,"ficus-elastica|pachira-aquatica|epipremnum-aureum",true,high-conf,false,16,
ficus-elastica__02,ficus-elastica,center_crop,crop_offcenter_zoom,crop,Rubber Plant (Ficus elastica),0.9853,Money Tree (Pachira aquatica),0.0066,0.9786,ficus-elastica,"ficus-elastica|pachira-aquatica|epipremnum-aureum",true,high-conf,false,18,
ficus-elastica__02,ficus-elastica,tta6,crop_offcenter_zoom,crop,Rubber Plant (Ficus elastica),0.7675,Bird of Paradise (Strelitzia reginae),0.1338,0.6337,ficus-elastica,"ficus-elastica|strelitzia-reginae|epipremnum-aureum",true,high-conf,false,107,
ficus-elastica__02,ficus-elastica,squash,rotate_+15,rotate,Pothos (Ivy arum),0.9998,Money Tree (Pachira aquatica),0.0002,0.9996,epipremnum-aureum,"epipremnum-aureum|pachira-aquatica|anthurium-andraeanum",true,high-conf,true,23,
ficus-elastica__02,ficus-elastica,center_crop,rotate_+15,rotate,Pothos (Ivy arum),0.9998,Money Tree (Pachira aquatica),0.0002,0.9996,epipremnum-aureum,"epipremnum-aureum|pachira-aquatica|anthurium-andraeanum",true,high-conf,true,19,
ficus-elastica__02,ficus-elastica,tta6,rotate_+15,rotate,Pothos (Ivy arum),0.5554,Money Tree (Pachira aquatica),0.2547,0.3006,epipremnum-aureum,"epipremnum-aureum|pachira-aquatica|ficus-elastica",true,high-conf,true,107,
ficus-elastica__02,ficus-elastica,squash,rotate_-15,rotate,Pothos (Ivy arum),0.9295,Orchid,0.0702,0.8593,epipremnum-aureum,"epipremnum-aureum|phalaenopsis|pachira-aquatica",true,high-conf,true,16,
ficus-elastica__02,ficus-elastica,center_crop,rotate_-15,rotate,Pothos (Ivy arum),0.9295,Orchid,0.0702,0.8593,epipremnum-aureum,"epipremnum-aureum|phalaenopsis|pachira-aquatica",true,high-conf,true,17,
ficus-elastica__02,ficus-elastica,tta6,rotate_-15,rotate,Pothos (Ivy arum),0.6434,Money Tree (Pachira aquatica),0.3198,0.3235,epipremnum-aureum,"epipremnum-aureum|pachira-aquatica|phalaenopsis",true,high-conf,true,116,
ficus-elastica__02,ficus-elastica,squash,rotate_+90,rotate,Money Tree (Pachira aquatica),0.9790,Jade plant (Crassula ovata),0.0169,0.9622,pachira-aquatica,"pachira-aquatica|crassula-ovata|ficus-elastica",true,high-conf,true,21,
ficus-elastica__02,ficus-elastica,center_crop,rotate_+90,rotate,Money Tree (Pachira aquatica),0.9790,Jade plant (Crassula ovata),0.0169,0.9622,pachira-aquatica,"pachira-aquatica|crassula-ovata|ficus-elastica",true,high-conf,true,21,
ficus-elastica__02,ficus-elastica,tta6,rotate_+90,rotate,Money Tree (Pachira aquatica),0.5555,Rubber Plant (Ficus elastica),0.2263,0.3292,pachira-aquatica,"pachira-aquatica|ficus-elastica|crassula-ovata",true,high-conf,true,175,
ficus-elastica__02,ficus-elastica,squash,rotate_-90,rotate,Rubber Plant (Ficus elastica),0.9981,ZZ Plant (Zamioculcas zamiifolia),0.0011,0.9970,ficus-elastica,"ficus-elastica|zamioculcas-zamiifolia|epipremnum-aureum",true,high-conf,false,29,
ficus-elastica__02,ficus-elastica,center_crop,rotate_-90,rotate,Rubber Plant (Ficus elastica),0.9981,ZZ Plant (Zamioculcas zamiifolia),0.0011,0.9970,ficus-elastica,"ficus-elastica|zamioculcas-zamiifolia|epipremnum-aureum",true,high-conf,false,23,
ficus-elastica__02,ficus-elastica,tta6,rotate_-90,rotate,Rubber Plant (Ficus elastica),0.8316,Money Tree (Pachira aquatica),0.1635,0.6682,ficus-elastica,"ficus-elastica|pachira-aquatica|epipremnum-aureum",true,high-conf,false,205,
ficus-elastica__02,ficus-elastica,squash,bright_up,brightness,Pothos (Ivy arum),0.9360,Lily of the valley (Convallaria majalis),0.0492,0.8868,epipremnum-aureum,"epipremnum-aureum|ficus-elastica|monstera-deliciosa",true,high-conf,true,57,
ficus-elastica__02,ficus-elastica,center_crop,bright_up,brightness,Pothos (Ivy arum),0.9360,Lily of the valley (Convallaria majalis),0.0492,0.8868,epipremnum-aureum,"epipremnum-aureum|ficus-elastica|monstera-deliciosa",true,high-conf,true,30,
ficus-elastica__02,ficus-elastica,tta6,bright_up,brightness,Rubber Plant (Ficus elastica),0.5161,Pothos (Ivy arum),0.3190,0.1971,ficus-elastica,"ficus-elastica|epipremnum-aureum|monstera-deliciosa",true,low-conf,false,155,
ficus-elastica__02,ficus-elastica,squash,bright_down,brightness,Rubber Plant (Ficus elastica),0.9993,Pothos (Ivy arum),0.0006,0.9986,ficus-elastica,"ficus-elastica|epipremnum-aureum|zamioculcas-zamiifolia",true,high-conf,false,17,
ficus-elastica__02,ficus-elastica,center_crop,bright_down,brightness,Rubber Plant (Ficus elastica),0.9993,Pothos (Ivy arum),0.0006,0.9986,ficus-elastica,"ficus-elastica|epipremnum-aureum|zamioculcas-zamiifolia",true,high-conf,false,18,
ficus-elastica__02,ficus-elastica,tta6,bright_down,brightness,Rubber Plant (Ficus elastica),0.8534,Monstera Deliciosa (Monstera deliciosa),0.0859,0.7675,ficus-elastica,"ficus-elastica|monstera-deliciosa|epipremnum-aureum",true,high-conf,false,124,
ficus-elastica__02,ficus-elastica,squash,contrast_up,contrast,Rubber Plant (Ficus elastica),0.9639,Pothos (Ivy arum),0.0355,0.9284,ficus-elastica,"ficus-elastica|epipremnum-aureum|monstera-deliciosa",true,high-conf,false,18,
ficus-elastica__02,ficus-elastica,center_crop,contrast_up,contrast,Rubber Plant (Ficus elastica),0.9639,Pothos (Ivy arum),0.0355,0.9284,ficus-elastica,"ficus-elastica|epipremnum-aureum|monstera-deliciosa",true,high-conf,false,18,
ficus-elastica__02,ficus-elastica,tta6,contrast_up,contrast,Rubber Plant (Ficus elastica),0.6626,Pothos (Ivy arum),0.3191,0.3436,ficus-elastica,"ficus-elastica|epipremnum-aureum|monstera-deliciosa",true,high-conf,false,108,
ficus-elastica__02,ficus-elastica,squash,contrast_down,contrast,Pothos (Ivy arum),0.5677,Rubber Plant (Ficus elastica),0.3547,0.2130,epipremnum-aureum,"epipremnum-aureum|ficus-elastica|monstera-deliciosa",true,low-conf,false,21,
ficus-elastica__02,ficus-elastica,center_crop,contrast_down,contrast,Pothos (Ivy arum),0.5677,Rubber Plant (Ficus elastica),0.3547,0.2130,epipremnum-aureum,"epipremnum-aureum|ficus-elastica|monstera-deliciosa",true,low-conf,false,19,
ficus-elastica__02,ficus-elastica,tta6,contrast_down,contrast,Rubber Plant (Ficus elastica),0.5508,Pothos (Ivy arum),0.2179,0.3329,ficus-elastica,"ficus-elastica|epipremnum-aureum|monstera-deliciosa",true,high-conf,false,135,
goeppertia-orbifolia,goeppertia-orbifolia,squash,clean,clean,Calathea,1.0000,Ctenanthe,0.0000,1.0000,goeppertia-orbifolia,"goeppertia-orbifolia|ctenanthe|monstera-deliciosa",true,high-conf,false,41,
goeppertia-orbifolia,goeppertia-orbifolia,center_crop,clean,clean,Calathea,1.0000,Ctenanthe,0.0000,1.0000,goeppertia-orbifolia,"goeppertia-orbifolia|ctenanthe|monstera-deliciosa",true,high-conf,false,56,
goeppertia-orbifolia,goeppertia-orbifolia,tta6,clean,clean,Calathea,0.9999,Tradescantia,0.0001,0.9998,goeppertia-orbifolia,"goeppertia-orbifolia|tradescantia|monstera-deliciosa",true,high-conf,false,207,
goeppertia-orbifolia,goeppertia-orbifolia,squash,blur,blur,Calathea,1.0000,Peace lily,0.0000,1.0000,goeppertia-orbifolia,"goeppertia-orbifolia|spathiphyllum-wallisii|maranta-leuconeura",true,high-conf,false,34,
goeppertia-orbifolia,goeppertia-orbifolia,center_crop,blur,blur,Calathea,1.0000,Peace lily,0.0000,1.0000,goeppertia-orbifolia,"goeppertia-orbifolia|spathiphyllum-wallisii|maranta-leuconeura",true,high-conf,false,33,
goeppertia-orbifolia,goeppertia-orbifolia,tta6,blur,blur,Calathea,1.0000,Prayer Plant (Maranta leuconeura),0.0000,1.0000,goeppertia-orbifolia,"goeppertia-orbifolia|maranta-leuconeura|spathiphyllum-wallisii",true,high-conf,false,153,
goeppertia-orbifolia,goeppertia-orbifolia,squash,crop_center_zoom,crop,Calathea,1.0000,Tradescantia,0.0000,1.0000,goeppertia-orbifolia,"goeppertia-orbifolia|tradescantia|monstera-deliciosa",true,high-conf,false,49,
goeppertia-orbifolia,goeppertia-orbifolia,center_crop,crop_center_zoom,crop,Calathea,1.0000,Tradescantia,0.0000,1.0000,goeppertia-orbifolia,"goeppertia-orbifolia|tradescantia|monstera-deliciosa",true,high-conf,false,25,
goeppertia-orbifolia,goeppertia-orbifolia,tta6,crop_center_zoom,crop,Calathea,0.9520,Tradescantia,0.0480,0.9039,goeppertia-orbifolia,"goeppertia-orbifolia|tradescantia|ctenanthe",true,high-conf,false,113,
goeppertia-orbifolia,goeppertia-orbifolia,squash,crop_offcenter_zoom,crop,Calathea,0.9993,Elephant Ear (Alocasia spp.),0.0006,0.9987,goeppertia-orbifolia,"goeppertia-orbifolia|alocasia|monstera-deliciosa",true,high-conf,false,18,
goeppertia-orbifolia,goeppertia-orbifolia,center_crop,crop_offcenter_zoom,crop,Calathea,0.9993,Elephant Ear (Alocasia spp.),0.0006,0.9987,goeppertia-orbifolia,"goeppertia-orbifolia|alocasia|monstera-deliciosa",true,high-conf,false,18,
goeppertia-orbifolia,goeppertia-orbifolia,tta6,crop_offcenter_zoom,crop,Calathea,0.9970,Tradescantia,0.0018,0.9952,goeppertia-orbifolia,"goeppertia-orbifolia|tradescantia|alocasia",true,high-conf,false,124,
goeppertia-orbifolia,goeppertia-orbifolia,squash,rotate_+15,rotate,Calathea,1.0000,Ctenanthe,0.0000,1.0000,goeppertia-orbifolia,"goeppertia-orbifolia|ctenanthe|monstera-deliciosa",true,high-conf,false,32,
goeppertia-orbifolia,goeppertia-orbifolia,center_crop,rotate_+15,rotate,Calathea,1.0000,Ctenanthe,0.0000,1.0000,goeppertia-orbifolia,"goeppertia-orbifolia|ctenanthe|monstera-deliciosa",true,high-conf,false,18,
goeppertia-orbifolia,goeppertia-orbifolia,tta6,rotate_+15,rotate,Calathea,0.9997,Monstera Deliciosa (Monstera deliciosa),0.0003,0.9994,goeppertia-orbifolia,"goeppertia-orbifolia|monstera-deliciosa|chamaedorea-elegans",true,high-conf,false,118,
goeppertia-orbifolia,goeppertia-orbifolia,squash,rotate_-15,rotate,Calathea,1.0000,Cast Iron Plant (Aspidistra elatior),0.0000,0.9999,goeppertia-orbifolia,"goeppertia-orbifolia|aspidistra-elatior|monstera-deliciosa",true,high-conf,false,18,
goeppertia-orbifolia,goeppertia-orbifolia,center_crop,rotate_-15,rotate,Calathea,1.0000,Cast Iron Plant (Aspidistra elatior),0.0000,0.9999,goeppertia-orbifolia,"goeppertia-orbifolia|aspidistra-elatior|monstera-deliciosa",true,high-conf,false,24,
goeppertia-orbifolia,goeppertia-orbifolia,tta6,rotate_-15,rotate,Calathea,0.9997,Monstera Deliciosa (Monstera deliciosa),0.0001,0.9996,goeppertia-orbifolia,"goeppertia-orbifolia|monstera-deliciosa|alocasia",true,high-conf,false,198,
goeppertia-orbifolia,goeppertia-orbifolia,squash,rotate_+90,rotate,Calathea,0.7009,Monstera Deliciosa (Monstera deliciosa),0.2151,0.4858,goeppertia-orbifolia,"goeppertia-orbifolia|monstera-deliciosa|maranta-leuconeura",true,high-conf,false,33,
goeppertia-orbifolia,goeppertia-orbifolia,center_crop,rotate_+90,rotate,Calathea,0.7009,Monstera Deliciosa (Monstera deliciosa),0.2151,0.4858,goeppertia-orbifolia,"goeppertia-orbifolia|monstera-deliciosa|maranta-leuconeura",true,high-conf,false,32,
goeppertia-orbifolia,goeppertia-orbifolia,tta6,rotate_+90,rotate,Calathea,0.8715,Monstera Deliciosa (Monstera deliciosa),0.0720,0.7995,goeppertia-orbifolia,"goeppertia-orbifolia|monstera-deliciosa|ctenanthe",true,high-conf,false,260,
goeppertia-orbifolia,goeppertia-orbifolia,squash,rotate_-90,rotate,Calathea,1.0000,Prayer Plant (Maranta leuconeura),0.0000,1.0000,goeppertia-orbifolia,"goeppertia-orbifolia|maranta-leuconeura|ctenanthe",true,high-conf,false,57,
goeppertia-orbifolia,goeppertia-orbifolia,center_crop,rotate_-90,rotate,Calathea,1.0000,Prayer Plant (Maranta leuconeura),0.0000,1.0000,goeppertia-orbifolia,"goeppertia-orbifolia|maranta-leuconeura|ctenanthe",true,high-conf,false,45,
goeppertia-orbifolia,goeppertia-orbifolia,tta6,rotate_-90,rotate,Calathea,0.9999,Monstera Deliciosa (Monstera deliciosa),0.0001,0.9998,goeppertia-orbifolia,"goeppertia-orbifolia|monstera-deliciosa|maranta-leuconeura",true,high-conf,false,290,
goeppertia-orbifolia,goeppertia-orbifolia,squash,bright_up,brightness,Calathea,1.0000,Ctenanthe,0.0000,1.0000,goeppertia-orbifolia,"goeppertia-orbifolia|ctenanthe|monstera-deliciosa",true,high-conf,false,23,
goeppertia-orbifolia,goeppertia-orbifolia,center_crop,bright_up,brightness,Calathea,1.0000,Ctenanthe,0.0000,1.0000,goeppertia-orbifolia,"goeppertia-orbifolia|ctenanthe|monstera-deliciosa",true,high-conf,false,23,
goeppertia-orbifolia,goeppertia-orbifolia,tta6,bright_up,brightness,Calathea,0.9998,Tradescantia,0.0001,0.9997,goeppertia-orbifolia,"goeppertia-orbifolia|tradescantia|monstera-deliciosa",true,high-conf,false,114,
goeppertia-orbifolia,goeppertia-orbifolia,squash,bright_down,brightness,Calathea,1.0000,Ctenanthe,0.0000,0.9999,goeppertia-orbifolia,"goeppertia-orbifolia|ctenanthe|tradescantia",true,high-conf,false,18,
goeppertia-orbifolia,goeppertia-orbifolia,center_crop,bright_down,brightness,Calathea,1.0000,Ctenanthe,0.0000,0.9999,goeppertia-orbifolia,"goeppertia-orbifolia|ctenanthe|tradescantia",true,high-conf,false,19,
goeppertia-orbifolia,goeppertia-orbifolia,tta6,bright_down,brightness,Calathea,1.0000,Ctenanthe,0.0000,1.0000,goeppertia-orbifolia,"goeppertia-orbifolia|ctenanthe|tradescantia",true,high-conf,false,119,
goeppertia-orbifolia,goeppertia-orbifolia,squash,contrast_up,contrast,Calathea,0.9999,Ctenanthe,0.0001,0.9998,goeppertia-orbifolia,"goeppertia-orbifolia|ctenanthe|monstera-deliciosa",true,high-conf,false,21,
goeppertia-orbifolia,goeppertia-orbifolia,center_crop,contrast_up,contrast,Calathea,0.9999,Ctenanthe,0.0001,0.9998,goeppertia-orbifolia,"goeppertia-orbifolia|ctenanthe|monstera-deliciosa",true,high-conf,false,52,
goeppertia-orbifolia,goeppertia-orbifolia,tta6,contrast_up,contrast,Calathea,0.9999,Ctenanthe,0.0001,0.9998,goeppertia-orbifolia,"goeppertia-orbifolia|ctenanthe|monstera-deliciosa",true,high-conf,false,116,
goeppertia-orbifolia,goeppertia-orbifolia,squash,contrast_down,contrast,Calathea,1.0000,Tradescantia,0.0000,1.0000,goeppertia-orbifolia,"goeppertia-orbifolia|tradescantia|ctenanthe",true,high-conf,false,20,
goeppertia-orbifolia,goeppertia-orbifolia,center_crop,contrast_down,contrast,Calathea,1.0000,Tradescantia,0.0000,1.0000,goeppertia-orbifolia,"goeppertia-orbifolia|tradescantia|ctenanthe",true,high-conf,false,18,
goeppertia-orbifolia,goeppertia-orbifolia,tta6,contrast_down,contrast,Calathea,1.0000,Tradescantia,0.0000,1.0000,goeppertia-orbifolia,"goeppertia-orbifolia|tradescantia|monstera-deliciosa",true,high-conf,false,118,
hedera-helix__01,hedera-helix,squash,clean,clean,English Ivy (Hedera helix),1.0000,Elephant Ear (Alocasia spp.),0.0000,1.0000,hedera-helix,"hedera-helix|alocasia|monstera-deliciosa",true,high-conf,false,29,
hedera-helix__01,hedera-helix,center_crop,clean,clean,English Ivy (Hedera helix),1.0000,Elephant Ear (Alocasia spp.),0.0000,1.0000,hedera-helix,"hedera-helix|alocasia|monstera-deliciosa",true,high-conf,false,40,
hedera-helix__01,hedera-helix,tta6,clean,clean,English Ivy (Hedera helix),0.9960,Monstera Deliciosa (Monstera deliciosa),0.0028,0.9932,hedera-helix,"hedera-helix|monstera-deliciosa|alocasia",true,high-conf,false,136,
hedera-helix__01,hedera-helix,squash,blur,blur,English Ivy (Hedera helix),1.0000,Begonia (Begonia spp.),0.0000,1.0000,hedera-helix,"hedera-helix|begonia|alocasia",true,high-conf,false,19,
hedera-helix__01,hedera-helix,center_crop,blur,blur,English Ivy (Hedera helix),1.0000,Begonia (Begonia spp.),0.0000,1.0000,hedera-helix,"hedera-helix|begonia|alocasia",true,high-conf,false,19,
hedera-helix__01,hedera-helix,tta6,blur,blur,English Ivy (Hedera helix),1.0000,Elephant Ear (Alocasia spp.),0.0000,1.0000,hedera-helix,"hedera-helix|alocasia|monstera-deliciosa",true,high-conf,false,120,
hedera-helix__01,hedera-helix,squash,crop_center_zoom,crop,English Ivy (Hedera helix),0.9988,Monstera Deliciosa (Monstera deliciosa),0.0012,0.9976,hedera-helix,"hedera-helix|monstera-deliciosa|saintpaulia-ionantha",true,high-conf,false,18,
hedera-helix__01,hedera-helix,center_crop,crop_center_zoom,crop,English Ivy (Hedera helix),0.9988,Monstera Deliciosa (Monstera deliciosa),0.0012,0.9976,hedera-helix,"hedera-helix|monstera-deliciosa|saintpaulia-ionantha",true,high-conf,false,24,
hedera-helix__01,hedera-helix,tta6,crop_center_zoom,crop,English Ivy (Hedera helix),0.9967,African Violet (Saintpaulia ionantha),0.0014,0.9953,hedera-helix,"hedera-helix|saintpaulia-ionantha|monstera-deliciosa",true,high-conf,false,123,
hedera-helix__01,hedera-helix,squash,crop_offcenter_zoom,crop,English Ivy (Hedera helix),0.9997,African Violet (Saintpaulia ionantha),0.0001,0.9996,hedera-helix,"hedera-helix|saintpaulia-ionantha|monstera-deliciosa",true,high-conf,false,16,
hedera-helix__01,hedera-helix,center_crop,crop_offcenter_zoom,crop,English Ivy (Hedera helix),0.9997,African Violet (Saintpaulia ionantha),0.0001,0.9996,hedera-helix,"hedera-helix|saintpaulia-ionantha|monstera-deliciosa",true,high-conf,false,16,
hedera-helix__01,hedera-helix,tta6,crop_offcenter_zoom,crop,English Ivy (Hedera helix),0.9900,Elephant Ear (Alocasia spp.),0.0069,0.9831,hedera-helix,"hedera-helix|alocasia|monstera-deliciosa",true,high-conf,false,114,
hedera-helix__01,hedera-helix,squash,rotate_+15,rotate,English Ivy (Hedera helix),1.0000,Elephant Ear (Alocasia spp.),0.0000,1.0000,hedera-helix,"hedera-helix|alocasia|monstera-deliciosa",true,high-conf,false,17,
hedera-helix__01,hedera-helix,center_crop,rotate_+15,rotate,English Ivy (Hedera helix),1.0000,Elephant Ear (Alocasia spp.),0.0000,1.0000,hedera-helix,"hedera-helix|alocasia|monstera-deliciosa",true,high-conf,false,20,
hedera-helix__01,hedera-helix,tta6,rotate_+15,rotate,English Ivy (Hedera helix),1.0000,Monstera Deliciosa (Monstera deliciosa),0.0000,0.9999,hedera-helix,"hedera-helix|monstera-deliciosa|alocasia",true,high-conf,false,108,
hedera-helix__01,hedera-helix,squash,rotate_-15,rotate,English Ivy (Hedera helix),0.9973,Monstera Deliciosa (Monstera deliciosa),0.0025,0.9948,hedera-helix,"hedera-helix|monstera-deliciosa|alocasia",true,high-conf,false,17,
hedera-helix__01,hedera-helix,center_crop,rotate_-15,rotate,English Ivy (Hedera helix),0.9973,Monstera Deliciosa (Monstera deliciosa),0.0025,0.9948,hedera-helix,"hedera-helix|monstera-deliciosa|alocasia",true,high-conf,false,19,
hedera-helix__01,hedera-helix,tta6,rotate_-15,rotate,English Ivy (Hedera helix),0.9105,Monstera Deliciosa (Monstera deliciosa),0.0887,0.8217,hedera-helix,"hedera-helix|monstera-deliciosa|alocasia",true,high-conf,false,132,
hedera-helix__01,hedera-helix,squash,rotate_+90,rotate,English Ivy (Hedera helix),0.9997,Elephant Ear (Alocasia spp.),0.0003,0.9993,hedera-helix,"hedera-helix|alocasia|monstera-deliciosa",true,high-conf,false,64,
hedera-helix__01,hedera-helix,center_crop,rotate_+90,rotate,English Ivy (Hedera helix),0.9997,Elephant Ear (Alocasia spp.),0.0003,0.9993,hedera-helix,"hedera-helix|alocasia|monstera-deliciosa",true,high-conf,false,72,
hedera-helix__01,hedera-helix,tta6,rotate_+90,rotate,English Ivy (Hedera helix),0.9995,Elephant Ear (Alocasia spp.),0.0004,0.9992,hedera-helix,"hedera-helix|alocasia|begonia",true,high-conf,false,367,
hedera-helix__01,hedera-helix,squash,rotate_-90,rotate,English Ivy (Hedera helix),1.0000,Monstera Deliciosa (Monstera deliciosa),0.0000,1.0000,hedera-helix,"hedera-helix|monstera-deliciosa|alocasia",true,high-conf,false,35,
hedera-helix__01,hedera-helix,center_crop,rotate_-90,rotate,English Ivy (Hedera helix),1.0000,Monstera Deliciosa (Monstera deliciosa),0.0000,1.0000,hedera-helix,"hedera-helix|monstera-deliciosa|alocasia",true,high-conf,false,36,
hedera-helix__01,hedera-helix,tta6,rotate_-90,rotate,English Ivy (Hedera helix),0.9997,Elephant Ear (Alocasia spp.),0.0003,0.9995,hedera-helix,"hedera-helix|alocasia|monstera-deliciosa",true,high-conf,false,159,
hedera-helix__01,hedera-helix,squash,bright_up,brightness,English Ivy (Hedera helix),1.0000,Elephant Ear (Alocasia spp.),0.0000,1.0000,hedera-helix,"hedera-helix|alocasia|monstera-deliciosa",true,high-conf,false,24,
hedera-helix__01,hedera-helix,center_crop,bright_up,brightness,English Ivy (Hedera helix),1.0000,Elephant Ear (Alocasia spp.),0.0000,1.0000,hedera-helix,"hedera-helix|alocasia|monstera-deliciosa",true,high-conf,false,26,
hedera-helix__01,hedera-helix,tta6,bright_up,brightness,English Ivy (Hedera helix),0.9979,Monstera Deliciosa (Monstera deliciosa),0.0018,0.9961,hedera-helix,"hedera-helix|monstera-deliciosa|alocasia",true,high-conf,false,131,
hedera-helix__01,hedera-helix,squash,bright_down,brightness,English Ivy (Hedera helix),1.0000,Elephant Ear (Alocasia spp.),0.0000,1.0000,hedera-helix,"hedera-helix|alocasia|monstera-deliciosa",true,high-conf,false,17,
hedera-helix__01,hedera-helix,center_crop,bright_down,brightness,English Ivy (Hedera helix),1.0000,Elephant Ear (Alocasia spp.),0.0000,1.0000,hedera-helix,"hedera-helix|alocasia|monstera-deliciosa",true,high-conf,false,18,
hedera-helix__01,hedera-helix,tta6,bright_down,brightness,English Ivy (Hedera helix),0.9942,Monstera Deliciosa (Monstera deliciosa),0.0031,0.9911,hedera-helix,"hedera-helix|monstera-deliciosa|alocasia",true,high-conf,false,208,
hedera-helix__01,hedera-helix,squash,contrast_up,contrast,English Ivy (Hedera helix),1.0000,Elephant Ear (Alocasia spp.),0.0000,1.0000,hedera-helix,"hedera-helix|alocasia|begonia",true,high-conf,false,33,
hedera-helix__01,hedera-helix,center_crop,contrast_up,contrast,English Ivy (Hedera helix),1.0000,Elephant Ear (Alocasia spp.),0.0000,1.0000,hedera-helix,"hedera-helix|alocasia|begonia",true,high-conf,false,18,
hedera-helix__01,hedera-helix,tta6,contrast_up,contrast,English Ivy (Hedera helix),0.9964,Elephant Ear (Alocasia spp.),0.0020,0.9945,hedera-helix,"hedera-helix|alocasia|monstera-deliciosa",true,high-conf,false,125,
hedera-helix__01,hedera-helix,squash,contrast_down,contrast,English Ivy (Hedera helix),1.0000,Monstera Deliciosa (Monstera deliciosa),0.0000,1.0000,hedera-helix,"hedera-helix|monstera-deliciosa|alocasia",true,high-conf,false,28,
hedera-helix__01,hedera-helix,center_crop,contrast_down,contrast,English Ivy (Hedera helix),1.0000,Monstera Deliciosa (Monstera deliciosa),0.0000,1.0000,hedera-helix,"hedera-helix|monstera-deliciosa|alocasia",true,high-conf,false,40,
hedera-helix__01,hedera-helix,tta6,contrast_down,contrast,English Ivy (Hedera helix),0.9783,Monstera Deliciosa (Monstera deliciosa),0.0214,0.9569,hedera-helix,"hedera-helix|monstera-deliciosa|alocasia",true,high-conf,false,187,
hypoestes-phyllostachya__01,hypoestes-phyllostachya,squash,clean,clean,Polka Dot Plant (Hypoestes phyllostachya),0.9603,Snake plant (Sanseviera),0.0382,0.9222,hypoestes-phyllostachya,"hypoestes-phyllostachya|dracaena-trifasciata|aglaonema",true,high-conf,false,20,
hypoestes-phyllostachya__01,hypoestes-phyllostachya,center_crop,clean,clean,Polka Dot Plant (Hypoestes phyllostachya),0.9603,Snake plant (Sanseviera),0.0382,0.9222,hypoestes-phyllostachya,"hypoestes-phyllostachya|dracaena-trifasciata|aglaonema",true,high-conf,false,31,
hypoestes-phyllostachya__01,hypoestes-phyllostachya,tta6,clean,clean,Polka Dot Plant (Hypoestes phyllostachya),0.8959,Snake plant (Sanseviera),0.1035,0.7924,hypoestes-phyllostachya,"hypoestes-phyllostachya|dracaena-trifasciata|aglaonema",true,high-conf,false,123,
hypoestes-phyllostachya__01,hypoestes-phyllostachya,squash,blur,blur,ZZ Plant (Zamioculcas zamiifolia),0.9999,Iron Cross begonia (Begonia masoniana),0.0000,0.9999,zamioculcas-zamiifolia,"zamioculcas-zamiifolia|hypoestes-phyllostachya|hedera-helix",true,high-conf,true,16,
hypoestes-phyllostachya__01,hypoestes-phyllostachya,center_crop,blur,blur,ZZ Plant (Zamioculcas zamiifolia),0.9999,Iron Cross begonia (Begonia masoniana),0.0000,0.9999,zamioculcas-zamiifolia,"zamioculcas-zamiifolia|hypoestes-phyllostachya|hedera-helix",true,high-conf,true,17,
hypoestes-phyllostachya__01,hypoestes-phyllostachya,tta6,blur,blur,Iron Cross begonia (Begonia masoniana),0.6090,ZZ Plant (Zamioculcas zamiifolia),0.3497,0.2593,zamioculcas-zamiifolia,"zamioculcas-zamiifolia|hedera-helix|hypoestes-phyllostachya",true,low-conf,false,176,
hypoestes-phyllostachya__01,hypoestes-phyllostachya,squash,crop_center_zoom,crop,Polka Dot Plant (Hypoestes phyllostachya),0.9982,Snake plant (Sanseviera),0.0018,0.9963,hypoestes-phyllostachya,"hypoestes-phyllostachya|dracaena-trifasciata|aglaonema",true,high-conf,false,26,
hypoestes-phyllostachya__01,hypoestes-phyllostachya,center_crop,crop_center_zoom,crop,Polka Dot Plant (Hypoestes phyllostachya),0.9982,Snake plant (Sanseviera),0.0018,0.9963,hypoestes-phyllostachya,"hypoestes-phyllostachya|dracaena-trifasciata|aglaonema",true,high-conf,false,22,
hypoestes-phyllostachya__01,hypoestes-phyllostachya,tta6,crop_center_zoom,crop,Polka Dot Plant (Hypoestes phyllostachya),0.9994,Snake plant (Sanseviera),0.0006,0.9988,hypoestes-phyllostachya,"hypoestes-phyllostachya|dracaena-trifasciata|aglaonema",true,high-conf,false,130,
hypoestes-phyllostachya__01,hypoestes-phyllostachya,squash,crop_offcenter_zoom,crop,Polka Dot Plant (Hypoestes phyllostachya),1.0000,Chinese evergreen (Aglaonema),0.0000,1.0000,hypoestes-phyllostachya,"hypoestes-phyllostachya|aglaonema|dracaena-trifasciata",true,high-conf,false,19,
hypoestes-phyllostachya__01,hypoestes-phyllostachya,center_crop,crop_offcenter_zoom,crop,Polka Dot Plant (Hypoestes phyllostachya),1.0000,Chinese evergreen (Aglaonema),0.0000,1.0000,hypoestes-phyllostachya,"hypoestes-phyllostachya|aglaonema|dracaena-trifasciata",true,high-conf,false,19,
hypoestes-phyllostachya__01,hypoestes-phyllostachya,tta6,crop_offcenter_zoom,crop,Polka Dot Plant (Hypoestes phyllostachya),1.0000,Chinese evergreen (Aglaonema),0.0000,1.0000,hypoestes-phyllostachya,"hypoestes-phyllostachya|aglaonema|dracaena-trifasciata",true,high-conf,false,109,
hypoestes-phyllostachya__01,hypoestes-phyllostachya,squash,rotate_+15,rotate,Polka Dot Plant (Hypoestes phyllostachya),0.9579,Snake plant (Sanseviera),0.0421,0.9159,hypoestes-phyllostachya,"hypoestes-phyllostachya|dracaena-trifasciata|aglaonema",true,high-conf,false,23,
hypoestes-phyllostachya__01,hypoestes-phyllostachya,center_crop,rotate_+15,rotate,Polka Dot Plant (Hypoestes phyllostachya),0.9579,Snake plant (Sanseviera),0.0421,0.9159,hypoestes-phyllostachya,"hypoestes-phyllostachya|dracaena-trifasciata|aglaonema",true,high-conf,false,18,
hypoestes-phyllostachya__01,hypoestes-phyllostachya,tta6,rotate_+15,rotate,Polka Dot Plant (Hypoestes phyllostachya),0.6531,Snake plant (Sanseviera),0.3469,0.3062,hypoestes-phyllostachya,"hypoestes-phyllostachya|dracaena-trifasciata|hedera-helix",true,high-conf,false,118,
hypoestes-phyllostachya__01,hypoestes-phyllostachya,squash,rotate_-15,rotate,Polka Dot Plant (Hypoestes phyllostachya),0.9998,Snake plant (Sanseviera),0.0002,0.9996,hypoestes-phyllostachya,"hypoestes-phyllostachya|dracaena-trifasciata|aglaonema",true,high-conf,false,17,
hypoestes-phyllostachya__01,hypoestes-phyllostachya,center_crop,rotate_-15,rotate,Polka Dot Plant (Hypoestes phyllostachya),0.9998,Snake plant (Sanseviera),0.0002,0.9996,hypoestes-phyllostachya,"hypoestes-phyllostachya|dracaena-trifasciata|aglaonema",true,high-conf,false,19,
hypoestes-phyllostachya__01,hypoestes-phyllostachya,tta6,rotate_-15,rotate,Polka Dot Plant (Hypoestes phyllostachya),0.9993,Snake plant (Sanseviera),0.0007,0.9987,hypoestes-phyllostachya,"hypoestes-phyllostachya|dracaena-trifasciata|hedera-helix",true,high-conf,false,159,
hypoestes-phyllostachya__01,hypoestes-phyllostachya,squash,rotate_+90,rotate,Polka Dot Plant (Hypoestes phyllostachya),1.0000,Snake plant (Sanseviera),0.0000,1.0000,hypoestes-phyllostachya,"hypoestes-phyllostachya|dracaena-trifasciata|aglaonema",true,high-conf,false,23,
hypoestes-phyllostachya__01,hypoestes-phyllostachya,center_crop,rotate_+90,rotate,Polka Dot Plant (Hypoestes phyllostachya),1.0000,Snake plant (Sanseviera),0.0000,1.0000,hypoestes-phyllostachya,"hypoestes-phyllostachya|dracaena-trifasciata|aglaonema",true,high-conf,false,22,
hypoestes-phyllostachya__01,hypoestes-phyllostachya,tta6,rotate_+90,rotate,Polka Dot Plant (Hypoestes phyllostachya),0.9999,Chinese evergreen (Aglaonema),0.0001,0.9999,hypoestes-phyllostachya,"hypoestes-phyllostachya|aglaonema|dracaena-trifasciata",true,high-conf,false,117,
hypoestes-phyllostachya__01,hypoestes-phyllostachya,squash,rotate_-90,rotate,Polka Dot Plant (Hypoestes phyllostachya),1.0000,Chinese evergreen (Aglaonema),0.0000,1.0000,hypoestes-phyllostachya,"hypoestes-phyllostachya|aglaonema|dracaena-trifasciata",true,high-conf,false,19,
hypoestes-phyllostachya__01,hypoestes-phyllostachya,center_crop,rotate_-90,rotate,Polka Dot Plant (Hypoestes phyllostachya),1.0000,Chinese evergreen (Aglaonema),0.0000,1.0000,hypoestes-phyllostachya,"hypoestes-phyllostachya|aglaonema|dracaena-trifasciata",true,high-conf,false,18,
hypoestes-phyllostachya__01,hypoestes-phyllostachya,tta6,rotate_-90,rotate,Polka Dot Plant (Hypoestes phyllostachya),1.0000,Chinese evergreen (Aglaonema),0.0000,1.0000,hypoestes-phyllostachya,"hypoestes-phyllostachya|aglaonema|dracaena-trifasciata",true,high-conf,false,187,
hypoestes-phyllostachya__01,hypoestes-phyllostachya,squash,bright_up,brightness,Snake plant (Sanseviera),0.9739,Chinese evergreen (Aglaonema),0.0230,0.9509,dracaena-trifasciata,"dracaena-trifasciata|aglaonema|hypoestes-phyllostachya",true,high-conf,true,15,
hypoestes-phyllostachya__01,hypoestes-phyllostachya,center_crop,bright_up,brightness,Snake plant (Sanseviera),0.9739,Chinese evergreen (Aglaonema),0.0230,0.9509,dracaena-trifasciata,"dracaena-trifasciata|aglaonema|hypoestes-phyllostachya",true,high-conf,true,24,
hypoestes-phyllostachya__01,hypoestes-phyllostachya,tta6,bright_up,brightness,Snake plant (Sanseviera),0.5489,Polka Dot Plant (Hypoestes phyllostachya),0.4433,0.1056,dracaena-trifasciata,"dracaena-trifasciata|hypoestes-phyllostachya|aglaonema",true,low-conf,false,135,
hypoestes-phyllostachya__01,hypoestes-phyllostachya,squash,bright_down,brightness,Polka Dot Plant (Hypoestes phyllostachya),0.8672,Snake plant (Sanseviera),0.0795,0.7877,hypoestes-phyllostachya,"hypoestes-phyllostachya|dracaena-trifasciata|aglaonema",true,high-conf,false,31,
hypoestes-phyllostachya__01,hypoestes-phyllostachya,center_crop,bright_down,brightness,Polka Dot Plant (Hypoestes phyllostachya),0.8672,Snake plant (Sanseviera),0.0795,0.7877,hypoestes-phyllostachya,"hypoestes-phyllostachya|dracaena-trifasciata|aglaonema",true,high-conf,false,24,
hypoestes-phyllostachya__01,hypoestes-phyllostachya,tta6,bright_down,brightness,Polka Dot Plant (Hypoestes phyllostachya),0.9137,Chinese evergreen (Aglaonema),0.0479,0.8658,hypoestes-phyllostachya,"hypoestes-phyllostachya|aglaonema|dracaena-trifasciata",true,high-conf,false,114,
hypoestes-phyllostachya__01,hypoestes-phyllostachya,squash,contrast_up,contrast,Snake plant (Sanseviera),0.5428,Polka Dot Plant (Hypoestes phyllostachya),0.3115,0.2312,dracaena-trifasciata,"dracaena-trifasciata|hypoestes-phyllostachya|aglaonema",true,low-conf,false,16,
hypoestes-phyllostachya__01,hypoestes-phyllostachya,center_crop,contrast_up,contrast,Snake plant (Sanseviera),0.5428,Polka Dot Plant (Hypoestes phyllostachya),0.3115,0.2312,dracaena-trifasciata,"dracaena-trifasciata|hypoestes-phyllostachya|aglaonema",true,low-conf,false,18,
hypoestes-phyllostachya__01,hypoestes-phyllostachya,tta6,contrast_up,contrast,Polka Dot Plant (Hypoestes phyllostachya),0.7665,Snake plant (Sanseviera),0.1834,0.5832,hypoestes-phyllostachya,"hypoestes-phyllostachya|dracaena-trifasciata|aglaonema",true,high-conf,false,259,
hypoestes-phyllostachya__01,hypoestes-phyllostachya,squash,contrast_down,contrast,Snake plant (Sanseviera),0.9072,Chinese evergreen (Aglaonema),0.0730,0.8342,dracaena-trifasciata,"dracaena-trifasciata|aglaonema|hypoestes-phyllostachya",true,high-conf,true,46,
hypoestes-phyllostachya__01,hypoestes-phyllostachya,center_crop,contrast_down,contrast,Snake plant (Sanseviera),0.9072,Chinese evergreen (Aglaonema),0.0730,0.8342,dracaena-trifasciata,"dracaena-trifasciata|aglaonema|hypoestes-phyllostachya",true,high-conf,true,34,
hypoestes-phyllostachya__01,hypoestes-phyllostachya,tta6,contrast_down,contrast,Snake plant (Sanseviera),0.5117,Polka Dot Plant (Hypoestes phyllostachya),0.4550,0.0567,dracaena-trifasciata,"dracaena-trifasciata|hypoestes-phyllostachya|aglaonema",true,low-conf,false,142,
kalanchoe__01,kalanchoe,squash,clean,clean,Kalanchoe,0.9999,Chrysanthemum,0.0000,0.9999,kalanchoe,"kalanchoe|begonia|crassula-ovata",true,high-conf,false,20,
kalanchoe__01,kalanchoe,center_crop,clean,clean,Kalanchoe,0.9999,Chrysanthemum,0.0000,0.9999,kalanchoe,"kalanchoe|begonia|crassula-ovata",true,high-conf,false,33,
kalanchoe__01,kalanchoe,tta6,clean,clean,Kalanchoe,0.9089,Chrysanthemum,0.0894,0.8196,kalanchoe,"kalanchoe|begonia|crassula-ovata",true,high-conf,false,109,
kalanchoe__01,kalanchoe,squash,blur,blur,Kalanchoe,0.9793,Begonia (Begonia spp.),0.0140,0.9654,kalanchoe,"kalanchoe|begonia|aloe-vera",true,high-conf,false,16,
kalanchoe__01,kalanchoe,center_crop,blur,blur,Kalanchoe,0.9793,Begonia (Begonia spp.),0.0140,0.9654,kalanchoe,"kalanchoe|begonia|aloe-vera",true,high-conf,false,20,
kalanchoe__01,kalanchoe,tta6,blur,blur,Kalanchoe,0.6068,Begonia (Begonia spp.),0.3908,0.2159,kalanchoe,"kalanchoe|begonia|aloe-vera",true,low-conf,false,113,
kalanchoe__01,kalanchoe,squash,crop_center_zoom,crop,Kalanchoe,0.9849,Chrysanthemum,0.0089,0.9759,kalanchoe,"kalanchoe|begonia|euphorbia-pulcherrima",true,high-conf,false,27,
kalanchoe__01,kalanchoe,center_crop,crop_center_zoom,crop,Kalanchoe,0.9849,Chrysanthemum,0.0089,0.9759,kalanchoe,"kalanchoe|begonia|euphorbia-pulcherrima",true,high-conf,false,17,
kalanchoe__01,kalanchoe,tta6,crop_center_zoom,crop,Kalanchoe,0.3602,Begonia (Begonia spp.),0.3315,0.0287,kalanchoe,"kalanchoe|begonia|euphorbia-pulcherrima",true,low-conf,false,100,
kalanchoe__01,kalanchoe,squash,crop_offcenter_zoom,crop,Begonia (Begonia spp.),0.6642,Kalanchoe,0.3313,0.3330,begonia,"begonia|kalanchoe|crassula-ovata",true,high-conf,true,19,
kalanchoe__01,kalanchoe,center_crop,crop_offcenter_zoom,crop,Begonia (Begonia spp.),0.6642,Kalanchoe,0.3313,0.3330,begonia,"begonia|kalanchoe|crassula-ovata",true,high-conf,true,17,
kalanchoe__01,kalanchoe,tta6,crop_offcenter_zoom,crop,Chrysanthemum,0.6106,Begonia (Begonia spp.),0.2386,0.3720,begonia,"begonia|kalanchoe|euphorbia-pulcherrima",true,low-conf,false,104,
kalanchoe__01,kalanchoe,squash,rotate_+15,rotate,Kalanchoe,1.0000,Begonia (Begonia spp.),0.0000,1.0000,kalanchoe,"kalanchoe|begonia|aloe-vera",true,high-conf,false,22,
kalanchoe__01,kalanchoe,center_crop,rotate_+15,rotate,Kalanchoe,1.0000,Begonia (Begonia spp.),0.0000,1.0000,kalanchoe,"kalanchoe|begonia|aloe-vera",true,high-conf,false,17,
kalanchoe__01,kalanchoe,tta6,rotate_+15,rotate,Kalanchoe,0.9948,Begonia (Begonia spp.),0.0052,0.9895,kalanchoe,"kalanchoe|begonia|hypoestes-phyllostachya",true,high-conf,false,112,
kalanchoe__01,kalanchoe,squash,rotate_-15,rotate,Kalanchoe,1.0000,Lily of the valley (Convallaria majalis),0.0000,1.0000,kalanchoe,"kalanchoe|begonia|hedera-helix",true,high-conf,false,20,
kalanchoe__01,kalanchoe,center_crop,rotate_-15,rotate,Kalanchoe,1.0000,Lily of the valley (Convallaria majalis),0.0000,1.0000,kalanchoe,"kalanchoe|begonia|hedera-helix",true,high-conf,false,25,
kalanchoe__01,kalanchoe,tta6,rotate_-15,rotate,Kalanchoe,0.9917,Begonia (Begonia spp.),0.0083,0.9834,kalanchoe,"kalanchoe|begonia|euphorbia-pulcherrima",true,high-conf,false,170,
kalanchoe__01,kalanchoe,squash,rotate_+90,rotate,Kalanchoe,0.9999,Chrysanthemum,0.0001,0.9998,kalanchoe,"kalanchoe|begonia|crassula-ovata",true,high-conf,false,28,
kalanchoe__01,kalanchoe,center_crop,rotate_+90,rotate,Kalanchoe,0.9999,Chrysanthemum,0.0001,0.9998,kalanchoe,"kalanchoe|begonia|crassula-ovata",true,high-conf,false,21,
kalanchoe__01,kalanchoe,tta6,rotate_+90,rotate,Kalanchoe,0.9027,Chrysanthemum,0.0487,0.8540,kalanchoe,"kalanchoe|begonia|crassula-ovata",true,high-conf,false,118,
kalanchoe__01,kalanchoe,squash,rotate_-90,rotate,Kalanchoe,0.9497,Chrysanthemum,0.0430,0.9067,kalanchoe,"kalanchoe|begonia|hedera-helix",true,high-conf,false,32,
kalanchoe__01,kalanchoe,center_crop,rotate_-90,rotate,Kalanchoe,0.9497,Chrysanthemum,0.0430,0.9067,kalanchoe,"kalanchoe|begonia|hedera-helix",true,high-conf,false,23,
kalanchoe__01,kalanchoe,tta6,rotate_-90,rotate,Kalanchoe,0.8370,Chrysanthemum,0.1529,0.6840,kalanchoe,"kalanchoe|begonia|phalaenopsis",true,high-conf,false,105,
kalanchoe__01,kalanchoe,squash,bright_up,brightness,Kalanchoe,1.0000,Chrysanthemum,0.0000,0.9999,kalanchoe,"kalanchoe|begonia|crassula-ovata",true,high-conf,false,27,
kalanchoe__01,kalanchoe,center_crop,bright_up,brightness,Kalanchoe,1.0000,Chrysanthemum,0.0000,0.9999,kalanchoe,"kalanchoe|begonia|crassula-ovata",true,high-conf,false,16,
kalanchoe__01,kalanchoe,tta6,bright_up,brightness,Kalanchoe,0.8776,Chrysanthemum,0.1143,0.7632,kalanchoe,"kalanchoe|begonia|crassula-ovata",true,high-conf,false,99,
kalanchoe__01,kalanchoe,squash,bright_down,brightness,Kalanchoe,0.9986,Begonia (Begonia spp.),0.0014,0.9973,kalanchoe,"kalanchoe|begonia|crassula-ovata",true,high-conf,false,20,
kalanchoe__01,kalanchoe,center_crop,bright_down,brightness,Kalanchoe,0.9986,Begonia (Begonia spp.),0.0014,0.9973,kalanchoe,"kalanchoe|begonia|crassula-ovata",true,high-conf,false,25,
kalanchoe__01,kalanchoe,tta6,bright_down,brightness,Kalanchoe,0.8928,Begonia (Begonia spp.),0.1048,0.7881,kalanchoe,"kalanchoe|begonia|crassula-ovata",true,high-conf,false,105,
kalanchoe__01,kalanchoe,squash,contrast_up,contrast,Kalanchoe,1.0000,Begonia (Begonia spp.),0.0000,1.0000,kalanchoe,"kalanchoe|begonia|crassula-ovata",true,high-conf,false,27,
kalanchoe__01,kalanchoe,center_crop,contrast_up,contrast,Kalanchoe,1.0000,Begonia (Begonia spp.),0.0000,1.0000,kalanchoe,"kalanchoe|begonia|crassula-ovata",true,high-conf,false,15,
kalanchoe__01,kalanchoe,tta6,contrast_up,contrast,Kalanchoe,0.9988,Begonia (Begonia spp.),0.0012,0.9976,kalanchoe,"kalanchoe|begonia|crassula-ovata",true,high-conf,false,105,
kalanchoe__01,kalanchoe,squash,contrast_down,contrast,Kalanchoe,0.9997,Chrysanthemum,0.0003,0.9994,kalanchoe,"kalanchoe|begonia|crassula-ovata",true,high-conf,false,14,
kalanchoe__01,kalanchoe,center_crop,contrast_down,contrast,Kalanchoe,0.9997,Chrysanthemum,0.0003,0.9994,kalanchoe,"kalanchoe|begonia|crassula-ovata",true,high-conf,false,17,
kalanchoe__01,kalanchoe,tta6,contrast_down,contrast,Kalanchoe,0.5786,Chrysanthemum,0.3998,0.1787,kalanchoe,"kalanchoe|begonia|crassula-ovata",true,low-conf,false,108,
kalanchoe__02,kalanchoe,squash,clean,clean,English Ivy (Hedera helix),0.9917,Elephant Ear (Alocasia spp.),0.0072,0.9845,hedera-helix,"hedera-helix|alocasia|aloe-vera",true,high-conf,true,24,
kalanchoe__02,kalanchoe,center_crop,clean,clean,English Ivy (Hedera helix),0.9917,Elephant Ear (Alocasia spp.),0.0072,0.9845,hedera-helix,"hedera-helix|alocasia|aloe-vera",true,high-conf,true,43,
kalanchoe__02,kalanchoe,tta6,clean,clean,English Ivy (Hedera helix),0.9897,Aloe Vera,0.0062,0.9835,hedera-helix,"hedera-helix|aloe-vera|alocasia",true,high-conf,true,137,
kalanchoe__02,kalanchoe,squash,blur,blur,English Ivy (Hedera helix),0.9980,ZZ Plant (Zamioculcas zamiifolia),0.0014,0.9966,hedera-helix,"hedera-helix|zamioculcas-zamiifolia|alocasia",true,high-conf,true,28,
kalanchoe__02,kalanchoe,center_crop,blur,blur,English Ivy (Hedera helix),0.9980,ZZ Plant (Zamioculcas zamiifolia),0.0014,0.9966,hedera-helix,"hedera-helix|zamioculcas-zamiifolia|alocasia",true,high-conf,true,33,
kalanchoe__02,kalanchoe,tta6,blur,blur,English Ivy (Hedera helix),0.8250,Calathea,0.1670,0.6581,hedera-helix,"hedera-helix|goeppertia-orbifolia|zamioculcas-zamiifolia",true,high-conf,true,372,
kalanchoe__02,kalanchoe,squash,crop_center_zoom,crop,English Ivy (Hedera helix),0.9213,Peace lily,0.0778,0.8435,hedera-helix,"hedera-helix|spathiphyllum-wallisii|aloe-vera",true,high-conf,true,22,
kalanchoe__02,kalanchoe,center_crop,crop_center_zoom,crop,English Ivy (Hedera helix),0.9213,Peace lily,0.0778,0.8435,hedera-helix,"hedera-helix|spathiphyllum-wallisii|aloe-vera",true,high-conf,true,25,
kalanchoe__02,kalanchoe,tta6,crop_center_zoom,crop,English Ivy (Hedera helix),0.7515,Elephant Ear (Alocasia spp.),0.1503,0.6012,hedera-helix,"hedera-helix|alocasia|spathiphyllum-wallisii",true,high-conf,true,199,
kalanchoe__02,kalanchoe,squash,crop_offcenter_zoom,crop,Peace lily,0.9999,Elephant Ear (Alocasia spp.),0.0001,0.9998,spathiphyllum-wallisii,"spathiphyllum-wallisii|alocasia|aloe-vera",true,high-conf,true,60,
kalanchoe__02,kalanchoe,center_crop,crop_offcenter_zoom,crop,Peace lily,0.9999,Elephant Ear (Alocasia spp.),0.0001,0.9998,spathiphyllum-wallisii,"spathiphyllum-wallisii|alocasia|aloe-vera",true,high-conf,true,31,
kalanchoe__02,kalanchoe,tta6,crop_offcenter_zoom,crop,Peace lily,0.9590,Schefflera,0.0217,0.9373,spathiphyllum-wallisii,"spathiphyllum-wallisii|schefflera|alocasia",true,high-conf,true,118,
kalanchoe__02,kalanchoe,squash,rotate_+15,rotate,English Ivy (Hedera helix),0.9995,Aloe Vera,0.0005,0.9990,hedera-helix,"hedera-helix|aloe-vera|chamaedorea-elegans",true,high-conf,true,25,
kalanchoe__02,kalanchoe,center_crop,rotate_+15,rotate,English Ivy (Hedera helix),0.9995,Aloe Vera,0.0005,0.9990,hedera-helix,"hedera-helix|aloe-vera|chamaedorea-elegans",true,high-conf,true,30,
kalanchoe__02,kalanchoe,tta6,rotate_+15,rotate,English Ivy (Hedera helix),0.9970,Venus Flytrap,0.0026,0.9943,hedera-helix,"hedera-helix|dionaea-muscipula|aloe-vera",true,high-conf,true,174,
kalanchoe__02,kalanchoe,squash,rotate_-15,rotate,English Ivy (Hedera helix),0.9729,Peace lily,0.0267,0.9462,hedera-helix,"hedera-helix|spathiphyllum-wallisii|aloe-vera",true,high-conf,true,48,
kalanchoe__02,kalanchoe,center_crop,rotate_-15,rotate,English Ivy (Hedera helix),0.9729,Peace lily,0.0267,0.9462,hedera-helix,"hedera-helix|spathiphyllum-wallisii|aloe-vera",true,high-conf,true,32,
kalanchoe__02,kalanchoe,tta6,rotate_-15,rotate,English Ivy (Hedera helix),0.6203,Peace lily,0.3745,0.2458,hedera-helix,"hedera-helix|spathiphyllum-wallisii|aloe-vera",true,low-conf,false,141,
kalanchoe__02,kalanchoe,squash,rotate_+90,rotate,English Ivy (Hedera helix),0.9775,Tradescantia,0.0219,0.9556,hedera-helix,"hedera-helix|tradescantia|spathiphyllum-wallisii",true,high-conf,true,21,
kalanchoe__02,kalanchoe,center_crop,rotate_+90,rotate,English Ivy (Hedera helix),0.9775,Tradescantia,0.0219,0.9556,hedera-helix,"hedera-helix|tradescantia|spathiphyllum-wallisii",true,high-conf,true,16,
kalanchoe__02,kalanchoe,tta6,rotate_+90,rotate,English Ivy (Hedera helix),0.4054,Christmas Cactus (Schlumbergera bridgesii),0.3056,0.0997,hedera-helix,"hedera-helix|schlumbergera-bridgesii|tradescantia",true,low-conf,false,164,
kalanchoe__02,kalanchoe,squash,rotate_-90,rotate,English Ivy (Hedera helix),0.9998,Tradescantia,0.0002,0.9996,hedera-helix,"hedera-helix|tradescantia|hypoestes-phyllostachya",true,high-conf,true,18,
kalanchoe__02,kalanchoe,center_crop,rotate_-90,rotate,English Ivy (Hedera helix),0.9998,Tradescantia,0.0002,0.9996,hedera-helix,"hedera-helix|tradescantia|hypoestes-phyllostachya",true,high-conf,true,16,
kalanchoe__02,kalanchoe,tta6,rotate_-90,rotate,English Ivy (Hedera helix),0.8687,Tradescantia,0.1313,0.7374,hedera-helix,"hedera-helix|tradescantia|dionaea-muscipula",true,high-conf,true,130,
kalanchoe__02,kalanchoe,squash,bright_up,brightness,English Ivy (Hedera helix),0.9967,Venus Flytrap,0.0023,0.9945,hedera-helix,"hedera-helix|dionaea-muscipula|spathiphyllum-wallisii",true,high-conf,true,18,
kalanchoe__02,kalanchoe,center_crop,bright_up,brightness,English Ivy (Hedera helix),0.9967,Venus Flytrap,0.0023,0.9945,hedera-helix,"hedera-helix|dionaea-muscipula|spathiphyllum-wallisii",true,high-conf,true,23,
kalanchoe__02,kalanchoe,tta6,bright_up,brightness,English Ivy (Hedera helix),0.9964,Peace lily,0.0018,0.9947,hedera-helix,"hedera-helix|spathiphyllum-wallisii|dionaea-muscipula",true,high-conf,true,185,
kalanchoe__02,kalanchoe,squash,bright_down,brightness,English Ivy (Hedera helix),0.9884,Elephant Ear (Alocasia spp.),0.0102,0.9782,hedera-helix,"hedera-helix|alocasia|aloe-vera",true,high-conf,true,28,
kalanchoe__02,kalanchoe,center_crop,bright_down,brightness,English Ivy (Hedera helix),0.9884,Elephant Ear (Alocasia spp.),0.0102,0.9782,hedera-helix,"hedera-helix|alocasia|aloe-vera",true,high-conf,true,27,
kalanchoe__02,kalanchoe,tta6,bright_down,brightness,English Ivy (Hedera helix),0.9946,Elephant Ear (Alocasia spp.),0.0043,0.9902,hedera-helix,"hedera-helix|alocasia|aloe-vera",true,high-conf,true,495,
kalanchoe__02,kalanchoe,squash,contrast_up,contrast,English Ivy (Hedera helix),0.7565,Venus Flytrap,0.1489,0.6076,hedera-helix,"hedera-helix|dionaea-muscipula|alocasia",true,high-conf,true,82,
kalanchoe__02,kalanchoe,center_crop,contrast_up,contrast,English Ivy (Hedera helix),0.7565,Venus Flytrap,0.1489,0.6076,hedera-helix,"hedera-helix|dionaea-muscipula|alocasia",true,high-conf,true,67,
kalanchoe__02,kalanchoe,tta6,contrast_up,contrast,English Ivy (Hedera helix),0.9049,Venus Flytrap,0.0525,0.8524,hedera-helix,"hedera-helix|dionaea-muscipula|alocasia",true,high-conf,true,400,
kalanchoe__02,kalanchoe,squash,contrast_down,contrast,English Ivy (Hedera helix),0.9880,Peace lily,0.0075,0.9805,hedera-helix,"hedera-helix|spathiphyllum-wallisii|alocasia",true,high-conf,true,51,
kalanchoe__02,kalanchoe,center_crop,contrast_down,contrast,English Ivy (Hedera helix),0.9880,Peace lily,0.0075,0.9805,hedera-helix,"hedera-helix|spathiphyllum-wallisii|alocasia",true,high-conf,true,52,
kalanchoe__02,kalanchoe,tta6,contrast_down,contrast,English Ivy (Hedera helix),0.9346,Peace lily,0.0638,0.8708,hedera-helix,"hedera-helix|spathiphyllum-wallisii|alocasia",true,high-conf,true,314,
maranta-leuconeura__01,maranta-leuconeura,squash,clean,clean,Chinese Money Plant (Pilea peperomioides),0.4016,Lily of the valley (Convallaria majalis),0.0750,0.3267,pilea-peperomioides,"pilea-peperomioides|goeppertia-orbifolia|epipremnum-aureum",true,low-conf,false,65,
maranta-leuconeura__01,maranta-leuconeura,center_crop,clean,clean,Chinese Money Plant (Pilea peperomioides),0.4016,Lily of the valley (Convallaria majalis),0.0750,0.3267,pilea-peperomioides,"pilea-peperomioides|goeppertia-orbifolia|epipremnum-aureum",true,low-conf,false,71,
maranta-leuconeura__01,maranta-leuconeura,tta6,clean,clean,Lily of the valley (Convallaria majalis),0.2790,Chinese Money Plant (Pilea peperomioides),0.1949,0.0841,pilea-peperomioides,"pilea-peperomioides|schlumbergera-bridgesii|anthurium-andraeanum",true,low-conf,false,295,
maranta-leuconeura__01,maranta-leuconeura,squash,blur,blur,Prayer Plant (Maranta leuconeura),0.7491,Tradescantia,0.1396,0.6095,maranta-leuconeura,"maranta-leuconeura|tradescantia|pilea-peperomioides",true,high-conf,false,59,
maranta-leuconeura__01,maranta-leuconeura,center_crop,blur,blur,Prayer Plant (Maranta leuconeura),0.7491,Tradescantia,0.1396,0.6095,maranta-leuconeura,"maranta-leuconeura|tradescantia|pilea-peperomioides",true,high-conf,false,93,
maranta-leuconeura__01,maranta-leuconeura,tta6,blur,blur,Prayer Plant (Maranta leuconeura),0.6074,Chinese Money Plant (Pilea peperomioides),0.2871,0.3203,maranta-leuconeura,"maranta-leuconeura|pilea-peperomioides|tradescantia",true,high-conf,false,400,
maranta-leuconeura__01,maranta-leuconeura,squash,crop_center_zoom,crop,Tradescantia,0.9824,Christmas Cactus (Schlumbergera bridgesii),0.0149,0.9675,tradescantia,"tradescantia|schlumbergera-bridgesii|spathiphyllum-wallisii",true,high-conf,true,59,
maranta-leuconeura__01,maranta-leuconeura,center_crop,crop_center_zoom,crop,Tradescantia,0.9824,Christmas Cactus (Schlumbergera bridgesii),0.0149,0.9675,tradescantia,"tradescantia|schlumbergera-bridgesii|spathiphyllum-wallisii",true,high-conf,true,61,
maranta-leuconeura__01,maranta-leuconeura,tta6,crop_center_zoom,crop,Tradescantia,0.4967,ZZ Plant (Zamioculcas zamiifolia),0.1429,0.3538,tradescantia,"tradescantia|zamioculcas-zamiifolia|schlumbergera-bridgesii",true,high-conf,true,296,
maranta-leuconeura__01,maranta-leuconeura,squash,crop_offcenter_zoom,crop,Chinese Money Plant (Pilea peperomioides),0.7584,Christmas Cactus (Schlumbergera bridgesii),0.1237,0.6348,pilea-peperomioides,"pilea-peperomioides|schlumbergera-bridgesii|goeppertia-orbifolia",true,low-conf,false,43,
maranta-leuconeura__01,maranta-leuconeura,center_crop,crop_offcenter_zoom,crop,Chinese Money Plant (Pilea peperomioides),0.7584,Christmas Cactus (Schlumbergera bridgesii),0.1237,0.6348,pilea-peperomioides,"pilea-peperomioides|schlumbergera-bridgesii|goeppertia-orbifolia",true,low-conf,false,34,
maranta-leuconeura__01,maranta-leuconeura,tta6,crop_offcenter_zoom,crop,Christmas Cactus (Schlumbergera bridgesii),0.4315,Chinese Money Plant (Pilea peperomioides),0.2608,0.1707,schlumbergera-bridgesii,"schlumbergera-bridgesii|pilea-peperomioides|tradescantia",true,low-conf,false,173,
maranta-leuconeura__01,maranta-leuconeura,squash,rotate_+15,rotate,Christmas Cactus (Schlumbergera bridgesii),0.9236,Pothos (Ivy arum),0.0373,0.8863,schlumbergera-bridgesii,"schlumbergera-bridgesii|epipremnum-aureum|zamioculcas-zamiifolia",true,high-conf,true,45,
maranta-leuconeura__01,maranta-leuconeura,center_crop,rotate_+15,rotate,Christmas Cactus (Schlumbergera bridgesii),0.9236,Pothos (Ivy arum),0.0373,0.8863,schlumbergera-bridgesii,"schlumbergera-bridgesii|epipremnum-aureum|zamioculcas-zamiifolia",true,high-conf,true,31,
maranta-leuconeura__01,maranta-leuconeura,tta6,rotate_+15,rotate,Christmas Cactus (Schlumbergera bridgesii),0.8640,Tradescantia,0.0821,0.7820,schlumbergera-bridgesii,"schlumbergera-bridgesii|tradescantia|epipremnum-aureum",true,high-conf,true,220,
maranta-leuconeura__01,maranta-leuconeura,squash,rotate_-15,rotate,Pothos (Ivy arum),0.9352,Peace lily,0.0397,0.8955,epipremnum-aureum,"epipremnum-aureum|spathiphyllum-wallisii|schlumbergera-bridgesii",true,high-conf,true,23,
maranta-leuconeura__01,maranta-leuconeura,center_crop,rotate_-15,rotate,Pothos (Ivy arum),0.9352,Peace lily,0.0397,0.8955,epipremnum-aureum,"epipremnum-aureum|spathiphyllum-wallisii|schlumbergera-bridgesii",true,high-conf,true,25,
maranta-leuconeura__01,maranta-leuconeura,tta6,rotate_-15,rotate,Pothos (Ivy arum),0.4009,Christmas Cactus (Schlumbergera bridgesii),0.3759,0.0251,epipremnum-aureum,"epipremnum-aureum|schlumbergera-bridgesii|tradescantia",true,low-conf,false,130,
maranta-leuconeura__01,maranta-leuconeura,squash,rotate_+90,rotate,Tradescantia,0.8256,Lily of the valley (Convallaria majalis),0.1132,0.7123,tradescantia,"tradescantia|dionaea-muscipula|schlumbergera-bridgesii",true,high-conf,true,19,
maranta-leuconeura__01,maranta-leuconeura,center_crop,rotate_+90,rotate,Tradescantia,0.8256,Lily of the valley (Convallaria majalis),0.1132,0.7123,tradescantia,"tradescantia|dionaea-muscipula|schlumbergera-bridgesii",true,high-conf,true,21,
maranta-leuconeura__01,maranta-leuconeura,tta6,rotate_+90,rotate,Tradescantia,0.4421,Venus Flytrap,0.3558,0.0864,tradescantia,"tradescantia|dionaea-muscipula|schlumbergera-bridgesii",true,low-conf,false,119,
maranta-leuconeura__01,maranta-leuconeura,squash,rotate_-90,rotate,Tradescantia,0.9887,Orchid,0.0096,0.9791,tradescantia,"tradescantia|phalaenopsis|pilea-peperomioides",true,high-conf,true,22,
maranta-leuconeura__01,maranta-leuconeura,center_crop,rotate_-90,rotate,Tradescantia,0.9887,Orchid,0.0096,0.9791,tradescantia,"tradescantia|phalaenopsis|pilea-peperomioides",true,high-conf,true,27,
maranta-leuconeura__01,maranta-leuconeura,tta6,rotate_-90,rotate,Tradescantia,0.7157,Venus Flytrap,0.1402,0.5755,tradescantia,"tradescantia|dionaea-muscipula|schlumbergera-bridgesii",true,high-conf,true,128,
maranta-leuconeura__01,maranta-leuconeura,squash,bright_up,brightness,Christmas Cactus (Schlumbergera bridgesii),0.6415,Anthurium (Anthurium andraeanum),0.2322,0.4093,schlumbergera-bridgesii,"schlumbergera-bridgesii|anthurium-andraeanum|alocasia",true,high-conf,true,20,
maranta-leuconeura__01,maranta-leuconeura,center_crop,bright_up,brightness,Christmas Cactus (Schlumbergera bridgesii),0.6415,Anthurium (Anthurium andraeanum),0.2322,0.4093,schlumbergera-bridgesii,"schlumbergera-bridgesii|anthurium-andraeanum|alocasia",true,high-conf,true,35,
maranta-leuconeura__01,maranta-leuconeura,tta6,bright_up,brightness,Christmas Cactus (Schlumbergera bridgesii),0.4658,Lily of the valley (Convallaria majalis),0.1848,0.2810,schlumbergera-bridgesii,"schlumbergera-bridgesii|anthurium-andraeanum|pilea-peperomioides",true,low-conf,false,182,
maranta-leuconeura__01,maranta-leuconeura,squash,bright_down,brightness,Lily of the valley (Convallaria majalis),0.4744,Prayer Plant (Maranta leuconeura),0.2728,0.2017,maranta-leuconeura,"maranta-leuconeura|schlumbergera-bridgesii|epipremnum-aureum",true,low-conf,false,22,
maranta-leuconeura__01,maranta-leuconeura,center_crop,bright_down,brightness,Lily of the valley (Convallaria majalis),0.4744,Prayer Plant (Maranta leuconeura),0.2728,0.2017,maranta-leuconeura,"maranta-leuconeura|schlumbergera-bridgesii|epipremnum-aureum",true,low-conf,false,18,
maranta-leuconeura__01,maranta-leuconeura,tta6,bright_down,brightness,Lily of the valley (Convallaria majalis),0.4254,Prayer Plant (Maranta leuconeura),0.1647,0.2606,maranta-leuconeura,"maranta-leuconeura|schlumbergera-bridgesii|dionaea-muscipula",true,low-conf,false,116,
maranta-leuconeura__01,maranta-leuconeura,squash,contrast_up,contrast,Christmas Cactus (Schlumbergera bridgesii),0.8966,Anthurium (Anthurium andraeanum),0.0699,0.8267,schlumbergera-bridgesii,"schlumbergera-bridgesii|anthurium-andraeanum|epipremnum-aureum",true,high-conf,true,44,
maranta-leuconeura__01,maranta-leuconeura,center_crop,contrast_up,contrast,Christmas Cactus (Schlumbergera bridgesii),0.8966,Anthurium (Anthurium andraeanum),0.0699,0.8267,schlumbergera-bridgesii,"schlumbergera-bridgesii|anthurium-andraeanum|epipremnum-aureum",true,high-conf,true,46,
maranta-leuconeura__01,maranta-leuconeura,tta6,contrast_up,contrast,Christmas Cactus (Schlumbergera bridgesii),0.3581,Anthurium (Anthurium andraeanum),0.2370,0.1211,schlumbergera-bridgesii,"schlumbergera-bridgesii|anthurium-andraeanum|goeppertia-orbifolia",true,low-conf,false,349,
maranta-leuconeura__01,maranta-leuconeura,squash,contrast_down,contrast,Lily of the valley (Convallaria majalis),0.5900,Tradescantia,0.3660,0.2240,tradescantia,"tradescantia|pilea-peperomioides|schlumbergera-bridgesii",true,low-conf,false,35,
maranta-leuconeura__01,maranta-leuconeura,center_crop,contrast_down,contrast,Lily of the valley (Convallaria majalis),0.5900,Tradescantia,0.3660,0.2240,tradescantia,"tradescantia|pilea-peperomioides|schlumbergera-bridgesii",true,low-conf,false,23,
maranta-leuconeura__01,maranta-leuconeura,tta6,contrast_down,contrast,Lily of the valley (Convallaria majalis),0.6949,Chinese Money Plant (Pilea peperomioides),0.1489,0.5460,pilea-peperomioides,"pilea-peperomioides|tradescantia|schlumbergera-bridgesii",true,low-conf,false,148,
monstera-deliciosa,monstera-deliciosa,squash,clean,clean,Monstera Deliciosa (Monstera deliciosa),1.0000,Prayer Plant (Maranta leuconeura),0.0000,1.0000,monstera-deliciosa,"monstera-deliciosa|maranta-leuconeura|aloe-vera",true,high-conf,false,35,
monstera-deliciosa,monstera-deliciosa,center_crop,clean,clean,Monstera Deliciosa (Monstera deliciosa),1.0000,Prayer Plant (Maranta leuconeura),0.0000,1.0000,monstera-deliciosa,"monstera-deliciosa|maranta-leuconeura|aloe-vera",true,high-conf,false,27,
monstera-deliciosa,monstera-deliciosa,tta6,clean,clean,Monstera Deliciosa (Monstera deliciosa),0.9997,Aloe Vera,0.0003,0.9994,monstera-deliciosa,"monstera-deliciosa|aloe-vera|maranta-leuconeura",true,high-conf,false,109,
monstera-deliciosa,monstera-deliciosa,squash,blur,blur,Prayer Plant (Maranta leuconeura),0.3968,Monstera Deliciosa (Monstera deliciosa),0.3093,0.0875,maranta-leuconeura,"maranta-leuconeura|monstera-deliciosa|dionaea-muscipula",true,low-conf,false,23,
monstera-deliciosa,monstera-deliciosa,center_crop,blur,blur,Prayer Plant (Maranta leuconeura),0.3968,Monstera Deliciosa (Monstera deliciosa),0.3093,0.0875,maranta-leuconeura,"maranta-leuconeura|monstera-deliciosa|dionaea-muscipula",true,low-conf,false,18,
monstera-deliciosa,monstera-deliciosa,tta6,blur,blur,Monstera Deliciosa (Monstera deliciosa),0.5393,Prayer Plant (Maranta leuconeura),0.3627,0.1766,monstera-deliciosa,"monstera-deliciosa|maranta-leuconeura|dionaea-muscipula",true,low-conf,false,129,
monstera-deliciosa,monstera-deliciosa,squash,crop_center_zoom,crop,Monstera Deliciosa (Monstera deliciosa),1.0000,Aloe Vera,0.0000,1.0000,monstera-deliciosa,"monstera-deliciosa|aloe-vera|cycas-revoluta",true,high-conf,false,23,
monstera-deliciosa,monstera-deliciosa,center_crop,crop_center_zoom,crop,Monstera Deliciosa (Monstera deliciosa),1.0000,Aloe Vera,0.0000,1.0000,monstera-deliciosa,"monstera-deliciosa|aloe-vera|cycas-revoluta",true,high-conf,false,19,
monstera-deliciosa,monstera-deliciosa,tta6,crop_center_zoom,crop,Monstera Deliciosa (Monstera deliciosa),1.0000,Birds Nest Fern (Asplenium nidus),0.0000,1.0000,monstera-deliciosa,"monstera-deliciosa|asplenium-nidus|aloe-vera",true,high-conf,false,123,
monstera-deliciosa,monstera-deliciosa,squash,crop_offcenter_zoom,crop,Monstera Deliciosa (Monstera deliciosa),1.0000,Birds Nest Fern (Asplenium nidus),0.0000,1.0000,monstera-deliciosa,"monstera-deliciosa|asplenium-nidus|maranta-leuconeura",true,high-conf,false,18,
monstera-deliciosa,monstera-deliciosa,center_crop,crop_offcenter_zoom,crop,Monstera Deliciosa (Monstera deliciosa),1.0000,Birds Nest Fern (Asplenium nidus),0.0000,1.0000,monstera-deliciosa,"monstera-deliciosa|asplenium-nidus|maranta-leuconeura",true,high-conf,false,18,
monstera-deliciosa,monstera-deliciosa,tta6,crop_offcenter_zoom,crop,Monstera Deliciosa (Monstera deliciosa),1.0000,Birds Nest Fern (Asplenium nidus),0.0000,0.9999,monstera-deliciosa,"monstera-deliciosa|asplenium-nidus|maranta-leuconeura",true,high-conf,false,147,
monstera-deliciosa,monstera-deliciosa,squash,rotate_+15,rotate,Monstera Deliciosa (Monstera deliciosa),1.0000,Prayer Plant (Maranta leuconeura),0.0000,1.0000,monstera-deliciosa,"monstera-deliciosa|maranta-leuconeura|dieffenbachia",true,high-conf,false,32,
monstera-deliciosa,monstera-deliciosa,center_crop,rotate_+15,rotate,Monstera Deliciosa (Monstera deliciosa),1.0000,Prayer Plant (Maranta leuconeura),0.0000,1.0000,monstera-deliciosa,"monstera-deliciosa|maranta-leuconeura|dieffenbachia",true,high-conf,false,29,
monstera-deliciosa,monstera-deliciosa,tta6,rotate_+15,rotate,Monstera Deliciosa (Monstera deliciosa),1.0000,Aloe Vera,0.0000,1.0000,monstera-deliciosa,"monstera-deliciosa|aloe-vera|maranta-leuconeura",true,high-conf,false,157,
monstera-deliciosa,monstera-deliciosa,squash,rotate_-15,rotate,Monstera Deliciosa (Monstera deliciosa),1.0000,Prayer Plant (Maranta leuconeura),0.0000,1.0000,monstera-deliciosa,"monstera-deliciosa|maranta-leuconeura|aloe-vera",true,high-conf,false,17,
monstera-deliciosa,monstera-deliciosa,center_crop,rotate_-15,rotate,Monstera Deliciosa (Monstera deliciosa),1.0000,Prayer Plant (Maranta leuconeura),0.0000,1.0000,monstera-deliciosa,"monstera-deliciosa|maranta-leuconeura|aloe-vera",true,high-conf,false,20,
monstera-deliciosa,monstera-deliciosa,tta6,rotate_-15,rotate,Monstera Deliciosa (Monstera deliciosa),1.0000,Aloe Vera,0.0000,1.0000,monstera-deliciosa,"monstera-deliciosa|aloe-vera|maranta-leuconeura",true,high-conf,false,147,
monstera-deliciosa,monstera-deliciosa,squash,rotate_+90,rotate,Monstera Deliciosa (Monstera deliciosa),0.8324,Birds Nest Fern (Asplenium nidus),0.1667,0.6657,monstera-deliciosa,"monstera-deliciosa|asplenium-nidus|dieffenbachia",true,high-conf,false,23,
monstera-deliciosa,monstera-deliciosa,center_crop,rotate_+90,rotate,Monstera Deliciosa (Monstera deliciosa),0.8324,Birds Nest Fern (Asplenium nidus),0.1667,0.6657,monstera-deliciosa,"monstera-deliciosa|asplenium-nidus|dieffenbachia",true,high-conf,false,23,
monstera-deliciosa,monstera-deliciosa,tta6,rotate_+90,rotate,Monstera Deliciosa (Monstera deliciosa),0.6794,Birds Nest Fern (Asplenium nidus),0.3189,0.3605,monstera-deliciosa,"monstera-deliciosa|asplenium-nidus|aloe-vera",true,high-conf,false,133,
monstera-deliciosa,monstera-deliciosa,squash,rotate_-90,rotate,Monstera Deliciosa (Monstera deliciosa),1.0000,Calathea,0.0000,1.0000,monstera-deliciosa,"monstera-deliciosa|goeppertia-orbifolia|aspidistra-elatior",true,high-conf,false,20,
monstera-deliciosa,monstera-deliciosa,center_crop,rotate_-90,rotate,Monstera Deliciosa (Monstera deliciosa),1.0000,Calathea,0.0000,1.0000,monstera-deliciosa,"monstera-deliciosa|goeppertia-orbifolia|aspidistra-elatior",true,high-conf,false,22,
monstera-deliciosa,monstera-deliciosa,tta6,rotate_-90,rotate,Monstera Deliciosa (Monstera deliciosa),1.0000,Cast Iron Plant (Aspidistra elatior),0.0000,1.0000,monstera-deliciosa,"monstera-deliciosa|aspidistra-elatior|asplenium-nidus",true,high-conf,false,110,
monstera-deliciosa,monstera-deliciosa,squash,bright_up,brightness,Monstera Deliciosa (Monstera deliciosa),1.0000,Prayer Plant (Maranta leuconeura),0.0000,1.0000,monstera-deliciosa,"monstera-deliciosa|maranta-leuconeura|pachira-aquatica",true,high-conf,false,23,
monstera-deliciosa,monstera-deliciosa,center_crop,bright_up,brightness,Monstera Deliciosa (Monstera deliciosa),1.0000,Prayer Plant (Maranta leuconeura),0.0000,1.0000,monstera-deliciosa,"monstera-deliciosa|maranta-leuconeura|pachira-aquatica",true,high-conf,false,16,
monstera-deliciosa,monstera-deliciosa,tta6,bright_up,brightness,Monstera Deliciosa (Monstera deliciosa),0.9999,Aloe Vera,0.0001,0.9999,monstera-deliciosa,"monstera-deliciosa|aloe-vera|maranta-leuconeura",true,high-conf,false,146,
monstera-deliciosa,monstera-deliciosa,squash,bright_down,brightness,Monstera Deliciosa (Monstera deliciosa),1.0000,Prayer Plant (Maranta leuconeura),0.0000,0.9999,monstera-deliciosa,"monstera-deliciosa|maranta-leuconeura|asplenium-nidus",true,high-conf,false,39,
monstera-deliciosa,monstera-deliciosa,center_crop,bright_down,brightness,Monstera Deliciosa (Monstera deliciosa),1.0000,Prayer Plant (Maranta leuconeura),0.0000,0.9999,monstera-deliciosa,"monstera-deliciosa|maranta-leuconeura|asplenium-nidus",true,high-conf,false,23,
monstera-deliciosa,monstera-deliciosa,tta6,bright_down,brightness,Monstera Deliciosa (Monstera deliciosa),0.9873,Aloe Vera,0.0127,0.9745,monstera-deliciosa,"monstera-deliciosa|aloe-vera|asplenium-nidus",true,high-conf,false,160,
monstera-deliciosa,monstera-deliciosa,squash,contrast_up,contrast,Monstera Deliciosa (Monstera deliciosa),1.0000,Prayer Plant (Maranta leuconeura),0.0000,0.9999,monstera-deliciosa,"monstera-deliciosa|maranta-leuconeura|aloe-vera",true,high-conf,false,26,
monstera-deliciosa,monstera-deliciosa,center_crop,contrast_up,contrast,Monstera Deliciosa (Monstera deliciosa),1.0000,Prayer Plant (Maranta leuconeura),0.0000,0.9999,monstera-deliciosa,"monstera-deliciosa|maranta-leuconeura|aloe-vera",true,high-conf,false,46,
monstera-deliciosa,monstera-deliciosa,tta6,contrast_up,contrast,Monstera Deliciosa (Monstera deliciosa),1.0000,Prayer Plant (Maranta leuconeura),0.0000,1.0000,monstera-deliciosa,"monstera-deliciosa|maranta-leuconeura|aloe-vera",true,high-conf,false,214,
monstera-deliciosa,monstera-deliciosa,squash,contrast_down,contrast,Monstera Deliciosa (Monstera deliciosa),0.9996,Prayer Plant (Maranta leuconeura),0.0004,0.9992,monstera-deliciosa,"monstera-deliciosa|maranta-leuconeura|aglaonema",true,high-conf,false,30,
monstera-deliciosa,monstera-deliciosa,center_crop,contrast_down,contrast,Monstera Deliciosa (Monstera deliciosa),0.9996,Prayer Plant (Maranta leuconeura),0.0004,0.9992,monstera-deliciosa,"monstera-deliciosa|maranta-leuconeura|aglaonema",true,high-conf,false,18,
monstera-deliciosa,monstera-deliciosa,tta6,contrast_down,contrast,Monstera Deliciosa (Monstera deliciosa),0.9989,Aloe Vera,0.0007,0.9982,monstera-deliciosa,"monstera-deliciosa|aloe-vera|maranta-leuconeura",true,high-conf,false,125,
monstera-deliciosa__01,monstera-deliciosa,squash,clean,clean,Dracaena,0.9988,Tradescantia,0.0006,0.9981,dracaena,"dracaena|tradescantia|monstera-deliciosa",true,high-conf,true,24,
monstera-deliciosa__01,monstera-deliciosa,center_crop,clean,clean,Dracaena,0.9988,Tradescantia,0.0006,0.9981,dracaena,"dracaena|tradescantia|monstera-deliciosa",true,high-conf,true,17,
monstera-deliciosa__01,monstera-deliciosa,tta6,clean,clean,Dracaena,0.7016,Tradescantia,0.2950,0.4066,dracaena,"dracaena|tradescantia|monstera-deliciosa",true,high-conf,true,106,
monstera-deliciosa__01,monstera-deliciosa,squash,blur,blur,Parlor Palm (Chamaedorea elegans),0.9964,Tradescantia,0.0018,0.9946,chamaedorea-elegans,"chamaedorea-elegans|tradescantia|dracaena",true,high-conf,true,16,
monstera-deliciosa__01,monstera-deliciosa,center_crop,blur,blur,Parlor Palm (Chamaedorea elegans),0.9964,Tradescantia,0.0018,0.9946,chamaedorea-elegans,"chamaedorea-elegans|tradescantia|dracaena",true,high-conf,true,19,
monstera-deliciosa__01,monstera-deliciosa,tta6,blur,blur,Parlor Palm (Chamaedorea elegans),0.8378,Tradescantia,0.1611,0.6768,chamaedorea-elegans,"chamaedorea-elegans|tradescantia|dracaena",true,high-conf,true,116,
monstera-deliciosa__01,monstera-deliciosa,squash,crop_center_zoom,crop,Dracaena,0.8757,Tradescantia,0.0998,0.7759,dracaena,"dracaena|tradescantia|chamaedorea-elegans",true,high-conf,true,20,
monstera-deliciosa__01,monstera-deliciosa,center_crop,crop_center_zoom,crop,Dracaena,0.8757,Tradescantia,0.0998,0.7759,dracaena,"dracaena|tradescantia|chamaedorea-elegans",true,high-conf,true,22,
monstera-deliciosa__01,monstera-deliciosa,tta6,crop_center_zoom,crop,Tradescantia,0.4820,Dracaena,0.4790,0.0030,tradescantia,"tradescantia|dracaena|chamaedorea-elegans",true,low-conf,false,116,
monstera-deliciosa__01,monstera-deliciosa,squash,crop_offcenter_zoom,crop,Dracaena,0.7580,Tradescantia,0.2296,0.5284,dracaena,"dracaena|tradescantia|chamaedorea-elegans",true,high-conf,true,16,
monstera-deliciosa__01,monstera-deliciosa,center_crop,crop_offcenter_zoom,crop,Dracaena,0.7580,Tradescantia,0.2296,0.5284,dracaena,"dracaena|tradescantia|chamaedorea-elegans",true,high-conf,true,16,
monstera-deliciosa__01,monstera-deliciosa,tta6,crop_offcenter_zoom,crop,Dracaena,0.6266,Tradescantia,0.2430,0.3835,dracaena,"dracaena|tradescantia|schefflera",true,high-conf,true,122,
monstera-deliciosa__01,monstera-deliciosa,squash,rotate_+15,rotate,Parlor Palm (Chamaedorea elegans),0.8165,Tradescantia,0.0980,0.7185,chamaedorea-elegans,"chamaedorea-elegans|tradescantia|schefflera",true,high-conf,true,18,
monstera-deliciosa__01,monstera-deliciosa,center_crop,rotate_+15,rotate,Parlor Palm (Chamaedorea elegans),0.8165,Tradescantia,0.0980,0.7185,chamaedorea-elegans,"chamaedorea-elegans|tradescantia|schefflera",true,high-conf,true,21,
monstera-deliciosa__01,monstera-deliciosa,tta6,rotate_+15,rotate,Tradescantia,0.6656,Parlor Palm (Chamaedorea elegans),0.2941,0.3715,tradescantia,"tradescantia|chamaedorea-elegans|schefflera",true,high-conf,true,119,
monstera-deliciosa__01,monstera-deliciosa,squash,rotate_-15,rotate,Parlor Palm (Chamaedorea elegans),0.8619,Tradescantia,0.1311,0.7308,chamaedorea-elegans,"chamaedorea-elegans|tradescantia|monstera-deliciosa",true,high-conf,true,19,
monstera-deliciosa__01,monstera-deliciosa,center_crop,rotate_-15,rotate,Parlor Palm (Chamaedorea elegans),0.8619,Tradescantia,0.1311,0.7308,chamaedorea-elegans,"chamaedorea-elegans|tradescantia|monstera-deliciosa",true,high-conf,true,16,
monstera-deliciosa__01,monstera-deliciosa,tta6,rotate_-15,rotate,Parlor Palm (Chamaedorea elegans),0.6143,Tradescantia,0.3794,0.2349,chamaedorea-elegans,"chamaedorea-elegans|tradescantia|monstera-deliciosa",true,low-conf,false,118,
monstera-deliciosa__01,monstera-deliciosa,squash,rotate_+90,rotate,Parlor Palm (Chamaedorea elegans),0.8281,Dracaena,0.1598,0.6682,chamaedorea-elegans,"chamaedorea-elegans|dracaena|monstera-deliciosa",true,high-conf,true,14,
monstera-deliciosa__01,monstera-deliciosa,center_crop,rotate_+90,rotate,Parlor Palm (Chamaedorea elegans),0.8281,Dracaena,0.1598,0.6682,chamaedorea-elegans,"chamaedorea-elegans|dracaena|monstera-deliciosa",true,high-conf,true,15,
monstera-deliciosa__01,monstera-deliciosa,tta6,rotate_+90,rotate,Parlor Palm (Chamaedorea elegans),0.7722,Dracaena,0.2208,0.5514,chamaedorea-elegans,"chamaedorea-elegans|dracaena|monstera-deliciosa",true,high-conf,true,115,
monstera-deliciosa__01,monstera-deliciosa,squash,rotate_-90,rotate,Parlor Palm (Chamaedorea elegans),0.9979,Dracaena,0.0008,0.9970,chamaedorea-elegans,"chamaedorea-elegans|dracaena|beaucarnea-recurvata",true,high-conf,true,21,
monstera-deliciosa__01,monstera-deliciosa,center_crop,rotate_-90,rotate,Parlor Palm (Chamaedorea elegans),0.9979,Dracaena,0.0008,0.9970,chamaedorea-elegans,"chamaedorea-elegans|dracaena|beaucarnea-recurvata",true,high-conf,true,18,
monstera-deliciosa__01,monstera-deliciosa,tta6,rotate_-90,rotate,Parlor Palm (Chamaedorea elegans),0.7266,Dracaena,0.1813,0.5453,chamaedorea-elegans,"chamaedorea-elegans|dracaena|beaucarnea-recurvata",true,high-conf,true,182,
monstera-deliciosa__01,monstera-deliciosa,squash,bright_up,brightness,Dracaena,0.9996,Tradescantia,0.0003,0.9994,dracaena,"dracaena|tradescantia|monstera-deliciosa",true,high-conf,true,61,
monstera-deliciosa__01,monstera-deliciosa,center_crop,bright_up,brightness,Dracaena,0.9996,Tradescantia,0.0003,0.9994,dracaena,"dracaena|tradescantia|monstera-deliciosa",true,high-conf,true,44,
monstera-deliciosa__01,monstera-deliciosa,tta6,bright_up,brightness,Dracaena,0.6212,Tradescantia,0.3773,0.2439,dracaena,"dracaena|tradescantia|monstera-deliciosa",true,low-conf,false,254,
monstera-deliciosa__01,monstera-deliciosa,squash,bright_down,brightness,Dracaena,0.9995,Monstera Deliciosa (Monstera deliciosa),0.0002,0.9993,dracaena,"dracaena|monstera-deliciosa|dypsis-lutescens",true,high-conf,true,40,
monstera-deliciosa__01,monstera-deliciosa,center_crop,bright_down,brightness,Dracaena,0.9995,Monstera Deliciosa (Monstera deliciosa),0.0002,0.9993,dracaena,"dracaena|monstera-deliciosa|dypsis-lutescens",true,high-conf,true,39,
monstera-deliciosa__01,monstera-deliciosa,tta6,bright_down,brightness,Dracaena,0.9325,Tradescantia,0.0597,0.8727,dracaena,"dracaena|tradescantia|monstera-deliciosa",true,high-conf,true,273,
monstera-deliciosa__01,monstera-deliciosa,squash,contrast_up,contrast,Dracaena,0.9999,Monstera Deliciosa (Monstera deliciosa),0.0001,0.9998,dracaena,"dracaena|monstera-deliciosa|dypsis-lutescens",true,high-conf,true,51,
monstera-deliciosa__01,monstera-deliciosa,center_crop,contrast_up,contrast,Dracaena,0.9999,Monstera Deliciosa (Monstera deliciosa),0.0001,0.9998,dracaena,"dracaena|monstera-deliciosa|dypsis-lutescens",true,high-conf,true,28,
monstera-deliciosa__01,monstera-deliciosa,tta6,contrast_up,contrast,Dracaena,0.8919,Tradescantia,0.1077,0.7843,dracaena,"dracaena|tradescantia|monstera-deliciosa",true,high-conf,true,166,
monstera-deliciosa__01,monstera-deliciosa,squash,contrast_down,contrast,Dracaena,0.9559,Monstera Deliciosa (Monstera deliciosa),0.0243,0.9316,dracaena,"dracaena|monstera-deliciosa|tradescantia",true,high-conf,true,20,
monstera-deliciosa__01,monstera-deliciosa,center_crop,contrast_down,contrast,Dracaena,0.9559,Monstera Deliciosa (Monstera deliciosa),0.0243,0.9316,dracaena,"dracaena|monstera-deliciosa|tradescantia",true,high-conf,true,28,
monstera-deliciosa__01,monstera-deliciosa,tta6,contrast_down,contrast,Tradescantia,0.5238,Dracaena,0.4458,0.0780,tradescantia,"tradescantia|dracaena|monstera-deliciosa",true,low-conf,false,251,
nephrolepis-exaltata__01,nephrolepis-exaltata,squash,clean,clean,Birds Nest Fern (Asplenium nidus),0.9974,Boston Fern (Nephrolepis exaltata),0.0010,0.9964,asplenium-nidus,"asplenium-nidus|nephrolepis-exaltata|ctenanthe",true,high-conf,true,24,
nephrolepis-exaltata__01,nephrolepis-exaltata,center_crop,clean,clean,Birds Nest Fern (Asplenium nidus),0.9974,Boston Fern (Nephrolepis exaltata),0.0010,0.9964,asplenium-nidus,"asplenium-nidus|nephrolepis-exaltata|ctenanthe",true,high-conf,true,31,
nephrolepis-exaltata__01,nephrolepis-exaltata,tta6,clean,clean,Birds Nest Fern (Asplenium nidus),0.3860,Boston Fern (Nephrolepis exaltata),0.2713,0.1147,asplenium-nidus,"asplenium-nidus|nephrolepis-exaltata|schefflera",true,low-conf,false,103,
nephrolepis-exaltata__01,nephrolepis-exaltata,squash,blur,blur,Calathea,0.3931,Parlor Palm (Chamaedorea elegans),0.3638,0.0293,goeppertia-orbifolia,"goeppertia-orbifolia|chamaedorea-elegans|asparagus-setaceus",true,low-conf,false,16,
nephrolepis-exaltata__01,nephrolepis-exaltata,center_crop,blur,blur,Calathea,0.3931,Parlor Palm (Chamaedorea elegans),0.3638,0.0293,goeppertia-orbifolia,"goeppertia-orbifolia|chamaedorea-elegans|asparagus-setaceus",true,low-conf,false,17,
nephrolepis-exaltata__01,nephrolepis-exaltata,tta6,blur,blur,Asparagus Fern (Asparagus setaceus),0.7390,Calathea,0.1367,0.6023,asparagus-setaceus,"asparagus-setaceus|goeppertia-orbifolia|chamaedorea-elegans",true,high-conf,true,131,
nephrolepis-exaltata__01,nephrolepis-exaltata,squash,crop_center_zoom,crop,Elephant Ear (Alocasia spp.),0.8048,Snake plant (Sanseviera),0.1074,0.6974,alocasia,"alocasia|dracaena-trifasciata|schefflera",true,high-conf,true,18,
nephrolepis-exaltata__01,nephrolepis-exaltata,center_crop,crop_center_zoom,crop,Elephant Ear (Alocasia spp.),0.8048,Snake plant (Sanseviera),0.1074,0.6974,alocasia,"alocasia|dracaena-trifasciata|schefflera",true,high-conf,true,18,
nephrolepis-exaltata__01,nephrolepis-exaltata,tta6,crop_center_zoom,crop,Elephant Ear (Alocasia spp.),0.4648,Snake plant (Sanseviera),0.1863,0.2786,alocasia,"alocasia|dracaena-trifasciata|zamioculcas-zamiifolia",true,low-conf,false,147,
nephrolepis-exaltata__01,nephrolepis-exaltata,squash,crop_offcenter_zoom,crop,Elephant Ear (Alocasia spp.),0.6993,Calathea,0.1771,0.5221,alocasia,"alocasia|goeppertia-orbifolia|nephrolepis-exaltata",true,high-conf,true,29,
nephrolepis-exaltata__01,nephrolepis-exaltata,center_crop,crop_offcenter_zoom,crop,Elephant Ear (Alocasia spp.),0.6993,Calathea,0.1771,0.5221,alocasia,"alocasia|goeppertia-orbifolia|nephrolepis-exaltata",true,high-conf,true,28,
nephrolepis-exaltata__01,nephrolepis-exaltata,tta6,crop_offcenter_zoom,crop,Elephant Ear (Alocasia spp.),0.4361,Boston Fern (Nephrolepis exaltata),0.2613,0.1748,alocasia,"alocasia|nephrolepis-exaltata|goeppertia-orbifolia",true,low-conf,false,131,
nephrolepis-exaltata__01,nephrolepis-exaltata,squash,rotate_+15,rotate,Birds Nest Fern (Asplenium nidus),0.9987,Ctenanthe,0.0008,0.9979,asplenium-nidus,"asplenium-nidus|ctenanthe|schefflera",true,high-conf,true,18,
nephrolepis-exaltata__01,nephrolepis-exaltata,center_crop,rotate_+15,rotate,Birds Nest Fern (Asplenium nidus),0.9987,Ctenanthe,0.0008,0.9979,asplenium-nidus,"asplenium-nidus|ctenanthe|schefflera",true,high-conf,true,15,
nephrolepis-exaltata__01,nephrolepis-exaltata,tta6,rotate_+15,rotate,Birds Nest Fern (Asplenium nidus),0.3479,Schefflera,0.1877,0.1602,asplenium-nidus,"asplenium-nidus|schefflera|ctenanthe",true,low-conf,false,157,
nephrolepis-exaltata__01,nephrolepis-exaltata,squash,rotate_-15,rotate,Schefflera,1.0000,Boston Fern (Nephrolepis exaltata),0.0000,1.0000,schefflera,"schefflera|nephrolepis-exaltata|pachira-aquatica",true,high-conf,true,21,
nephrolepis-exaltata__01,nephrolepis-exaltata,center_crop,rotate_-15,rotate,Schefflera,1.0000,Boston Fern (Nephrolepis exaltata),0.0000,1.0000,schefflera,"schefflera|nephrolepis-exaltata|pachira-aquatica",true,high-conf,true,24,
nephrolepis-exaltata__01,nephrolepis-exaltata,tta6,rotate_-15,rotate,Schefflera,0.8136,Parlor Palm (Chamaedorea elegans),0.1392,0.6744,schefflera,"schefflera|chamaedorea-elegans|nephrolepis-exaltata",true,high-conf,true,155,
nephrolepis-exaltata__01,nephrolepis-exaltata,squash,rotate_+90,rotate,Birds Nest Fern (Asplenium nidus),0.9908,Christmas Cactus (Schlumbergera bridgesii),0.0054,0.9854,asplenium-nidus,"asplenium-nidus|schlumbergera-bridgesii|ctenanthe",true,high-conf,true,19,
nephrolepis-exaltata__01,nephrolepis-exaltata,center_crop,rotate_+90,rotate,Birds Nest Fern (Asplenium nidus),0.9908,Christmas Cactus (Schlumbergera bridgesii),0.0054,0.9854,asplenium-nidus,"asplenium-nidus|schlumbergera-bridgesii|ctenanthe",true,high-conf,true,27,
nephrolepis-exaltata__01,nephrolepis-exaltata,tta6,rotate_+90,rotate,Birds Nest Fern (Asplenium nidus),0.4920,Christmas Cactus (Schlumbergera bridgesii),0.1917,0.3003,asplenium-nidus,"asplenium-nidus|schlumbergera-bridgesii|nephrolepis-exaltata",true,high-conf,true,111,
nephrolepis-exaltata__01,nephrolepis-exaltata,squash,rotate_-90,rotate,Rattlesnake Plant (Calathea lancifolia),0.3960,Christmas Cactus (Schlumbergera bridgesii),0.1702,0.2258,schlumbergera-bridgesii,"schlumbergera-bridgesii|maranta-leuconeura|goeppertia-orbifolia",true,low-conf,false,17,
nephrolepis-exaltata__01,nephrolepis-exaltata,center_crop,rotate_-90,rotate,Rattlesnake Plant (Calathea lancifolia),0.3960,Christmas Cactus (Schlumbergera bridgesii),0.1702,0.2258,schlumbergera-bridgesii,"schlumbergera-bridgesii|maranta-leuconeura|goeppertia-orbifolia",true,low-conf,false,17,
nephrolepis-exaltata__01,nephrolepis-exaltata,tta6,rotate_-90,rotate,Boston Fern (Nephrolepis exaltata),0.2912,Rattlesnake Plant (Calathea lancifolia),0.2343,0.0569,nephrolepis-exaltata,"nephrolepis-exaltata|asplenium-nidus|goeppertia-orbifolia",true,low-conf,false,169,
nephrolepis-exaltata__01,nephrolepis-exaltata,squash,bright_up,brightness,Birds Nest Fern (Asplenium nidus),0.8717,Boston Fern (Nephrolepis exaltata),0.0635,0.8082,asplenium-nidus,"asplenium-nidus|nephrolepis-exaltata|alocasia",true,high-conf,true,24,
nephrolepis-exaltata__01,nephrolepis-exaltata,center_crop,bright_up,brightness,Birds Nest Fern (Asplenium nidus),0.8717,Boston Fern (Nephrolepis exaltata),0.0635,0.8082,asplenium-nidus,"asplenium-nidus|nephrolepis-exaltata|alocasia",true,high-conf,true,31,
nephrolepis-exaltata__01,nephrolepis-exaltata,tta6,bright_up,brightness,Boston Fern (Nephrolepis exaltata),0.3235,Birds Nest Fern (Asplenium nidus),0.2938,0.0297,nephrolepis-exaltata,"nephrolepis-exaltata|asplenium-nidus|ctenanthe",true,low-conf,false,251,
nephrolepis-exaltata__01,nephrolepis-exaltata,squash,bright_down,brightness,Birds Nest Fern (Asplenium nidus),0.9971,Money Tree (Pachira aquatica),0.0010,0.9961,asplenium-nidus,"asplenium-nidus|pachira-aquatica|goeppertia-orbifolia",true,high-conf,true,40,
nephrolepis-exaltata__01,nephrolepis-exaltata,center_crop,bright_down,brightness,Birds Nest Fern (Asplenium nidus),0.9971,Money Tree (Pachira aquatica),0.0010,0.9961,asplenium-nidus,"asplenium-nidus|pachira-aquatica|goeppertia-orbifolia",true,high-conf,true,37,
nephrolepis-exaltata__01,nephrolepis-exaltata,tta6,bright_down,brightness,Schefflera,0.3732,Birds Nest Fern (Asplenium nidus),0.3405,0.0327,schefflera,"schefflera|asplenium-nidus|nephrolepis-exaltata",true,low-conf,false,217,
nephrolepis-exaltata__01,nephrolepis-exaltata,squash,contrast_up,contrast,Birds Nest Fern (Asplenium nidus),0.9997,Boston Fern (Nephrolepis exaltata),0.0002,0.9994,asplenium-nidus,"asplenium-nidus|nephrolepis-exaltata|goeppertia-orbifolia",true,high-conf,true,24,
nephrolepis-exaltata__01,nephrolepis-exaltata,center_crop,contrast_up,contrast,Birds Nest Fern (Asplenium nidus),0.9997,Boston Fern (Nephrolepis exaltata),0.0002,0.9994,asplenium-nidus,"asplenium-nidus|nephrolepis-exaltata|goeppertia-orbifolia",true,high-conf,true,30,
nephrolepis-exaltata__01,nephrolepis-exaltata,tta6,contrast_up,contrast,Birds Nest Fern (Asplenium nidus),0.4826,Boston Fern (Nephrolepis exaltata),0.3301,0.1525,asplenium-nidus,"asplenium-nidus|nephrolepis-exaltata|goeppertia-orbifolia",true,low-conf,false,151,
nephrolepis-exaltata__01,nephrolepis-exaltata,squash,contrast_down,contrast,Ctenanthe,0.9969,Birds Nest Fern (Asplenium nidus),0.0013,0.9956,ctenanthe,"ctenanthe|asplenium-nidus|pachira-aquatica",true,high-conf,true,22,
nephrolepis-exaltata__01,nephrolepis-exaltata,center_crop,contrast_down,contrast,Ctenanthe,0.9969,Birds Nest Fern (Asplenium nidus),0.0013,0.9956,ctenanthe,"ctenanthe|asplenium-nidus|pachira-aquatica",true,high-conf,true,30,
nephrolepis-exaltata__01,nephrolepis-exaltata,tta6,contrast_down,contrast,Ctenanthe,0.4881,Elephant Ear (Alocasia spp.),0.1802,0.3079,ctenanthe,"ctenanthe|alocasia|chamaedorea-elegans",true,high-conf,true,192,
pachira-aquatica__01,pachira-aquatica,squash,clean,clean,Money Tree (Pachira aquatica),1.0000,Rubber Plant (Ficus elastica),0.0000,0.9999,pachira-aquatica,"pachira-aquatica|ficus-elastica|schefflera",true,high-conf,false,63,
pachira-aquatica__01,pachira-aquatica,center_crop,clean,clean,Money Tree (Pachira aquatica),1.0000,Rubber Plant (Ficus elastica),0.0000,0.9999,pachira-aquatica,"pachira-aquatica|ficus-elastica|schefflera",true,high-conf,false,38,
pachira-aquatica__01,pachira-aquatica,tta6,clean,clean,Money Tree (Pachira aquatica),0.5580,Rubber Plant (Ficus elastica),0.4394,0.1185,pachira-aquatica,"pachira-aquatica|ficus-elastica|ctenanthe",true,low-conf,false,129,
pachira-aquatica__01,pachira-aquatica,squash,blur,blur,Venus Flytrap,0.9564,Christmas Cactus (Schlumbergera bridgesii),0.0234,0.9329,dionaea-muscipula,"dionaea-muscipula|schlumbergera-bridgesii|pachira-aquatica",true,high-conf,true,21,
pachira-aquatica__01,pachira-aquatica,center_crop,blur,blur,Venus Flytrap,0.9564,Christmas Cactus (Schlumbergera bridgesii),0.0234,0.9329,dionaea-muscipula,"dionaea-muscipula|schlumbergera-bridgesii|pachira-aquatica",true,high-conf,true,20,
pachira-aquatica__01,pachira-aquatica,tta6,blur,blur,Venus Flytrap,0.4971,Money Tree (Pachira aquatica),0.2742,0.2229,dionaea-muscipula,"dionaea-muscipula|pachira-aquatica|schlumbergera-bridgesii",true,low-conf,false,108,
pachira-aquatica__01,pachira-aquatica,squash,crop_center_zoom,crop,Money Tree (Pachira aquatica),0.9260,Rubber Plant (Ficus elastica),0.0708,0.8552,pachira-aquatica,"pachira-aquatica|ficus-elastica|ctenanthe",true,high-conf,false,17,
pachira-aquatica__01,pachira-aquatica,center_crop,crop_center_zoom,crop,Money Tree (Pachira aquatica),0.9260,Rubber Plant (Ficus elastica),0.0708,0.8552,pachira-aquatica,"pachira-aquatica|ficus-elastica|ctenanthe",true,high-conf,false,26,
pachira-aquatica__01,pachira-aquatica,tta6,crop_center_zoom,crop,Rubber Plant (Ficus elastica),0.4825,Money Tree (Pachira aquatica),0.4782,0.0042,ficus-elastica,"ficus-elastica|pachira-aquatica|goeppertia-orbifolia",true,low-conf,false,105,
pachira-aquatica__01,pachira-aquatica,squash,crop_offcenter_zoom,crop,Money Tree (Pachira aquatica),1.0000,Dracaena,0.0000,1.0000,pachira-aquatica,"pachira-aquatica|dracaena|ficus-elastica",true,high-conf,false,49,
pachira-aquatica__01,pachira-aquatica,center_crop,crop_offcenter_zoom,crop,Money Tree (Pachira aquatica),1.0000,Dracaena,0.0000,1.0000,pachira-aquatica,"pachira-aquatica|dracaena|ficus-elastica",true,high-conf,false,18,
pachira-aquatica__01,pachira-aquatica,tta6,crop_offcenter_zoom,crop,Money Tree (Pachira aquatica),0.9885,Rubber Plant (Ficus elastica),0.0090,0.9795,pachira-aquatica,"pachira-aquatica|ficus-elastica|ctenanthe",true,high-conf,false,108,
pachira-aquatica__01,pachira-aquatica,squash,rotate_+15,rotate,Money Tree (Pachira aquatica),1.0000,Prayer Plant (Maranta leuconeura),0.0000,1.0000,pachira-aquatica,"pachira-aquatica|maranta-leuconeura|monstera-deliciosa",true,high-conf,false,26,
pachira-aquatica__01,pachira-aquatica,center_crop,rotate_+15,rotate,Money Tree (Pachira aquatica),1.0000,Prayer Plant (Maranta leuconeura),0.0000,1.0000,pachira-aquatica,"pachira-aquatica|maranta-leuconeura|monstera-deliciosa",true,high-conf,false,28,
pachira-aquatica__01,pachira-aquatica,tta6,rotate_+15,rotate,Money Tree (Pachira aquatica),0.8318,Rubber Plant (Ficus elastica),0.1308,0.7009,pachira-aquatica,"pachira-aquatica|ficus-elastica|goeppertia-orbifolia",true,high-conf,false,160,
pachira-aquatica__01,pachira-aquatica,squash,rotate_-15,rotate,Money Tree (Pachira aquatica),0.9953,Ctenanthe,0.0030,0.9923,pachira-aquatica,"pachira-aquatica|ctenanthe|ficus-elastica",true,high-conf,false,17,
pachira-aquatica__01,pachira-aquatica,center_crop,rotate_-15,rotate,Money Tree (Pachira aquatica),0.9953,Ctenanthe,0.0030,0.9923,pachira-aquatica,"pachira-aquatica|ctenanthe|ficus-elastica",true,high-conf,false,22,
pachira-aquatica__01,pachira-aquatica,tta6,rotate_-15,rotate,Money Tree (Pachira aquatica),0.5381,Rubber Plant (Ficus elastica),0.2939,0.2443,pachira-aquatica,"pachira-aquatica|ficus-elastica|ctenanthe",true,low-conf,false,119,
pachira-aquatica__01,pachira-aquatica,squash,rotate_+90,rotate,Money Tree (Pachira aquatica),0.5683,Prayer Plant (Maranta leuconeura),0.3267,0.2416,pachira-aquatica,"pachira-aquatica|maranta-leuconeura|ctenanthe",true,low-conf,false,18,
pachira-aquatica__01,pachira-aquatica,center_crop,rotate_+90,rotate,Money Tree (Pachira aquatica),0.5683,Prayer Plant (Maranta leuconeura),0.3267,0.2416,pachira-aquatica,"pachira-aquatica|maranta-leuconeura|ctenanthe",true,low-conf,false,19,
pachira-aquatica__01,pachira-aquatica,tta6,rotate_+90,rotate,Money Tree (Pachira aquatica),0.6070,Rubber Plant (Ficus elastica),0.2023,0.4047,pachira-aquatica,"pachira-aquatica|ficus-elastica|maranta-leuconeura",true,high-conf,false,140,
pachira-aquatica__01,pachira-aquatica,squash,rotate_-90,rotate,Money Tree (Pachira aquatica),0.9999,Birds Nest Fern (Asplenium nidus),0.0000,0.9999,pachira-aquatica,"pachira-aquatica|asplenium-nidus|ficus-elastica",true,high-conf,false,29,
pachira-aquatica__01,pachira-aquatica,center_crop,rotate_-90,rotate,Money Tree (Pachira aquatica),0.9999,Birds Nest Fern (Asplenium nidus),0.0000,0.9999,pachira-aquatica,"pachira-aquatica|asplenium-nidus|ficus-elastica",true,high-conf,false,34,
pachira-aquatica__01,pachira-aquatica,tta6,rotate_-90,rotate,Money Tree (Pachira aquatica),0.8524,Rubber Plant (Ficus elastica),0.1376,0.7147,pachira-aquatica,"pachira-aquatica|ficus-elastica|ctenanthe",true,high-conf,false,142,
pachira-aquatica__01,pachira-aquatica,squash,bright_up,brightness,Money Tree (Pachira aquatica),1.0000,Ctenanthe,0.0000,0.9999,pachira-aquatica,"pachira-aquatica|ctenanthe|ficus-elastica",true,high-conf,false,21,
pachira-aquatica__01,pachira-aquatica,center_crop,bright_up,brightness,Money Tree (Pachira aquatica),1.0000,Ctenanthe,0.0000,0.9999,pachira-aquatica,"pachira-aquatica|ctenanthe|ficus-elastica",true,high-conf,false,24,
pachira-aquatica__01,pachira-aquatica,tta6,bright_up,brightness,Money Tree (Pachira aquatica),0.6527,Rubber Plant (Ficus elastica),0.3240,0.3287,pachira-aquatica,"pachira-aquatica|ficus-elastica|ctenanthe",true,high-conf,false,246,
pachira-aquatica__01,pachira-aquatica,squash,bright_down,brightness,Money Tree (Pachira aquatica),1.0000,Ctenanthe,0.0000,0.9999,pachira-aquatica,"pachira-aquatica|ctenanthe|monstera-deliciosa",true,high-conf,false,32,
pachira-aquatica__01,pachira-aquatica,center_crop,bright_down,brightness,Money Tree (Pachira aquatica),1.0000,Ctenanthe,0.0000,0.9999,pachira-aquatica,"pachira-aquatica|ctenanthe|monstera-deliciosa",true,high-conf,false,35,
pachira-aquatica__01,pachira-aquatica,tta6,bright_down,brightness,Money Tree (Pachira aquatica),0.7593,Rubber Plant (Ficus elastica),0.1552,0.6042,pachira-aquatica,"pachira-aquatica|ficus-elastica|ctenanthe",true,high-conf,false,197,
pachira-aquatica__01,pachira-aquatica,squash,contrast_up,contrast,Money Tree (Pachira aquatica),0.9999,Schefflera,0.0001,0.9999,pachira-aquatica,"pachira-aquatica|schefflera|monstera-deliciosa",true,high-conf,false,44,
pachira-aquatica__01,pachira-aquatica,center_crop,contrast_up,contrast,Money Tree (Pachira aquatica),0.9999,Schefflera,0.0001,0.9999,pachira-aquatica,"pachira-aquatica|schefflera|monstera-deliciosa",true,high-conf,false,24,
pachira-aquatica__01,pachira-aquatica,tta6,contrast_up,contrast,Money Tree (Pachira aquatica),0.8083,Rubber Plant (Ficus elastica),0.1607,0.6476,pachira-aquatica,"pachira-aquatica|ficus-elastica|ctenanthe",true,high-conf,false,156,
pachira-aquatica__01,pachira-aquatica,squash,contrast_down,contrast,Money Tree (Pachira aquatica),0.9131,Anthurium (Anthurium andraeanum),0.0438,0.8693,pachira-aquatica,"pachira-aquatica|anthurium-andraeanum|ctenanthe",true,high-conf,false,24,
pachira-aquatica__01,pachira-aquatica,center_crop,contrast_down,contrast,Money Tree (Pachira aquatica),0.9131,Anthurium (Anthurium andraeanum),0.0438,0.8693,pachira-aquatica,"pachira-aquatica|anthurium-andraeanum|ctenanthe",true,high-conf,false,31,
pachira-aquatica__01,pachira-aquatica,tta6,contrast_down,contrast,Money Tree (Pachira aquatica),0.4784,Rubber Plant (Ficus elastica),0.3827,0.0958,pachira-aquatica,"pachira-aquatica|ficus-elastica|ctenanthe",true,low-conf,false,139,
phalaenopsis,phalaenopsis,squash,clean,clean,Orchid,1.0000,Begonia (Begonia spp.),0.0000,1.0000,phalaenopsis,"phalaenopsis|begonia|saintpaulia-ionantha",true,high-conf,false,21,
phalaenopsis,phalaenopsis,center_crop,clean,clean,Orchid,1.0000,Begonia (Begonia spp.),0.0000,1.0000,phalaenopsis,"phalaenopsis|begonia|saintpaulia-ionantha",true,high-conf,false,23,
phalaenopsis,phalaenopsis,tta6,clean,clean,Orchid,0.8994,Begonia (Begonia spp.),0.1003,0.7991,phalaenopsis,"phalaenopsis|begonia|kalanchoe",true,high-conf,false,145,
phalaenopsis,phalaenopsis,squash,blur,blur,Begonia (Begonia spp.),0.9564,Daffodils (Narcissus spp.),0.0435,0.9129,begonia,"begonia|phalaenopsis|saintpaulia-ionantha",true,high-conf,true,22,
phalaenopsis,phalaenopsis,center_crop,blur,blur,Begonia (Begonia spp.),0.9564,Daffodils (Narcissus spp.),0.0435,0.9129,begonia,"begonia|phalaenopsis|saintpaulia-ionantha",true,high-conf,true,15,
phalaenopsis,phalaenopsis,tta6,blur,blur,Begonia (Begonia spp.),0.7247,Orchid,0.1494,0.5753,begonia,"begonia|phalaenopsis|saintpaulia-ionantha",true,high-conf,true,119,
phalaenopsis,phalaenopsis,squash,crop_center_zoom,crop,Orchid,1.0000,African Violet (Saintpaulia ionantha),0.0000,1.0000,phalaenopsis,"phalaenopsis|saintpaulia-ionantha|begonia",true,high-conf,false,22,
phalaenopsis,phalaenopsis,center_crop,crop_center_zoom,crop,Orchid,1.0000,African Violet (Saintpaulia ionantha),0.0000,1.0000,phalaenopsis,"phalaenopsis|saintpaulia-ionantha|begonia",true,high-conf,false,22,
phalaenopsis,phalaenopsis,tta6,crop_center_zoom,crop,Orchid,0.9999,Daffodils (Narcissus spp.),0.0001,0.9998,phalaenopsis,"phalaenopsis|saintpaulia-ionantha|begonia",true,high-conf,false,116,
phalaenopsis,phalaenopsis,squash,crop_offcenter_zoom,crop,Orchid,0.9808,Begonia (Begonia spp.),0.0164,0.9645,phalaenopsis,"phalaenopsis|begonia|saintpaulia-ionantha",true,high-conf,false,25,
phalaenopsis,phalaenopsis,center_crop,crop_offcenter_zoom,crop,Orchid,0.9808,Begonia (Begonia spp.),0.0164,0.9645,phalaenopsis,"phalaenopsis|begonia|saintpaulia-ionantha",true,high-conf,false,33,
phalaenopsis,phalaenopsis,tta6,crop_offcenter_zoom,crop,Orchid,0.6638,Daffodils (Narcissus spp.),0.1630,0.5009,phalaenopsis,"phalaenopsis|begonia|kalanchoe",true,high-conf,false,143,
phalaenopsis,phalaenopsis,squash,rotate_+15,rotate,Orchid,1.0000,Daffodils (Narcissus spp.),0.0000,1.0000,phalaenopsis,"phalaenopsis|dracaena-trifasciata|spathiphyllum-wallisii",true,high-conf,false,25,
phalaenopsis,phalaenopsis,center_crop,rotate_+15,rotate,Orchid,1.0000,Daffodils (Narcissus spp.),0.0000,1.0000,phalaenopsis,"phalaenopsis|dracaena-trifasciata|spathiphyllum-wallisii",true,high-conf,false,28,
phalaenopsis,phalaenopsis,tta6,rotate_+15,rotate,Orchid,0.9999,Begonia (Begonia spp.),0.0001,0.9998,phalaenopsis,"phalaenopsis|begonia|saintpaulia-ionantha",true,high-conf,false,161,
phalaenopsis,phalaenopsis,squash,rotate_-15,rotate,Orchid,1.0000,Begonia (Begonia spp.),0.0000,1.0000,phalaenopsis,"phalaenopsis|begonia|saintpaulia-ionantha",true,high-conf,false,24,
phalaenopsis,phalaenopsis,center_crop,rotate_-15,rotate,Orchid,1.0000,Begonia (Begonia spp.),0.0000,1.0000,phalaenopsis,"phalaenopsis|begonia|saintpaulia-ionantha",true,high-conf,false,21,
phalaenopsis,phalaenopsis,tta6,rotate_-15,rotate,Orchid,1.0000,Begonia (Begonia spp.),0.0000,1.0000,phalaenopsis,"phalaenopsis|begonia|saintpaulia-ionantha",true,high-conf,false,169,
phalaenopsis,phalaenopsis,squash,rotate_+90,rotate,Orchid,1.0000,Peace lily,0.0000,1.0000,phalaenopsis,"phalaenopsis|spathiphyllum-wallisii|maranta-leuconeura",true,high-conf,false,18,
phalaenopsis,phalaenopsis,center_crop,rotate_+90,rotate,Orchid,1.0000,Peace lily,0.0000,1.0000,phalaenopsis,"phalaenopsis|spathiphyllum-wallisii|maranta-leuconeura",true,high-conf,false,17,
phalaenopsis,phalaenopsis,tta6,rotate_+90,rotate,Orchid,0.7478,African Violet (Saintpaulia ionantha),0.1485,0.5993,phalaenopsis,"phalaenopsis|saintpaulia-ionantha|begonia",true,high-conf,false,122,
phalaenopsis,phalaenopsis,squash,rotate_-90,rotate,Orchid,0.9999,Prayer Plant (Maranta leuconeura),0.0001,0.9999,phalaenopsis,"phalaenopsis|maranta-leuconeura|spathiphyllum-wallisii",true,high-conf,false,16,
phalaenopsis,phalaenopsis,center_crop,rotate_-90,rotate,Orchid,0.9999,Prayer Plant (Maranta leuconeura),0.0001,0.9999,phalaenopsis,"phalaenopsis|maranta-leuconeura|spathiphyllum-wallisii",true,high-conf,false,18,
phalaenopsis,phalaenopsis,tta6,rotate_-90,rotate,Orchid,0.8356,African Violet (Saintpaulia ionantha),0.1550,0.6807,phalaenopsis,"phalaenopsis|saintpaulia-ionantha|maranta-leuconeura",true,high-conf,false,98,
phalaenopsis,phalaenopsis,squash,bright_up,brightness,Orchid,1.0000,Begonia (Begonia spp.),0.0000,1.0000,phalaenopsis,"phalaenopsis|begonia|spathiphyllum-wallisii",true,high-conf,false,22,
phalaenopsis,phalaenopsis,center_crop,bright_up,brightness,Orchid,1.0000,Begonia (Begonia spp.),0.0000,1.0000,phalaenopsis,"phalaenopsis|begonia|spathiphyllum-wallisii",true,high-conf,false,15,
phalaenopsis,phalaenopsis,tta6,bright_up,brightness,Orchid,0.9939,Begonia (Begonia spp.),0.0059,0.9880,phalaenopsis,"phalaenopsis|begonia|dracaena-trifasciata",true,high-conf,false,96,
phalaenopsis,phalaenopsis,squash,bright_down,brightness,Orchid,1.0000,Lily of the valley (Convallaria majalis),0.0000,1.0000,phalaenopsis,"phalaenopsis|begonia|saintpaulia-ionantha",true,high-conf,false,19,
phalaenopsis,phalaenopsis,center_crop,bright_down,brightness,Orchid,1.0000,Lily of the valley (Convallaria majalis),0.0000,1.0000,phalaenopsis,"phalaenopsis|begonia|saintpaulia-ionantha",true,high-conf,false,16,
phalaenopsis,phalaenopsis,tta6,bright_down,brightness,Orchid,0.9970,Begonia (Begonia spp.),0.0028,0.9941,phalaenopsis,"phalaenopsis|begonia|saintpaulia-ionantha",true,high-conf,false,118,
phalaenopsis,phalaenopsis,squash,contrast_up,contrast,Orchid,1.0000,Begonia (Begonia spp.),0.0000,1.0000,phalaenopsis,"phalaenopsis|begonia|saintpaulia-ionantha",true,high-conf,false,15,
phalaenopsis,phalaenopsis,center_crop,contrast_up,contrast,Orchid,1.0000,Begonia (Begonia spp.),0.0000,1.0000,phalaenopsis,"phalaenopsis|begonia|saintpaulia-ionantha",true,high-conf,false,16,
phalaenopsis,phalaenopsis,tta6,contrast_up,contrast,Orchid,0.9845,Begonia (Begonia spp.),0.0118,0.9728,phalaenopsis,"phalaenopsis|begonia|dracaena-trifasciata",true,high-conf,false,104,
phalaenopsis,phalaenopsis,squash,contrast_down,contrast,Orchid,1.0000,Lily of the valley (Convallaria majalis),0.0000,1.0000,phalaenopsis,"phalaenopsis|begonia|monstera-deliciosa",true,high-conf,false,17,
phalaenopsis,phalaenopsis,center_crop,contrast_down,contrast,Orchid,1.0000,Lily of the valley (Convallaria majalis),0.0000,1.0000,phalaenopsis,"phalaenopsis|begonia|monstera-deliciosa",true,high-conf,false,23,
phalaenopsis,phalaenopsis,tta6,contrast_down,contrast,Orchid,0.9976,Begonia (Begonia spp.),0.0014,0.9962,phalaenopsis,"phalaenopsis|begonia|kalanchoe",true,high-conf,false,169,
phalaenopsis__01,phalaenopsis,squash,clean,clean,Ponytail Palm (Beaucarnea recurvata),0.6091,Monstera Deliciosa (Monstera deliciosa),0.1940,0.4151,beaucarnea-recurvata,"beaucarnea-recurvata|monstera-deliciosa|tradescantia",true,high-conf,true,26,
phalaenopsis__01,phalaenopsis,center_crop,clean,clean,Ponytail Palm (Beaucarnea recurvata),0.6091,Monstera Deliciosa (Monstera deliciosa),0.1940,0.4151,beaucarnea-recurvata,"beaucarnea-recurvata|monstera-deliciosa|tradescantia",true,high-conf,true,29,
phalaenopsis__01,phalaenopsis,tta6,clean,clean,Monstera Deliciosa (Monstera deliciosa),0.4121,Ponytail Palm (Beaucarnea recurvata),0.3433,0.0688,monstera-deliciosa,"monstera-deliciosa|beaucarnea-recurvata|ctenanthe",true,low-conf,false,147,
phalaenopsis__01,phalaenopsis,squash,blur,blur,Prayer Plant (Maranta leuconeura),0.9953,Money Tree (Pachira aquatica),0.0033,0.9920,maranta-leuconeura,"maranta-leuconeura|pachira-aquatica|beaucarnea-recurvata",true,high-conf,true,19,
phalaenopsis__01,phalaenopsis,center_crop,blur,blur,Prayer Plant (Maranta leuconeura),0.9953,Money Tree (Pachira aquatica),0.0033,0.9920,maranta-leuconeura,"maranta-leuconeura|pachira-aquatica|beaucarnea-recurvata",true,high-conf,true,19,
phalaenopsis__01,phalaenopsis,tta6,blur,blur,Prayer Plant (Maranta leuconeura),0.7927,Money Tree (Pachira aquatica),0.1967,0.5959,maranta-leuconeura,"maranta-leuconeura|pachira-aquatica|monstera-deliciosa",true,high-conf,true,122,
phalaenopsis__01,phalaenopsis,squash,crop_center_zoom,crop,Monstera Deliciosa (Monstera deliciosa),0.9984,Prayer Plant (Maranta leuconeura),0.0015,0.9969,monstera-deliciosa,"monstera-deliciosa|maranta-leuconeura|beaucarnea-recurvata",true,high-conf,true,18,
phalaenopsis__01,phalaenopsis,center_crop,crop_center_zoom,crop,Monstera Deliciosa (Monstera deliciosa),0.9984,Prayer Plant (Maranta leuconeura),0.0015,0.9969,monstera-deliciosa,"monstera-deliciosa|maranta-leuconeura|beaucarnea-recurvata",true,high-conf,true,16,
phalaenopsis__01,phalaenopsis,tta6,crop_center_zoom,crop,Monstera Deliciosa (Monstera deliciosa),0.7485,Pothos (Ivy arum),0.2113,0.5372,monstera-deliciosa,"monstera-deliciosa|epipremnum-aureum|maranta-leuconeura",true,high-conf,true,109,
phalaenopsis__01,phalaenopsis,squash,crop_offcenter_zoom,crop,Monstera Deliciosa (Monstera deliciosa),0.8516,Ponytail Palm (Beaucarnea recurvata),0.0801,0.7714,monstera-deliciosa,"monstera-deliciosa|beaucarnea-recurvata|maranta-leuconeura",true,high-conf,true,19,
phalaenopsis__01,phalaenopsis,center_crop,crop_offcenter_zoom,crop,Monstera Deliciosa (Monstera deliciosa),0.8516,Ponytail Palm (Beaucarnea recurvata),0.0801,0.7714,monstera-deliciosa,"monstera-deliciosa|beaucarnea-recurvata|maranta-leuconeura",true,high-conf,true,25,
phalaenopsis__01,phalaenopsis,tta6,crop_offcenter_zoom,crop,Monstera Deliciosa (Monstera deliciosa),0.4534,Lily of the valley (Convallaria majalis),0.2444,0.2090,monstera-deliciosa,"monstera-deliciosa|beaucarnea-recurvata|spathiphyllum-wallisii",true,low-conf,false,126,
phalaenopsis__01,phalaenopsis,squash,rotate_+15,rotate,Christmas Cactus (Schlumbergera bridgesii),0.6764,English Ivy (Hedera helix),0.2804,0.3960,schlumbergera-bridgesii,"schlumbergera-bridgesii|hedera-helix|epipremnum-aureum",true,high-conf,true,15,
phalaenopsis__01,phalaenopsis,center_crop,rotate_+15,rotate,Christmas Cactus (Schlumbergera bridgesii),0.6764,English Ivy (Hedera helix),0.2804,0.3960,schlumbergera-bridgesii,"schlumbergera-bridgesii|hedera-helix|epipremnum-aureum",true,high-conf,true,15,
phalaenopsis__01,phalaenopsis,tta6,rotate_+15,rotate,Christmas Cactus (Schlumbergera bridgesii),0.3722,Pothos (Ivy arum),0.3639,0.0083,schlumbergera-bridgesii,"schlumbergera-bridgesii|epipremnum-aureum|monstera-deliciosa",true,low-conf,false,103,
phalaenopsis__01,phalaenopsis,squash,rotate_-15,rotate,Monstera Deliciosa (Monstera deliciosa),0.8837,Pothos (Ivy arum),0.1024,0.7813,monstera-deliciosa,"monstera-deliciosa|epipremnum-aureum|spathiphyllum-wallisii",true,high-conf,true,17,
phalaenopsis__01,phalaenopsis,center_crop,rotate_-15,rotate,Monstera Deliciosa (Monstera deliciosa),0.8837,Pothos (Ivy arum),0.1024,0.7813,monstera-deliciosa,"monstera-deliciosa|epipremnum-aureum|spathiphyllum-wallisii",true,high-conf,true,17,
phalaenopsis__01,phalaenopsis,tta6,rotate_-15,rotate,Monstera Deliciosa (Monstera deliciosa),0.5961,Chinese Money Plant (Pilea peperomioides),0.1819,0.4142,monstera-deliciosa,"monstera-deliciosa|pilea-peperomioides|beaucarnea-recurvata",true,high-conf,true,143,
phalaenopsis__01,phalaenopsis,squash,rotate_+90,rotate,Orchid,0.9900,Monstera Deliciosa (Monstera deliciosa),0.0099,0.9801,phalaenopsis,"phalaenopsis|monstera-deliciosa|maranta-leuconeura",true,high-conf,false,31,
phalaenopsis__01,phalaenopsis,center_crop,rotate_+90,rotate,Orchid,0.9900,Monstera Deliciosa (Monstera deliciosa),0.0099,0.9801,phalaenopsis,"phalaenopsis|monstera-deliciosa|maranta-leuconeura",true,high-conf,false,27,
phalaenopsis__01,phalaenopsis,tta6,rotate_+90,rotate,Orchid,0.7869,Monstera Deliciosa (Monstera deliciosa),0.1850,0.6018,phalaenopsis,"phalaenopsis|monstera-deliciosa|pachira-aquatica",true,high-conf,false,248,
phalaenopsis__01,phalaenopsis,squash,rotate_-90,rotate,Monstera Deliciosa (Monstera deliciosa),0.9841,Schefflera,0.0158,0.9682,monstera-deliciosa,"monstera-deliciosa|schefflera|alocasia",true,high-conf,true,46,
phalaenopsis__01,phalaenopsis,center_crop,rotate_-90,rotate,Monstera Deliciosa (Monstera deliciosa),0.9841,Schefflera,0.0158,0.9682,monstera-deliciosa,"monstera-deliciosa|schefflera|alocasia",true,high-conf,true,46,
phalaenopsis__01,phalaenopsis,tta6,rotate_-90,rotate,Monstera Deliciosa (Monstera deliciosa),0.9921,Schefflera,0.0057,0.9864,monstera-deliciosa,"monstera-deliciosa|schefflera|hedera-helix",true,high-conf,true,243,
phalaenopsis__01,phalaenopsis,squash,bright_up,brightness,Ponytail Palm (Beaucarnea recurvata),0.8470,Monstera Deliciosa (Monstera deliciosa),0.1140,0.7330,beaucarnea-recurvata,"beaucarnea-recurvata|monstera-deliciosa|tradescantia",true,high-conf,true,43,
phalaenopsis__01,phalaenopsis,center_crop,bright_up,brightness,Ponytail Palm (Beaucarnea recurvata),0.8470,Monstera Deliciosa (Monstera deliciosa),0.1140,0.7330,beaucarnea-recurvata,"beaucarnea-recurvata|monstera-deliciosa|tradescantia",true,high-conf,true,35,
phalaenopsis__01,phalaenopsis,tta6,bright_up,brightness,Ponytail Palm (Beaucarnea recurvata),0.4167,Monstera Deliciosa (Monstera deliciosa),0.3498,0.0669,beaucarnea-recurvata,"beaucarnea-recurvata|monstera-deliciosa|pachira-aquatica",true,low-conf,false,152,
phalaenopsis__01,phalaenopsis,squash,bright_down,brightness,Tradescantia,0.8186,English Ivy (Hedera helix),0.1032,0.7154,tradescantia,"tradescantia|hedera-helix|monstera-deliciosa",true,high-conf,true,33,
phalaenopsis__01,phalaenopsis,center_crop,bright_down,brightness,Tradescantia,0.8186,English Ivy (Hedera helix),0.1032,0.7154,tradescantia,"tradescantia|hedera-helix|monstera-deliciosa",true,high-conf,true,22,
phalaenopsis__01,phalaenopsis,tta6,bright_down,brightness,Prayer Plant (Maranta leuconeura),0.2811,Tradescantia,0.2729,0.0082,maranta-leuconeura,"maranta-leuconeura|tradescantia|ctenanthe",true,low-conf,false,144,
phalaenopsis__01,phalaenopsis,squash,contrast_up,contrast,English Ivy (Hedera helix),0.9239,Monstera Deliciosa (Monstera deliciosa),0.0523,0.8716,hedera-helix,"hedera-helix|monstera-deliciosa|epipremnum-aureum",true,high-conf,true,24,
phalaenopsis__01,phalaenopsis,center_crop,contrast_up,contrast,English Ivy (Hedera helix),0.9239,Monstera Deliciosa (Monstera deliciosa),0.0523,0.8716,hedera-helix,"hedera-helix|monstera-deliciosa|epipremnum-aureum",true,high-conf,true,17,
phalaenopsis__01,phalaenopsis,tta6,contrast_up,contrast,English Ivy (Hedera helix),0.3080,Ctenanthe,0.2350,0.0729,hedera-helix,"hedera-helix|ctenanthe|monstera-deliciosa",true,low-conf,false,118,
phalaenopsis__01,phalaenopsis,squash,contrast_down,contrast,Tradescantia,0.6125,Ponytail Palm (Beaucarnea recurvata),0.2400,0.3725,tradescantia,"tradescantia|beaucarnea-recurvata|monstera-deliciosa",true,high-conf,true,16,
phalaenopsis__01,phalaenopsis,center_crop,contrast_down,contrast,Tradescantia,0.6125,Ponytail Palm (Beaucarnea recurvata),0.2400,0.3725,tradescantia,"tradescantia|beaucarnea-recurvata|monstera-deliciosa",true,high-conf,true,20,
phalaenopsis__01,phalaenopsis,tta6,contrast_down,contrast,Monstera Deliciosa (Monstera deliciosa),0.2460,Tradescantia,0.2083,0.0377,monstera-deliciosa,"monstera-deliciosa|tradescantia|pachira-aquatica",true,low-conf,false,263,
pilea-peperomioides__01,pilea-peperomioides,squash,clean,clean,Chinese Money Plant (Pilea peperomioides),0.9821,Jade plant (Crassula ovata),0.0168,0.9652,pilea-peperomioides,"pilea-peperomioides|crassula-ovata|ficus-elastica",true,high-conf,false,25,
pilea-peperomioides__01,pilea-peperomioides,center_crop,clean,clean,Chinese Money Plant (Pilea peperomioides),0.9821,Jade plant (Crassula ovata),0.0168,0.9652,pilea-peperomioides,"pilea-peperomioides|crassula-ovata|ficus-elastica",true,high-conf,false,25,
pilea-peperomioides__01,pilea-peperomioides,tta6,clean,clean,Chinese Money Plant (Pilea peperomioides),0.9940,Jade plant (Crassula ovata),0.0056,0.9884,pilea-peperomioides,"pilea-peperomioides|crassula-ovata|ficus-elastica",true,high-conf,false,133,
pilea-peperomioides__01,pilea-peperomioides,squash,blur,blur,Christmas Cactus (Schlumbergera bridgesii),0.7250,Chinese Money Plant (Pilea peperomioides),0.1838,0.5411,schlumbergera-bridgesii,"schlumbergera-bridgesii|pilea-peperomioides|zamioculcas-zamiifolia",true,high-conf,true,20,
pilea-peperomioides__01,pilea-peperomioides,center_crop,blur,blur,Christmas Cactus (Schlumbergera bridgesii),0.7250,Chinese Money Plant (Pilea peperomioides),0.1838,0.5411,schlumbergera-bridgesii,"schlumbergera-bridgesii|pilea-peperomioides|zamioculcas-zamiifolia",true,high-conf,true,20,
pilea-peperomioides__01,pilea-peperomioides,tta6,blur,blur,Chinese Money Plant (Pilea peperomioides),0.5603,Christmas Cactus (Schlumbergera bridgesii),0.2417,0.3186,pilea-peperomioides,"pilea-peperomioides|schlumbergera-bridgesii|crassula-ovata",true,low-conf,false,107,
pilea-peperomioides__01,pilea-peperomioides,squash,crop_center_zoom,crop,Chinese Money Plant (Pilea peperomioides),0.9998,Venus Flytrap,0.0002,0.9996,pilea-peperomioides,"pilea-peperomioides|dionaea-muscipula|dracaena-trifasciata",true,high-conf,false,15,
pilea-peperomioides__01,pilea-peperomioides,center_crop,crop_center_zoom,crop,Chinese Money Plant (Pilea peperomioides),0.9998,Venus Flytrap,0.0002,0.9996,pilea-peperomioides,"pilea-peperomioides|dionaea-muscipula|dracaena-trifasciata",true,high-conf,false,17,
pilea-peperomioides__01,pilea-peperomioides,tta6,crop_center_zoom,crop,Chinese Money Plant (Pilea peperomioides),0.9584,Snake plant (Sanseviera),0.0246,0.9338,pilea-peperomioides,"pilea-peperomioides|dracaena-trifasciata|schefflera",true,low-conf,false,103,
pilea-peperomioides__01,pilea-peperomioides,squash,crop_offcenter_zoom,crop,Chinese Money Plant (Pilea peperomioides),1.0000,Jade plant (Crassula ovata),0.0000,1.0000,pilea-peperomioides,"pilea-peperomioides|crassula-ovata|schefflera",true,high-conf,false,25,
pilea-peperomioides__01,pilea-peperomioides,center_crop,crop_offcenter_zoom,crop,Chinese Money Plant (Pilea peperomioides),1.0000,Jade plant (Crassula ovata),0.0000,1.0000,pilea-peperomioides,"pilea-peperomioides|crassula-ovata|schefflera",true,high-conf,false,29,
pilea-peperomioides__01,pilea-peperomioides,tta6,crop_offcenter_zoom,crop,Chinese Money Plant (Pilea peperomioides),0.9996,Schefflera,0.0004,0.9991,pilea-peperomioides,"pilea-peperomioides|schefflera|dionaea-muscipula",true,high-conf,false,112,
pilea-peperomioides__01,pilea-peperomioides,squash,rotate_+15,rotate,Chinese Money Plant (Pilea peperomioides),1.0000,Pothos (Ivy arum),0.0000,1.0000,pilea-peperomioides,"pilea-peperomioides|epipremnum-aureum|dracaena-trifasciata",true,high-conf,false,19,
pilea-peperomioides__01,pilea-peperomioides,center_crop,rotate_+15,rotate,Chinese Money Plant (Pilea peperomioides),1.0000,Pothos (Ivy arum),0.0000,1.0000,pilea-peperomioides,"pilea-peperomioides|epipremnum-aureum|dracaena-trifasciata",true,high-conf,false,20,
pilea-peperomioides__01,pilea-peperomioides,tta6,rotate_+15,rotate,Chinese Money Plant (Pilea peperomioides),0.8595,Snake plant (Sanseviera),0.0760,0.7835,pilea-peperomioides,"pilea-peperomioides|dracaena-trifasciata|schefflera",true,low-conf,false,117,
pilea-peperomioides__01,pilea-peperomioides,squash,rotate_-15,rotate,Chinese Money Plant (Pilea peperomioides),0.9994,Pothos (Ivy arum),0.0006,0.9987,pilea-peperomioides,"pilea-peperomioides|epipremnum-aureum|schefflera",true,high-conf,false,31,
pilea-peperomioides__01,pilea-peperomioides,center_crop,rotate_-15,rotate,Chinese Money Plant (Pilea peperomioides),0.9994,Pothos (Ivy arum),0.0006,0.9987,pilea-peperomioides,"pilea-peperomioides|epipremnum-aureum|schefflera",true,high-conf,false,22,
pilea-peperomioides__01,pilea-peperomioides,tta6,rotate_-15,rotate,Chinese Money Plant (Pilea peperomioides),0.6936,Schefflera,0.2652,0.4283,pilea-peperomioides,"pilea-peperomioides|schefflera|dracaena-trifasciata",true,low-conf,false,227,
pilea-peperomioides__01,pilea-peperomioides,squash,rotate_+90,rotate,Chinese Money Plant (Pilea peperomioides),0.9998,Rubber Plant (Ficus elastica),0.0001,0.9997,pilea-peperomioides,"pilea-peperomioides|ficus-elastica|schefflera",true,high-conf,false,43,
pilea-peperomioides__01,pilea-peperomioides,center_crop,rotate_+90,rotate,Chinese Money Plant (Pilea peperomioides),0.9998,Rubber Plant (Ficus elastica),0.0001,0.9997,pilea-peperomioides,"pilea-peperomioides|ficus-elastica|schefflera",true,high-conf,false,25,
pilea-peperomioides__01,pilea-peperomioides,tta6,rotate_+90,rotate,Chinese Money Plant (Pilea peperomioides),0.7021,Rubber Plant (Ficus elastica),0.1958,0.5063,pilea-peperomioides,"pilea-peperomioides|ficus-elastica|schefflera",true,low-conf,false,113,
pilea-peperomioides__01,pilea-peperomioides,squash,rotate_-90,rotate,Schefflera,0.9912,Chinese Money Plant (Pilea peperomioides),0.0086,0.9826,schefflera,"schefflera|pilea-peperomioides|epipremnum-aureum",true,high-conf,true,19,
pilea-peperomioides__01,pilea-peperomioides,center_crop,rotate_-90,rotate,Schefflera,0.9912,Chinese Money Plant (Pilea peperomioides),0.0086,0.9826,schefflera,"schefflera|pilea-peperomioides|epipremnum-aureum",true,high-conf,true,19,
pilea-peperomioides__01,pilea-peperomioides,tta6,rotate_-90,rotate,Chinese Money Plant (Pilea peperomioides),0.6689,Schefflera,0.3308,0.3381,pilea-peperomioides,"pilea-peperomioides|schefflera|monstera-deliciosa",true,low-conf,false,135,
pilea-peperomioides__01,pilea-peperomioides,squash,bright_up,brightness,Chinese Money Plant (Pilea peperomioides),0.9355,Schefflera,0.0342,0.9013,pilea-peperomioides,"pilea-peperomioides|schefflera|dionaea-muscipula",true,low-conf,false,20,
pilea-peperomioides__01,pilea-peperomioides,center_crop,bright_up,brightness,Chinese Money Plant (Pilea peperomioides),0.9355,Schefflera,0.0342,0.9013,pilea-peperomioides,"pilea-peperomioides|schefflera|dionaea-muscipula",true,low-conf,false,20,
pilea-peperomioides__01,pilea-peperomioides,tta6,bright_up,brightness,Chinese Money Plant (Pilea peperomioides),0.9420,Venus Flytrap,0.0392,0.9028,pilea-peperomioides,"pilea-peperomioides|dionaea-muscipula|schefflera",true,low-conf,false,124,
pilea-peperomioides__01,pilea-peperomioides,squash,bright_down,brightness,Chinese Money Plant (Pilea peperomioides),0.9986,Rubber Plant (Ficus elastica),0.0012,0.9974,pilea-peperomioides,"pilea-peperomioides|ficus-elastica|zamioculcas-zamiifolia",true,high-conf,false,24,
pilea-peperomioides__01,pilea-peperomioides,center_crop,bright_down,brightness,Chinese Money Plant (Pilea peperomioides),0.9986,Rubber Plant (Ficus elastica),0.0012,0.9974,pilea-peperomioides,"pilea-peperomioides|ficus-elastica|zamioculcas-zamiifolia",true,high-conf,false,25,
pilea-peperomioides__01,pilea-peperomioides,tta6,bright_down,brightness,Chinese Money Plant (Pilea peperomioides),0.9992,Rubber Plant (Ficus elastica),0.0006,0.9986,pilea-peperomioides,"pilea-peperomioides|ficus-elastica|dracaena-trifasciata",true,high-conf,false,144,
pilea-peperomioides__01,pilea-peperomioides,squash,contrast_up,contrast,Chinese Money Plant (Pilea peperomioides),0.9975,Venus Flytrap,0.0017,0.9959,pilea-peperomioides,"pilea-peperomioides|dionaea-muscipula|schefflera",true,high-conf,false,22,
pilea-peperomioides__01,pilea-peperomioides,center_crop,contrast_up,contrast,Chinese Money Plant (Pilea peperomioides),0.9975,Venus Flytrap,0.0017,0.9959,pilea-peperomioides,"pilea-peperomioides|dionaea-muscipula|schefflera",true,high-conf,false,26,
pilea-peperomioides__01,pilea-peperomioides,tta6,contrast_up,contrast,Chinese Money Plant (Pilea peperomioides),0.9439,Venus Flytrap,0.0554,0.8885,pilea-peperomioides,"pilea-peperomioides|dionaea-muscipula|schefflera",true,low-conf,false,125,
pilea-peperomioides__01,pilea-peperomioides,squash,contrast_down,contrast,Chinese Money Plant (Pilea peperomioides),0.7929,Rubber Plant (Ficus elastica),0.1686,0.6243,pilea-peperomioides,"pilea-peperomioides|ficus-elastica|crassula-ovata",true,low-conf,false,25,
pilea-peperomioides__01,pilea-peperomioides,center_crop,contrast_down,contrast,Chinese Money Plant (Pilea peperomioides),0.7929,Rubber Plant (Ficus elastica),0.1686,0.6243,pilea-peperomioides,"pilea-peperomioides|ficus-elastica|crassula-ovata",true,low-conf,false,33,
pilea-peperomioides__01,pilea-peperomioides,tta6,contrast_down,contrast,Chinese Money Plant (Pilea peperomioides),0.9294,Rubber Plant (Ficus elastica),0.0575,0.8719,pilea-peperomioides,"pilea-peperomioides|ficus-elastica|crassula-ovata",true,low-conf,false,170,
pilea-peperomioides__02,pilea-peperomioides,squash,clean,clean,Chinese Money Plant (Pilea peperomioides),1.0000,Pothos (Ivy arum),0.0000,1.0000,pilea-peperomioides,"pilea-peperomioides|epipremnum-aureum|crassula-ovata",true,high-conf,false,18,
pilea-peperomioides__02,pilea-peperomioides,center_crop,clean,clean,Chinese Money Plant (Pilea peperomioides),1.0000,Pothos (Ivy arum),0.0000,1.0000,pilea-peperomioides,"pilea-peperomioides|epipremnum-aureum|crassula-ovata",true,high-conf,false,22,
pilea-peperomioides__02,pilea-peperomioides,tta6,clean,clean,Chinese Money Plant (Pilea peperomioides),1.0000,Jade plant (Crassula ovata),0.0000,1.0000,pilea-peperomioides,"pilea-peperomioides|crassula-ovata|epipremnum-aureum",true,high-conf,false,124,
pilea-peperomioides__02,pilea-peperomioides,squash,blur,blur,Chinese Money Plant (Pilea peperomioides),0.9999,Pothos (Ivy arum),0.0001,0.9998,pilea-peperomioides,"pilea-peperomioides|epipremnum-aureum|hedera-helix",true,high-conf,false,28,
pilea-peperomioides__02,pilea-peperomioides,center_crop,blur,blur,Chinese Money Plant (Pilea peperomioides),0.9999,Pothos (Ivy arum),0.0001,0.9998,pilea-peperomioides,"pilea-peperomioides|epipremnum-aureum|hedera-helix",true,high-conf,false,24,
pilea-peperomioides__02,pilea-peperomioides,tta6,blur,blur,Chinese Money Plant (Pilea peperomioides),0.9971,Pothos (Ivy arum),0.0022,0.9949,pilea-peperomioides,"pilea-peperomioides|epipremnum-aureum|zamioculcas-zamiifolia",true,high-conf,false,129,
pilea-peperomioides__02,pilea-peperomioides,squash,crop_center_zoom,crop,Chinese Money Plant (Pilea peperomioides),1.0000,Pothos (Ivy arum),0.0000,1.0000,pilea-peperomioides,"pilea-peperomioides|epipremnum-aureum|zamioculcas-zamiifolia",true,high-conf,false,16,
pilea-peperomioides__02,pilea-peperomioides,center_crop,crop_center_zoom,crop,Chinese Money Plant (Pilea peperomioides),1.0000,Pothos (Ivy arum),0.0000,1.0000,pilea-peperomioides,"pilea-peperomioides|epipremnum-aureum|zamioculcas-zamiifolia",true,high-conf,false,18,
pilea-peperomioides__02,pilea-peperomioides,tta6,crop_center_zoom,crop,Chinese Money Plant (Pilea peperomioides),1.0000,Pothos (Ivy arum),0.0000,1.0000,pilea-peperomioides,"pilea-peperomioides|epipremnum-aureum|zamioculcas-zamiifolia",true,high-conf,false,111,
pilea-peperomioides__02,pilea-peperomioides,squash,crop_offcenter_zoom,crop,Chinese Money Plant (Pilea peperomioides),1.0000,Jade plant (Crassula ovata),0.0000,1.0000,pilea-peperomioides,"pilea-peperomioides|crassula-ovata|epipremnum-aureum",true,high-conf,false,18,
pilea-peperomioides__02,pilea-peperomioides,center_crop,crop_offcenter_zoom,crop,Chinese Money Plant (Pilea peperomioides),1.0000,Jade plant (Crassula ovata),0.0000,1.0000,pilea-peperomioides,"pilea-peperomioides|crassula-ovata|epipremnum-aureum",true,high-conf,false,16,
pilea-peperomioides__02,pilea-peperomioides,tta6,crop_offcenter_zoom,crop,Chinese Money Plant (Pilea peperomioides),0.8846,Jade plant (Crassula ovata),0.1151,0.7696,pilea-peperomioides,"pilea-peperomioides|crassula-ovata|epipremnum-aureum",true,low-conf,false,113,
pilea-peperomioides__02,pilea-peperomioides,squash,rotate_+15,rotate,Chinese Money Plant (Pilea peperomioides),1.0000,Pothos (Ivy arum),0.0000,1.0000,pilea-peperomioides,"pilea-peperomioides|epipremnum-aureum|anthurium-andraeanum",true,high-conf,false,19,
pilea-peperomioides__02,pilea-peperomioides,center_crop,rotate_+15,rotate,Chinese Money Plant (Pilea peperomioides),1.0000,Pothos (Ivy arum),0.0000,1.0000,pilea-peperomioides,"pilea-peperomioides|epipremnum-aureum|anthurium-andraeanum",true,high-conf,false,20,
pilea-peperomioides__02,pilea-peperomioides,tta6,rotate_+15,rotate,Chinese Money Plant (Pilea peperomioides),1.0000,Pothos (Ivy arum),0.0000,1.0000,pilea-peperomioides,"pilea-peperomioides|epipremnum-aureum|schefflera",true,high-conf,false,273,
pilea-peperomioides__02,pilea-peperomioides,squash,rotate_-15,rotate,Chinese Money Plant (Pilea peperomioides),1.0000,Pothos (Ivy arum),0.0000,1.0000,pilea-peperomioides,"pilea-peperomioides|epipremnum-aureum|crassula-ovata",true,high-conf,false,40,
pilea-peperomioides__02,pilea-peperomioides,center_crop,rotate_-15,rotate,Chinese Money Plant (Pilea peperomioides),1.0000,Pothos (Ivy arum),0.0000,1.0000,pilea-peperomioides,"pilea-peperomioides|epipremnum-aureum|crassula-ovata",true,high-conf,false,35,
pilea-peperomioides__02,pilea-peperomioides,tta6,rotate_-15,rotate,Chinese Money Plant (Pilea peperomioides),1.0000,Jade plant (Crassula ovata),0.0000,1.0000,pilea-peperomioides,"pilea-peperomioides|crassula-ovata|epipremnum-aureum",true,high-conf,false,191,
pilea-peperomioides__02,pilea-peperomioides,squash,rotate_+90,rotate,Chinese Money Plant (Pilea peperomioides),1.0000,Pothos (Ivy arum),0.0000,1.0000,pilea-peperomioides,"pilea-peperomioides|epipremnum-aureum|maranta-leuconeura",true,high-conf,false,23,
pilea-peperomioides__02,pilea-peperomioides,center_crop,rotate_+90,rotate,Chinese Money Plant (Pilea peperomioides),1.0000,Pothos (Ivy arum),0.0000,1.0000,pilea-peperomioides,"pilea-peperomioides|epipremnum-aureum|maranta-leuconeura",true,high-conf,false,24,
pilea-peperomioides__02,pilea-peperomioides,tta6,rotate_+90,rotate,Chinese Money Plant (Pilea peperomioides),1.0000,Jade plant (Crassula ovata),0.0000,1.0000,pilea-peperomioides,"pilea-peperomioides|crassula-ovata|epipremnum-aureum",true,high-conf,false,124,
pilea-peperomioides__02,pilea-peperomioides,squash,rotate_-90,rotate,Chinese Money Plant (Pilea peperomioides),1.0000,Pothos (Ivy arum),0.0000,1.0000,pilea-peperomioides,"pilea-peperomioides|epipremnum-aureum|crassula-ovata",true,high-conf,false,27,
pilea-peperomioides__02,pilea-peperomioides,center_crop,rotate_-90,rotate,Chinese Money Plant (Pilea peperomioides),1.0000,Pothos (Ivy arum),0.0000,1.0000,pilea-peperomioides,"pilea-peperomioides|epipremnum-aureum|crassula-ovata",true,high-conf,false,22,
pilea-peperomioides__02,pilea-peperomioides,tta6,rotate_-90,rotate,Chinese Money Plant (Pilea peperomioides),1.0000,Pothos (Ivy arum),0.0000,1.0000,pilea-peperomioides,"pilea-peperomioides|epipremnum-aureum|zamioculcas-zamiifolia",true,high-conf,false,138,
pilea-peperomioides__02,pilea-peperomioides,squash,bright_up,brightness,Chinese Money Plant (Pilea peperomioides),1.0000,Jade plant (Crassula ovata),0.0000,1.0000,pilea-peperomioides,"pilea-peperomioides|crassula-ovata|epipremnum-aureum",true,high-conf,false,23,
pilea-peperomioides__02,pilea-peperomioides,center_crop,bright_up,brightness,Chinese Money Plant (Pilea peperomioides),1.0000,Jade plant (Crassula ovata),0.0000,1.0000,pilea-peperomioides,"pilea-peperomioides|crassula-ovata|epipremnum-aureum",true,high-conf,false,20,
pilea-peperomioides__02,pilea-peperomioides,tta6,bright_up,brightness,Chinese Money Plant (Pilea peperomioides),1.0000,Pothos (Ivy arum),0.0000,1.0000,pilea-peperomioides,"pilea-peperomioides|epipremnum-aureum|crassula-ovata",true,high-conf,false,107,
pilea-peperomioides__02,pilea-peperomioides,squash,bright_down,brightness,Chinese Money Plant (Pilea peperomioides),1.0000,Jade plant (Crassula ovata),0.0000,1.0000,pilea-peperomioides,"pilea-peperomioides|crassula-ovata|epipremnum-aureum",true,high-conf,false,15,
pilea-peperomioides__02,pilea-peperomioides,center_crop,bright_down,brightness,Chinese Money Plant (Pilea peperomioides),1.0000,Jade plant (Crassula ovata),0.0000,1.0000,pilea-peperomioides,"pilea-peperomioides|crassula-ovata|epipremnum-aureum",true,high-conf,false,15,
pilea-peperomioides__02,pilea-peperomioides,tta6,bright_down,brightness,Chinese Money Plant (Pilea peperomioides),1.0000,Jade plant (Crassula ovata),0.0000,1.0000,pilea-peperomioides,"pilea-peperomioides|crassula-ovata|epipremnum-aureum",true,high-conf,false,101,
pilea-peperomioides__02,pilea-peperomioides,squash,contrast_up,contrast,Chinese Money Plant (Pilea peperomioides),1.0000,Pothos (Ivy arum),0.0000,1.0000,pilea-peperomioides,"pilea-peperomioides|epipremnum-aureum|saintpaulia-ionantha",true,high-conf,false,16,
pilea-peperomioides__02,pilea-peperomioides,center_crop,contrast_up,contrast,Chinese Money Plant (Pilea peperomioides),1.0000,Pothos (Ivy arum),0.0000,1.0000,pilea-peperomioides,"pilea-peperomioides|epipremnum-aureum|saintpaulia-ionantha",true,high-conf,false,18,
pilea-peperomioides__02,pilea-peperomioides,tta6,contrast_up,contrast,Chinese Money Plant (Pilea peperomioides),1.0000,Pothos (Ivy arum),0.0000,1.0000,pilea-peperomioides,"pilea-peperomioides|epipremnum-aureum|saintpaulia-ionantha",true,high-conf,false,100,
pilea-peperomioides__02,pilea-peperomioides,squash,contrast_down,contrast,Chinese Money Plant (Pilea peperomioides),1.0000,Jade plant (Crassula ovata),0.0000,1.0000,pilea-peperomioides,"pilea-peperomioides|crassula-ovata|epipremnum-aureum",true,high-conf,false,15,
pilea-peperomioides__02,pilea-peperomioides,center_crop,contrast_down,contrast,Chinese Money Plant (Pilea peperomioides),1.0000,Jade plant (Crassula ovata),0.0000,1.0000,pilea-peperomioides,"pilea-peperomioides|crassula-ovata|epipremnum-aureum",true,high-conf,false,16,
pilea-peperomioides__02,pilea-peperomioides,tta6,contrast_down,contrast,Chinese Money Plant (Pilea peperomioides),1.0000,Jade plant (Crassula ovata),0.0000,1.0000,pilea-peperomioides,"pilea-peperomioides|crassula-ovata|epipremnum-aureum",true,high-conf,false,139,
pilea-peperomioides__03,pilea-peperomioides,squash,clean,clean,Chinese Money Plant (Pilea peperomioides),1.0000,Schefflera,0.0000,1.0000,pilea-peperomioides,"pilea-peperomioides|schefflera|epipremnum-aureum",true,high-conf,false,19,
pilea-peperomioides__03,pilea-peperomioides,center_crop,clean,clean,Chinese Money Plant (Pilea peperomioides),1.0000,Schefflera,0.0000,1.0000,pilea-peperomioides,"pilea-peperomioides|schefflera|epipremnum-aureum",true,high-conf,false,27,
pilea-peperomioides__03,pilea-peperomioides,tta6,clean,clean,Chinese Money Plant (Pilea peperomioides),1.0000,Monstera Deliciosa (Monstera deliciosa),0.0000,1.0000,pilea-peperomioides,"pilea-peperomioides|monstera-deliciosa|epipremnum-aureum",true,high-conf,false,141,
pilea-peperomioides__03,pilea-peperomioides,squash,blur,blur,Chinese Money Plant (Pilea peperomioides),1.0000,English Ivy (Hedera helix),0.0000,1.0000,pilea-peperomioides,"pilea-peperomioides|hedera-helix|yucca",true,high-conf,false,18,
pilea-peperomioides__03,pilea-peperomioides,center_crop,blur,blur,Chinese Money Plant (Pilea peperomioides),1.0000,English Ivy (Hedera helix),0.0000,1.0000,pilea-peperomioides,"pilea-peperomioides|hedera-helix|yucca",true,high-conf,false,16,
pilea-peperomioides__03,pilea-peperomioides,tta6,blur,blur,Chinese Money Plant (Pilea peperomioides),1.0000,English Ivy (Hedera helix),0.0000,1.0000,pilea-peperomioides,"pilea-peperomioides|hedera-helix|schefflera",true,high-conf,false,104,
pilea-peperomioides__03,pilea-peperomioides,squash,crop_center_zoom,crop,Chinese Money Plant (Pilea peperomioides),1.0000,Monstera Deliciosa (Monstera deliciosa),0.0000,1.0000,pilea-peperomioides,"pilea-peperomioides|monstera-deliciosa|epipremnum-aureum",true,high-conf,false,15,
pilea-peperomioides__03,pilea-peperomioides,center_crop,crop_center_zoom,crop,Chinese Money Plant (Pilea peperomioides),1.0000,Monstera Deliciosa (Monstera deliciosa),0.0000,1.0000,pilea-peperomioides,"pilea-peperomioides|monstera-deliciosa|epipremnum-aureum",true,high-conf,false,18,
pilea-peperomioides__03,pilea-peperomioides,tta6,crop_center_zoom,crop,Chinese Money Plant (Pilea peperomioides),1.0000,Monstera Deliciosa (Monstera deliciosa),0.0000,1.0000,pilea-peperomioides,"pilea-peperomioides|monstera-deliciosa|schefflera",true,high-conf,false,190,
pilea-peperomioides__03,pilea-peperomioides,squash,crop_offcenter_zoom,crop,Chinese Money Plant (Pilea peperomioides),1.0000,Schefflera,0.0000,1.0000,pilea-peperomioides,"pilea-peperomioides|schefflera|epipremnum-aureum",true,high-conf,false,15,
pilea-peperomioides__03,pilea-peperomioides,center_crop,crop_offcenter_zoom,crop,Chinese Money Plant (Pilea peperomioides),1.0000,Schefflera,0.0000,1.0000,pilea-peperomioides,"pilea-peperomioides|schefflera|epipremnum-aureum",true,high-conf,false,16,
pilea-peperomioides__03,pilea-peperomioides,tta6,crop_offcenter_zoom,crop,Chinese Money Plant (Pilea peperomioides),1.0000,Schefflera,0.0000,1.0000,pilea-peperomioides,"pilea-peperomioides|schefflera|epipremnum-aureum",true,high-conf,false,125,
pilea-peperomioides__03,pilea-peperomioides,squash,rotate_+15,rotate,Chinese Money Plant (Pilea peperomioides),1.0000,Pothos (Ivy arum),0.0000,1.0000,pilea-peperomioides,"pilea-peperomioides|epipremnum-aureum|pachira-aquatica",true,high-conf,false,28,
pilea-peperomioides__03,pilea-peperomioides,center_crop,rotate_+15,rotate,Chinese Money Plant (Pilea peperomioides),1.0000,Pothos (Ivy arum),0.0000,1.0000,pilea-peperomioides,"pilea-peperomioides|epipremnum-aureum|pachira-aquatica",true,high-conf,false,30,
pilea-peperomioides__03,pilea-peperomioides,tta6,rotate_+15,rotate,Chinese Money Plant (Pilea peperomioides),1.0000,Schefflera,0.0000,1.0000,pilea-peperomioides,"pilea-peperomioides|schefflera|pachira-aquatica",true,high-conf,false,141,
pilea-peperomioides__03,pilea-peperomioides,squash,rotate_-15,rotate,Chinese Money Plant (Pilea peperomioides),1.0000,Pothos (Ivy arum),0.0000,1.0000,pilea-peperomioides,"pilea-peperomioides|epipremnum-aureum|schefflera",true,high-conf,false,20,
pilea-peperomioides__03,pilea-peperomioides,center_crop,rotate_-15,rotate,Chinese Money Plant (Pilea peperomioides),1.0000,Pothos (Ivy arum),0.0000,1.0000,pilea-peperomioides,"pilea-peperomioides|epipremnum-aureum|schefflera",true,high-conf,false,28,
pilea-peperomioides__03,pilea-peperomioides,tta6,rotate_-15,rotate,Chinese Money Plant (Pilea peperomioides),1.0000,Monstera Deliciosa (Monstera deliciosa),0.0000,1.0000,pilea-peperomioides,"pilea-peperomioides|monstera-deliciosa|epipremnum-aureum",true,high-conf,false,136,
pilea-peperomioides__03,pilea-peperomioides,squash,rotate_+90,rotate,Chinese Money Plant (Pilea peperomioides),1.0000,Pothos (Ivy arum),0.0000,1.0000,pilea-peperomioides,"pilea-peperomioides|epipremnum-aureum|monstera-deliciosa",true,high-conf,false,22,
pilea-peperomioides__03,pilea-peperomioides,center_crop,rotate_+90,rotate,Chinese Money Plant (Pilea peperomioides),1.0000,Pothos (Ivy arum),0.0000,1.0000,pilea-peperomioides,"pilea-peperomioides|epipremnum-aureum|monstera-deliciosa",true,high-conf,false,19,
pilea-peperomioides__03,pilea-peperomioides,tta6,rotate_+90,rotate,Chinese Money Plant (Pilea peperomioides),1.0000,Pothos (Ivy arum),0.0000,1.0000,pilea-peperomioides,"pilea-peperomioides|epipremnum-aureum|monstera-deliciosa",true,high-conf,false,133,
pilea-peperomioides__03,pilea-peperomioides,squash,rotate_-90,rotate,Chinese Money Plant (Pilea peperomioides),1.0000,Monstera Deliciosa (Monstera deliciosa),0.0000,1.0000,pilea-peperomioides,"pilea-peperomioides|monstera-deliciosa|epipremnum-aureum",true,high-conf,false,27,
pilea-peperomioides__03,pilea-peperomioides,center_crop,rotate_-90,rotate,Chinese Money Plant (Pilea peperomioides),1.0000,Monstera Deliciosa (Monstera deliciosa),0.0000,1.0000,pilea-peperomioides,"pilea-peperomioides|monstera-deliciosa|epipremnum-aureum",true,high-conf,false,18,
pilea-peperomioides__03,pilea-peperomioides,tta6,rotate_-90,rotate,Chinese Money Plant (Pilea peperomioides),1.0000,Monstera Deliciosa (Monstera deliciosa),0.0000,1.0000,pilea-peperomioides,"pilea-peperomioides|monstera-deliciosa|schefflera",true,high-conf,false,104,
pilea-peperomioides__03,pilea-peperomioides,squash,bright_up,brightness,Chinese Money Plant (Pilea peperomioides),1.0000,Pothos (Ivy arum),0.0000,1.0000,pilea-peperomioides,"pilea-peperomioides|epipremnum-aureum|schefflera",true,high-conf,false,18,
pilea-peperomioides__03,pilea-peperomioides,center_crop,bright_up,brightness,Chinese Money Plant (Pilea peperomioides),1.0000,Pothos (Ivy arum),0.0000,1.0000,pilea-peperomioides,"pilea-peperomioides|epipremnum-aureum|schefflera",true,high-conf,false,16,
pilea-peperomioides__03,pilea-peperomioides,tta6,bright_up,brightness,Chinese Money Plant (Pilea peperomioides),1.0000,Pothos (Ivy arum),0.0000,1.0000,pilea-peperomioides,"pilea-peperomioides|epipremnum-aureum|monstera-deliciosa",true,high-conf,false,108,
pilea-peperomioides__03,pilea-peperomioides,squash,bright_down,brightness,Chinese Money Plant (Pilea peperomioides),1.0000,Schefflera,0.0000,1.0000,pilea-peperomioides,"pilea-peperomioides|schefflera|monstera-deliciosa",true,high-conf,false,16,
pilea-peperomioides__03,pilea-peperomioides,center_crop,bright_down,brightness,Chinese Money Plant (Pilea peperomioides),1.0000,Schefflera,0.0000,1.0000,pilea-peperomioides,"pilea-peperomioides|schefflera|monstera-deliciosa",true,high-conf,false,17,
pilea-peperomioides__03,pilea-peperomioides,tta6,bright_down,brightness,Chinese Money Plant (Pilea peperomioides),1.0000,Schefflera,0.0000,1.0000,pilea-peperomioides,"pilea-peperomioides|schefflera|monstera-deliciosa",true,high-conf,false,132,
pilea-peperomioides__03,pilea-peperomioides,squash,contrast_up,contrast,Chinese Money Plant (Pilea peperomioides),1.0000,Monstera Deliciosa (Monstera deliciosa),0.0000,1.0000,pilea-peperomioides,"pilea-peperomioides|monstera-deliciosa|schefflera",true,high-conf,false,15,
pilea-peperomioides__03,pilea-peperomioides,center_crop,contrast_up,contrast,Chinese Money Plant (Pilea peperomioides),1.0000,Monstera Deliciosa (Monstera deliciosa),0.0000,1.0000,pilea-peperomioides,"pilea-peperomioides|monstera-deliciosa|schefflera",true,high-conf,false,16,
pilea-peperomioides__03,pilea-peperomioides,tta6,contrast_up,contrast,Chinese Money Plant (Pilea peperomioides),1.0000,Schefflera,0.0000,1.0000,pilea-peperomioides,"pilea-peperomioides|schefflera|monstera-deliciosa",true,high-conf,false,102,
pilea-peperomioides__03,pilea-peperomioides,squash,contrast_down,contrast,Chinese Money Plant (Pilea peperomioides),1.0000,Pothos (Ivy arum),0.0000,1.0000,pilea-peperomioides,"pilea-peperomioides|epipremnum-aureum|schefflera",true,high-conf,false,16,
pilea-peperomioides__03,pilea-peperomioides,center_crop,contrast_down,contrast,Chinese Money Plant (Pilea peperomioides),1.0000,Pothos (Ivy arum),0.0000,1.0000,pilea-peperomioides,"pilea-peperomioides|epipremnum-aureum|schefflera",true,high-conf,false,16,
pilea-peperomioides__03,pilea-peperomioides,tta6,contrast_down,contrast,Chinese Money Plant (Pilea peperomioides),1.0000,Pothos (Ivy arum),0.0000,1.0000,pilea-peperomioides,"pilea-peperomioides|epipremnum-aureum|schefflera",true,high-conf,false,115,
pilea-peperomioides__04,pilea-peperomioides,squash,clean,clean,Chinese Money Plant (Pilea peperomioides),1.0000,Monstera Deliciosa (Monstera deliciosa),0.0000,1.0000,pilea-peperomioides,"pilea-peperomioides|monstera-deliciosa|crassula-ovata",true,high-conf,false,19,
pilea-peperomioides__04,pilea-peperomioides,center_crop,clean,clean,Chinese Money Plant (Pilea peperomioides),1.0000,Monstera Deliciosa (Monstera deliciosa),0.0000,1.0000,pilea-peperomioides,"pilea-peperomioides|monstera-deliciosa|crassula-ovata",true,high-conf,false,23,
pilea-peperomioides__04,pilea-peperomioides,tta6,clean,clean,Chinese Money Plant (Pilea peperomioides),1.0000,Monstera Deliciosa (Monstera deliciosa),0.0000,1.0000,pilea-peperomioides,"pilea-peperomioides|monstera-deliciosa|schefflera",true,high-conf,false,125,
pilea-peperomioides__04,pilea-peperomioides,squash,blur,blur,Chinese Money Plant (Pilea peperomioides),1.0000,Dumb Cane (Dieffenbachia spp.),0.0000,1.0000,pilea-peperomioides,"pilea-peperomioides|dieffenbachia|schefflera",true,high-conf,false,19,
pilea-peperomioides__04,pilea-peperomioides,center_crop,blur,blur,Chinese Money Plant (Pilea peperomioides),1.0000,Dumb Cane (Dieffenbachia spp.),0.0000,1.0000,pilea-peperomioides,"pilea-peperomioides|dieffenbachia|schefflera",true,high-conf,false,22,
pilea-peperomioides__04,pilea-peperomioides,tta6,blur,blur,Chinese Money Plant (Pilea peperomioides),1.0000,Dumb Cane (Dieffenbachia spp.),0.0000,1.0000,pilea-peperomioides,"pilea-peperomioides|dieffenbachia|alocasia",true,high-conf,false,137,
pilea-peperomioides__04,pilea-peperomioides,squash,crop_center_zoom,crop,Chinese Money Plant (Pilea peperomioides),1.0000,English Ivy (Hedera helix),0.0000,1.0000,pilea-peperomioides,"pilea-peperomioides|hedera-helix|crassula-ovata",true,high-conf,false,38,
pilea-peperomioides__04,pilea-peperomioides,center_crop,crop_center_zoom,crop,Chinese Money Plant (Pilea peperomioides),1.0000,English Ivy (Hedera helix),0.0000,1.0000,pilea-peperomioides,"pilea-peperomioides|hedera-helix|crassula-ovata",true,high-conf,false,26,
pilea-peperomioides__04,pilea-peperomioides,tta6,crop_center_zoom,crop,Chinese Money Plant (Pilea peperomioides),1.0000,English Ivy (Hedera helix),0.0000,1.0000,pilea-peperomioides,"pilea-peperomioides|hedera-helix|asparagus-setaceus",true,high-conf,false,211,
pilea-peperomioides__04,pilea-peperomioides,squash,crop_offcenter_zoom,crop,Chinese Money Plant (Pilea peperomioides),1.0000,Anthurium (Anthurium andraeanum),0.0000,1.0000,pilea-peperomioides,"pilea-peperomioides|anthurium-andraeanum|monstera-deliciosa",true,high-conf,false,29,
pilea-peperomioides__04,pilea-peperomioides,center_crop,crop_offcenter_zoom,crop,Chinese Money Plant (Pilea peperomioides),1.0000,Anthurium (Anthurium andraeanum),0.0000,1.0000,pilea-peperomioides,"pilea-peperomioides|anthurium-andraeanum|monstera-deliciosa",true,high-conf,false,24,
pilea-peperomioides__04,pilea-peperomioides,tta6,crop_offcenter_zoom,crop,Chinese Money Plant (Pilea peperomioides),1.0000,English Ivy (Hedera helix),0.0000,1.0000,pilea-peperomioides,"pilea-peperomioides|hedera-helix|beaucarnea-recurvata",true,high-conf,false,155,
pilea-peperomioides__04,pilea-peperomioides,squash,rotate_+15,rotate,Chinese Money Plant (Pilea peperomioides),1.0000,Anthurium (Anthurium andraeanum),0.0000,1.0000,pilea-peperomioides,"pilea-peperomioides|anthurium-andraeanum|maranta-leuconeura",true,high-conf,false,31,
pilea-peperomioides__04,pilea-peperomioides,center_crop,rotate_+15,rotate,Chinese Money Plant (Pilea peperomioides),1.0000,Anthurium (Anthurium andraeanum),0.0000,1.0000,pilea-peperomioides,"pilea-peperomioides|anthurium-andraeanum|maranta-leuconeura",true,high-conf,false,26,
pilea-peperomioides__04,pilea-peperomioides,tta6,rotate_+15,rotate,Chinese Money Plant (Pilea peperomioides),1.0000,Anthurium (Anthurium andraeanum),0.0000,1.0000,pilea-peperomioides,"pilea-peperomioides|anthurium-andraeanum|hedera-helix",true,high-conf,false,113,
pilea-peperomioides__04,pilea-peperomioides,squash,rotate_-15,rotate,Chinese Money Plant (Pilea peperomioides),1.0000,Monstera Deliciosa (Monstera deliciosa),0.0000,1.0000,pilea-peperomioides,"pilea-peperomioides|monstera-deliciosa|crassula-ovata",true,high-conf,false,18,
pilea-peperomioides__04,pilea-peperomioides,center_crop,rotate_-15,rotate,Chinese Money Plant (Pilea peperomioides),1.0000,Monstera Deliciosa (Monstera deliciosa),0.0000,1.0000,pilea-peperomioides,"pilea-peperomioides|monstera-deliciosa|crassula-ovata",true,high-conf,false,20,
pilea-peperomioides__04,pilea-peperomioides,tta6,rotate_-15,rotate,Chinese Money Plant (Pilea peperomioides),1.0000,Monstera Deliciosa (Monstera deliciosa),0.0000,1.0000,pilea-peperomioides,"pilea-peperomioides|monstera-deliciosa|anthurium-andraeanum",true,high-conf,false,113,
pilea-peperomioides__04,pilea-peperomioides,squash,rotate_+90,rotate,Chinese Money Plant (Pilea peperomioides),1.0000,Monstera Deliciosa (Monstera deliciosa),0.0000,1.0000,pilea-peperomioides,"pilea-peperomioides|monstera-deliciosa|epipremnum-aureum",true,high-conf,false,23,
pilea-peperomioides__04,pilea-peperomioides,center_crop,rotate_+90,rotate,Chinese Money Plant (Pilea peperomioides),1.0000,Monstera Deliciosa (Monstera deliciosa),0.0000,1.0000,pilea-peperomioides,"pilea-peperomioides|monstera-deliciosa|epipremnum-aureum",true,high-conf,false,26,
pilea-peperomioides__04,pilea-peperomioides,tta6,rotate_+90,rotate,Chinese Money Plant (Pilea peperomioides),1.0000,Monstera Deliciosa (Monstera deliciosa),0.0000,1.0000,pilea-peperomioides,"pilea-peperomioides|monstera-deliciosa|schefflera",true,high-conf,false,156,
pilea-peperomioides__04,pilea-peperomioides,squash,rotate_-90,rotate,Chinese Money Plant (Pilea peperomioides),1.0000,Monstera Deliciosa (Monstera deliciosa),0.0000,1.0000,pilea-peperomioides,"pilea-peperomioides|monstera-deliciosa|epipremnum-aureum",true,high-conf,false,35,
pilea-peperomioides__04,pilea-peperomioides,center_crop,rotate_-90,rotate,Chinese Money Plant (Pilea peperomioides),1.0000,Monstera Deliciosa (Monstera deliciosa),0.0000,1.0000,pilea-peperomioides,"pilea-peperomioides|monstera-deliciosa|epipremnum-aureum",true,high-conf,false,20,
pilea-peperomioides__04,pilea-peperomioides,tta6,rotate_-90,rotate,Chinese Money Plant (Pilea peperomioides),0.9987,Monstera Deliciosa (Monstera deliciosa),0.0013,0.9974,pilea-peperomioides,"pilea-peperomioides|monstera-deliciosa|epipremnum-aureum",true,high-conf,false,111,
pilea-peperomioides__04,pilea-peperomioides,squash,bright_up,brightness,Chinese Money Plant (Pilea peperomioides),1.0000,Monstera Deliciosa (Monstera deliciosa),0.0000,1.0000,pilea-peperomioides,"pilea-peperomioides|monstera-deliciosa|anthurium-andraeanum",true,high-conf,false,16,
pilea-peperomioides__04,pilea-peperomioides,center_crop,bright_up,brightness,Chinese Money Plant (Pilea peperomioides),1.0000,Monstera Deliciosa (Monstera deliciosa),0.0000,1.0000,pilea-peperomioides,"pilea-peperomioides|monstera-deliciosa|anthurium-andraeanum",true,high-conf,false,15,
pilea-peperomioides__04,pilea-peperomioides,tta6,bright_up,brightness,Chinese Money Plant (Pilea peperomioides),1.0000,Anthurium (Anthurium andraeanum),0.0000,1.0000,pilea-peperomioides,"pilea-peperomioides|anthurium-andraeanum|schefflera",true,high-conf,false,103,
pilea-peperomioides__04,pilea-peperomioides,squash,bright_down,brightness,Chinese Money Plant (Pilea peperomioides),1.0000,Monstera Deliciosa (Monstera deliciosa),0.0000,1.0000,pilea-peperomioides,"pilea-peperomioides|monstera-deliciosa|maranta-leuconeura",true,high-conf,false,15,
pilea-peperomioides__04,pilea-peperomioides,center_crop,bright_down,brightness,Chinese Money Plant (Pilea peperomioides),1.0000,Monstera Deliciosa (Monstera deliciosa),0.0000,1.0000,pilea-peperomioides,"pilea-peperomioides|monstera-deliciosa|maranta-leuconeura",true,high-conf,false,16,
pilea-peperomioides__04,pilea-peperomioides,tta6,bright_down,brightness,Chinese Money Plant (Pilea peperomioides),1.0000,Monstera Deliciosa (Monstera deliciosa),0.0000,1.0000,pilea-peperomioides,"pilea-peperomioides|monstera-deliciosa|anthurium-andraeanum",true,high-conf,false,110,
pilea-peperomioides__04,pilea-peperomioides,squash,contrast_up,contrast,Chinese Money Plant (Pilea peperomioides),1.0000,Monstera Deliciosa (Monstera deliciosa),0.0000,1.0000,pilea-peperomioides,"pilea-peperomioides|monstera-deliciosa|maranta-leuconeura",true,high-conf,false,16,
pilea-peperomioides__04,pilea-peperomioides,center_crop,contrast_up,contrast,Chinese Money Plant (Pilea peperomioides),1.0000,Monstera Deliciosa (Monstera deliciosa),0.0000,1.0000,pilea-peperomioides,"pilea-peperomioides|monstera-deliciosa|maranta-leuconeura",true,high-conf,false,15,
pilea-peperomioides__04,pilea-peperomioides,tta6,contrast_up,contrast,Chinese Money Plant (Pilea peperomioides),1.0000,Monstera Deliciosa (Monstera deliciosa),0.0000,1.0000,pilea-peperomioides,"pilea-peperomioides|monstera-deliciosa|anthurium-andraeanum",true,high-conf,false,104,
pilea-peperomioides__04,pilea-peperomioides,squash,contrast_down,contrast,Chinese Money Plant (Pilea peperomioides),1.0000,Jade plant (Crassula ovata),0.0000,1.0000,pilea-peperomioides,"pilea-peperomioides|crassula-ovata|monstera-deliciosa",true,high-conf,false,15,
pilea-peperomioides__04,pilea-peperomioides,center_crop,contrast_down,contrast,Chinese Money Plant (Pilea peperomioides),1.0000,Jade plant (Crassula ovata),0.0000,1.0000,pilea-peperomioides,"pilea-peperomioides|crassula-ovata|monstera-deliciosa",true,high-conf,false,16,
pilea-peperomioides__04,pilea-peperomioides,tta6,contrast_down,contrast,Chinese Money Plant (Pilea peperomioides),1.0000,Jade plant (Crassula ovata),0.0000,1.0000,pilea-peperomioides,"pilea-peperomioides|crassula-ovata|monstera-deliciosa",true,high-conf,false,106,
pilea-peperomioides__05,pilea-peperomioides,squash,clean,clean,Chinese Money Plant (Pilea peperomioides),1.0000,Monstera Deliciosa (Monstera deliciosa),0.0000,1.0000,pilea-peperomioides,"pilea-peperomioides|monstera-deliciosa|ficus-elastica",true,high-conf,false,19,
pilea-peperomioides__05,pilea-peperomioides,center_crop,clean,clean,Chinese Money Plant (Pilea peperomioides),1.0000,Monstera Deliciosa (Monstera deliciosa),0.0000,1.0000,pilea-peperomioides,"pilea-peperomioides|monstera-deliciosa|ficus-elastica",true,high-conf,false,25,
pilea-peperomioides__05,pilea-peperomioides,tta6,clean,clean,Chinese Money Plant (Pilea peperomioides),0.9979,Monstera Deliciosa (Monstera deliciosa),0.0017,0.9961,pilea-peperomioides,"pilea-peperomioides|monstera-deliciosa|dionaea-muscipula",true,high-conf,false,121,
pilea-peperomioides__05,pilea-peperomioides,squash,blur,blur,Chinese Money Plant (Pilea peperomioides),1.0000,Monstera Deliciosa (Monstera deliciosa),0.0000,1.0000,pilea-peperomioides,"pilea-peperomioides|monstera-deliciosa|schefflera",true,high-conf,false,20,
pilea-peperomioides__05,pilea-peperomioides,center_crop,blur,blur,Chinese Money Plant (Pilea peperomioides),1.0000,Monstera Deliciosa (Monstera deliciosa),0.0000,1.0000,pilea-peperomioides,"pilea-peperomioides|monstera-deliciosa|schefflera",true,high-conf,false,22,
pilea-peperomioides__05,pilea-peperomioides,tta6,blur,blur,Chinese Money Plant (Pilea peperomioides),1.0000,Monstera Deliciosa (Monstera deliciosa),0.0000,1.0000,pilea-peperomioides,"pilea-peperomioides|monstera-deliciosa|hedera-helix",true,high-conf,false,163,
pilea-peperomioides__05,pilea-peperomioides,squash,crop_center_zoom,crop,Chinese Money Plant (Pilea peperomioides),1.0000,Monstera Deliciosa (Monstera deliciosa),0.0000,1.0000,pilea-peperomioides,"pilea-peperomioides|monstera-deliciosa|dionaea-muscipula",true,high-conf,false,28,
pilea-peperomioides__05,pilea-peperomioides,center_crop,crop_center_zoom,crop,Chinese Money Plant (Pilea peperomioides),1.0000,Monstera Deliciosa (Monstera deliciosa),0.0000,1.0000,pilea-peperomioides,"pilea-peperomioides|monstera-deliciosa|dionaea-muscipula",true,high-conf,false,22,
pilea-peperomioides__05,pilea-peperomioides,tta6,crop_center_zoom,crop,Chinese Money Plant (Pilea peperomioides),0.9998,Schefflera,0.0001,0.9996,pilea-peperomioides,"pilea-peperomioides|schefflera|ficus-elastica",true,high-conf,false,127,
pilea-peperomioides__05,pilea-peperomioides,squash,crop_offcenter_zoom,crop,Chinese Money Plant (Pilea peperomioides),1.0000,Monstera Deliciosa (Monstera deliciosa),0.0000,1.0000,pilea-peperomioides,"pilea-peperomioides|monstera-deliciosa|ficus-elastica",true,high-conf,false,17,
pilea-peperomioides__05,pilea-peperomioides,center_crop,crop_offcenter_zoom,crop,Chinese Money Plant (Pilea peperomioides),1.0000,Monstera Deliciosa (Monstera deliciosa),0.0000,1.0000,pilea-peperomioides,"pilea-peperomioides|monstera-deliciosa|ficus-elastica",true,high-conf,false,20,
pilea-peperomioides__05,pilea-peperomioides,tta6,crop_offcenter_zoom,crop,Chinese Money Plant (Pilea peperomioides),0.9992,Schefflera,0.0008,0.9984,pilea-peperomioides,"pilea-peperomioides|schefflera|ficus-elastica",true,high-conf,false,120,
pilea-peperomioides__05,pilea-peperomioides,squash,rotate_+15,rotate,Chinese Money Plant (Pilea peperomioides),1.0000,Rubber Plant (Ficus elastica),0.0000,0.9999,pilea-peperomioides,"pilea-peperomioides|ficus-elastica|epipremnum-aureum",true,high-conf,false,39,
pilea-peperomioides__05,pilea-peperomioides,center_crop,rotate_+15,rotate,Chinese Money Plant (Pilea peperomioides),1.0000,Rubber Plant (Ficus elastica),0.0000,0.9999,pilea-peperomioides,"pilea-peperomioides|ficus-elastica|epipremnum-aureum",true,high-conf,false,18,
pilea-peperomioides__05,pilea-peperomioides,tta6,rotate_+15,rotate,Chinese Money Plant (Pilea peperomioides),0.9993,Schefflera,0.0004,0.9989,pilea-peperomioides,"pilea-peperomioides|schefflera|monstera-deliciosa",true,high-conf,false,121,
pilea-peperomioides__05,pilea-peperomioides,squash,rotate_-15,rotate,Chinese Money Plant (Pilea peperomioides),1.0000,Monstera Deliciosa (Monstera deliciosa),0.0000,1.0000,pilea-peperomioides,"pilea-peperomioides|monstera-deliciosa|epipremnum-aureum",true,high-conf,false,15,
pilea-peperomioides__05,pilea-peperomioides,center_crop,rotate_-15,rotate,Chinese Money Plant (Pilea peperomioides),1.0000,Monstera Deliciosa (Monstera deliciosa),0.0000,1.0000,pilea-peperomioides,"pilea-peperomioides|monstera-deliciosa|epipremnum-aureum",true,high-conf,false,19,
pilea-peperomioides__05,pilea-peperomioides,tta6,rotate_-15,rotate,Chinese Money Plant (Pilea peperomioides),0.8311,Monstera Deliciosa (Monstera deliciosa),0.1687,0.6624,pilea-peperomioides,"pilea-peperomioides|monstera-deliciosa|schefflera",true,low-conf,false,105,
pilea-peperomioides__05,pilea-peperomioides,squash,rotate_+90,rotate,Chinese Money Plant (Pilea peperomioides),0.9996,Monstera Deliciosa (Monstera deliciosa),0.0004,0.9991,pilea-peperomioides,"pilea-peperomioides|monstera-deliciosa|schefflera",true,high-conf,false,17,
pilea-peperomioides__05,pilea-peperomioides,center_crop,rotate_+90,rotate,Chinese Money Plant (Pilea peperomioides),0.9996,Monstera Deliciosa (Monstera deliciosa),0.0004,0.9991,pilea-peperomioides,"pilea-peperomioides|monstera-deliciosa|schefflera",true,high-conf,false,20,
pilea-peperomioides__05,pilea-peperomioides,tta6,rotate_+90,rotate,Chinese Money Plant (Pilea peperomioides),0.8331,Rubber Plant (Ficus elastica),0.1094,0.7237,pilea-peperomioides,"pilea-peperomioides|ficus-elastica|monstera-deliciosa",true,low-conf,false,107,
pilea-peperomioides__05,pilea-peperomioides,squash,rotate_-90,rotate,Chinese Money Plant (Pilea peperomioides),1.0000,Monstera Deliciosa (Monstera deliciosa),0.0000,1.0000,pilea-peperomioides,"pilea-peperomioides|monstera-deliciosa|maranta-leuconeura",true,high-conf,false,20,
pilea-peperomioides__05,pilea-peperomioides,center_crop,rotate_-90,rotate,Chinese Money Plant (Pilea peperomioides),1.0000,Monstera Deliciosa (Monstera deliciosa),0.0000,1.0000,pilea-peperomioides,"pilea-peperomioides|monstera-deliciosa|maranta-leuconeura",true,high-conf,false,20,
pilea-peperomioides__05,pilea-peperomioides,tta6,rotate_-90,rotate,Chinese Money Plant (Pilea peperomioides),1.0000,Monstera Deliciosa (Monstera deliciosa),0.0000,1.0000,pilea-peperomioides,"pilea-peperomioides|monstera-deliciosa|schefflera",true,high-conf,false,128,
pilea-peperomioides__05,pilea-peperomioides,squash,bright_up,brightness,Chinese Money Plant (Pilea peperomioides),1.0000,Monstera Deliciosa (Monstera deliciosa),0.0000,1.0000,pilea-peperomioides,"pilea-peperomioides|monstera-deliciosa|schefflera",true,high-conf,false,26,
pilea-peperomioides__05,pilea-peperomioides,center_crop,bright_up,brightness,Chinese Money Plant (Pilea peperomioides),1.0000,Monstera Deliciosa (Monstera deliciosa),0.0000,1.0000,pilea-peperomioides,"pilea-peperomioides|monstera-deliciosa|schefflera",true,high-conf,false,26,
pilea-peperomioides__05,pilea-peperomioides,tta6,bright_up,brightness,Chinese Money Plant (Pilea peperomioides),0.9991,Venus Flytrap,0.0008,0.9983,pilea-peperomioides,"pilea-peperomioides|dionaea-muscipula|monstera-deliciosa",true,high-conf,false,169,
pilea-peperomioides__05,pilea-peperomioides,squash,bright_down,brightness,Chinese Money Plant (Pilea peperomioides),1.0000,Monstera Deliciosa (Monstera deliciosa),0.0000,1.0000,pilea-peperomioides,"pilea-peperomioides|monstera-deliciosa|ficus-elastica",true,high-conf,false,26,
pilea-peperomioides__05,pilea-peperomioides,center_crop,bright_down,brightness,Chinese Money Plant (Pilea peperomioides),1.0000,Monstera Deliciosa (Monstera deliciosa),0.0000,1.0000,pilea-peperomioides,"pilea-peperomioides|monstera-deliciosa|ficus-elastica",true,high-conf,false,25,
pilea-peperomioides__05,pilea-peperomioides,tta6,bright_down,brightness,Chinese Money Plant (Pilea peperomioides),1.0000,Monstera Deliciosa (Monstera deliciosa),0.0000,1.0000,pilea-peperomioides,"pilea-peperomioides|monstera-deliciosa|schefflera",true,high-conf,false,124,
pilea-peperomioides__05,pilea-peperomioides,squash,contrast_up,contrast,Chinese Money Plant (Pilea peperomioides),1.0000,Monstera Deliciosa (Monstera deliciosa),0.0000,1.0000,pilea-peperomioides,"pilea-peperomioides|monstera-deliciosa|ficus-elastica",true,high-conf,false,16,
pilea-peperomioides__05,pilea-peperomioides,center_crop,contrast_up,contrast,Chinese Money Plant (Pilea peperomioides),1.0000,Monstera Deliciosa (Monstera deliciosa),0.0000,1.0000,pilea-peperomioides,"pilea-peperomioides|monstera-deliciosa|ficus-elastica",true,high-conf,false,17,
pilea-peperomioides__05,pilea-peperomioides,tta6,contrast_up,contrast,Chinese Money Plant (Pilea peperomioides),1.0000,Monstera Deliciosa (Monstera deliciosa),0.0000,1.0000,pilea-peperomioides,"pilea-peperomioides|monstera-deliciosa|schefflera",true,high-conf,false,138,
pilea-peperomioides__05,pilea-peperomioides,squash,contrast_down,contrast,Chinese Money Plant (Pilea peperomioides),0.9998,Monstera Deliciosa (Monstera deliciosa),0.0002,0.9996,pilea-peperomioides,"pilea-peperomioides|monstera-deliciosa|ficus-elastica",true,high-conf,false,17,
pilea-peperomioides__05,pilea-peperomioides,center_crop,contrast_down,contrast,Chinese Money Plant (Pilea peperomioides),0.9998,Monstera Deliciosa (Monstera deliciosa),0.0002,0.9996,pilea-peperomioides,"pilea-peperomioides|monstera-deliciosa|ficus-elastica",true,high-conf,false,15,
pilea-peperomioides__05,pilea-peperomioides,tta6,contrast_down,contrast,Chinese Money Plant (Pilea peperomioides),0.8158,Venus Flytrap,0.1441,0.6718,pilea-peperomioides,"pilea-peperomioides|dionaea-muscipula|monstera-deliciosa",true,low-conf,false,97,
pilea-peperomioides__06,pilea-peperomioides,squash,clean,clean,Chinese Money Plant (Pilea peperomioides),1.0000,ZZ Plant (Zamioculcas zamiifolia),0.0000,1.0000,pilea-peperomioides,"pilea-peperomioides|zamioculcas-zamiifolia|crassula-ovata",true,high-conf,false,15,
pilea-peperomioides__06,pilea-peperomioides,center_crop,clean,clean,Chinese Money Plant (Pilea peperomioides),1.0000,ZZ Plant (Zamioculcas zamiifolia),0.0000,1.0000,pilea-peperomioides,"pilea-peperomioides|zamioculcas-zamiifolia|crassula-ovata",true,high-conf,false,18,
pilea-peperomioides__06,pilea-peperomioides,tta6,clean,clean,Chinese Money Plant (Pilea peperomioides),1.0000,ZZ Plant (Zamioculcas zamiifolia),0.0000,0.9999,pilea-peperomioides,"pilea-peperomioides|zamioculcas-zamiifolia|alocasia",true,high-conf,false,97,
pilea-peperomioides__06,pilea-peperomioides,squash,blur,blur,Chinese Money Plant (Pilea peperomioides),0.9992,English Ivy (Hedera helix),0.0007,0.9985,pilea-peperomioides,"pilea-peperomioides|hedera-helix|dieffenbachia",true,high-conf,false,15,
pilea-peperomioides__06,pilea-peperomioides,center_crop,blur,blur,Chinese Money Plant (Pilea peperomioides),0.9992,English Ivy (Hedera helix),0.0007,0.9985,pilea-peperomioides,"pilea-peperomioides|hedera-helix|dieffenbachia",true,high-conf,false,20,
pilea-peperomioides__06,pilea-peperomioides,tta6,blur,blur,Chinese Money Plant (Pilea peperomioides),0.9997,English Ivy (Hedera helix),0.0003,0.9994,pilea-peperomioides,"pilea-peperomioides|hedera-helix|dieffenbachia",true,high-conf,false,119,
pilea-peperomioides__06,pilea-peperomioides,squash,crop_center_zoom,crop,Chinese Money Plant (Pilea peperomioides),1.0000,Pothos (Ivy arum),0.0000,1.0000,pilea-peperomioides,"pilea-peperomioides|epipremnum-aureum|zamioculcas-zamiifolia",true,high-conf,false,20,
pilea-peperomioides__06,pilea-peperomioides,center_crop,crop_center_zoom,crop,Chinese Money Plant (Pilea peperomioides),1.0000,Pothos (Ivy arum),0.0000,1.0000,pilea-peperomioides,"pilea-peperomioides|epipremnum-aureum|zamioculcas-zamiifolia",true,high-conf,false,19,
pilea-peperomioides__06,pilea-peperomioides,tta6,crop_center_zoom,crop,Chinese Money Plant (Pilea peperomioides),0.8696,ZZ Plant (Zamioculcas zamiifolia),0.0533,0.8163,pilea-peperomioides,"pilea-peperomioides|zamioculcas-zamiifolia|ficus-elastica",true,low-conf,false,130,
pilea-peperomioides__06,pilea-peperomioides,squash,crop_offcenter_zoom,crop,Chinese Money Plant (Pilea peperomioides),1.0000,ZZ Plant (Zamioculcas zamiifolia),0.0000,1.0000,pilea-peperomioides,"pilea-peperomioides|zamioculcas-zamiifolia|epipremnum-aureum",true,high-conf,false,29,
pilea-peperomioides__06,pilea-peperomioides,center_crop,crop_offcenter_zoom,crop,Chinese Money Plant (Pilea peperomioides),1.0000,ZZ Plant (Zamioculcas zamiifolia),0.0000,1.0000,pilea-peperomioides,"pilea-peperomioides|zamioculcas-zamiifolia|epipremnum-aureum",true,high-conf,false,26,
pilea-peperomioides__06,pilea-peperomioides,tta6,crop_offcenter_zoom,crop,Chinese Money Plant (Pilea peperomioides),1.0000,ZZ Plant (Zamioculcas zamiifolia),0.0000,1.0000,pilea-peperomioides,"pilea-peperomioides|zamioculcas-zamiifolia|ficus-elastica",true,high-conf,false,124,
pilea-peperomioides__06,pilea-peperomioides,squash,rotate_+15,rotate,Chinese Money Plant (Pilea peperomioides),1.0000,Monstera Deliciosa (Monstera deliciosa),0.0000,1.0000,pilea-peperomioides,"pilea-peperomioides|monstera-deliciosa|hedera-helix",true,high-conf,false,20,
pilea-peperomioides__06,pilea-peperomioides,center_crop,rotate_+15,rotate,Chinese Money Plant (Pilea peperomioides),1.0000,Monstera Deliciosa (Monstera deliciosa),0.0000,1.0000,pilea-peperomioides,"pilea-peperomioides|monstera-deliciosa|hedera-helix",true,high-conf,false,15,
pilea-peperomioides__06,pilea-peperomioides,tta6,rotate_+15,rotate,Chinese Money Plant (Pilea peperomioides),1.0000,Pothos (Ivy arum),0.0000,1.0000,pilea-peperomioides,"pilea-peperomioides|epipremnum-aureum|hedera-helix",true,high-conf,false,106,
pilea-peperomioides__06,pilea-peperomioides,squash,rotate_-15,rotate,Chinese Money Plant (Pilea peperomioides),1.0000,ZZ Plant (Zamioculcas zamiifolia),0.0000,1.0000,pilea-peperomioides,"pilea-peperomioides|zamioculcas-zamiifolia|monstera-deliciosa",true,high-conf,false,15,
pilea-peperomioides__06,pilea-peperomioides,center_crop,rotate_-15,rotate,Chinese Money Plant (Pilea peperomioides),1.0000,ZZ Plant (Zamioculcas zamiifolia),0.0000,1.0000,pilea-peperomioides,"pilea-peperomioides|zamioculcas-zamiifolia|monstera-deliciosa",true,high-conf,false,16,
pilea-peperomioides__06,pilea-peperomioides,tta6,rotate_-15,rotate,Chinese Money Plant (Pilea peperomioides),1.0000,ZZ Plant (Zamioculcas zamiifolia),0.0000,1.0000,pilea-peperomioides,"pilea-peperomioides|zamioculcas-zamiifolia|monstera-deliciosa",true,high-conf,false,110,
pilea-peperomioides__06,pilea-peperomioides,squash,rotate_+90,rotate,Chinese Money Plant (Pilea peperomioides),1.0000,Monstera Deliciosa (Monstera deliciosa),0.0000,1.0000,pilea-peperomioides,"pilea-peperomioides|monstera-deliciosa|epipremnum-aureum",true,high-conf,false,22,
pilea-peperomioides__06,pilea-peperomioides,center_crop,rotate_+90,rotate,Chinese Money Plant (Pilea peperomioides),1.0000,Monstera Deliciosa (Monstera deliciosa),0.0000,1.0000,pilea-peperomioides,"pilea-peperomioides|monstera-deliciosa|epipremnum-aureum",true,high-conf,false,21,
pilea-peperomioides__06,pilea-peperomioides,tta6,rotate_+90,rotate,Chinese Money Plant (Pilea peperomioides),1.0000,Monstera Deliciosa (Monstera deliciosa),0.0000,1.0000,pilea-peperomioides,"pilea-peperomioides|monstera-deliciosa|zamioculcas-zamiifolia",true,high-conf,false,109,
pilea-peperomioides__06,pilea-peperomioides,squash,rotate_-90,rotate,Chinese Money Plant (Pilea peperomioides),1.0000,Monstera Deliciosa (Monstera deliciosa),0.0000,1.0000,pilea-peperomioides,"pilea-peperomioides|monstera-deliciosa|zamioculcas-zamiifolia",true,high-conf,false,16,
pilea-peperomioides__06,pilea-peperomioides,center_crop,rotate_-90,rotate,Chinese Money Plant (Pilea peperomioides),1.0000,Monstera Deliciosa (Monstera deliciosa),0.0000,1.0000,pilea-peperomioides,"pilea-peperomioides|monstera-deliciosa|zamioculcas-zamiifolia",true,high-conf,false,16,
pilea-peperomioides__06,pilea-peperomioides,tta6,rotate_-90,rotate,Chinese Money Plant (Pilea peperomioides),1.0000,Monstera Deliciosa (Monstera deliciosa),0.0000,1.0000,pilea-peperomioides,"pilea-peperomioides|monstera-deliciosa|epipremnum-aureum",true,high-conf,false,99,
pilea-peperomioides__06,pilea-peperomioides,squash,bright_up,brightness,Chinese Money Plant (Pilea peperomioides),1.0000,ZZ Plant (Zamioculcas zamiifolia),0.0000,1.0000,pilea-peperomioides,"pilea-peperomioides|zamioculcas-zamiifolia|crassula-ovata",true,high-conf,false,15,
pilea-peperomioides__06,pilea-peperomioides,center_crop,bright_up,brightness,Chinese Money Plant (Pilea peperomioides),1.0000,ZZ Plant (Zamioculcas zamiifolia),0.0000,1.0000,pilea-peperomioides,"pilea-peperomioides|zamioculcas-zamiifolia|crassula-ovata",true,high-conf,false,19,
pilea-peperomioides__06,pilea-peperomioides,tta6,bright_up,brightness,Chinese Money Plant (Pilea peperomioides),1.0000,ZZ Plant (Zamioculcas zamiifolia),0.0000,1.0000,pilea-peperomioides,"pilea-peperomioides|zamioculcas-zamiifolia|alocasia",true,high-conf,false,107,
pilea-peperomioides__06,pilea-peperomioides,squash,bright_down,brightness,Chinese Money Plant (Pilea peperomioides),1.0000,Jade plant (Crassula ovata),0.0000,1.0000,pilea-peperomioides,"pilea-peperomioides|crassula-ovata|zamioculcas-zamiifolia",true,high-conf,false,18,
pilea-peperomioides__06,pilea-peperomioides,center_crop,bright_down,brightness,Chinese Money Plant (Pilea peperomioides),1.0000,Jade plant (Crassula ovata),0.0000,1.0000,pilea-peperomioides,"pilea-peperomioides|crassula-ovata|zamioculcas-zamiifolia",true,high-conf,false,20,
pilea-peperomioides__06,pilea-peperomioides,tta6,bright_down,brightness,Chinese Money Plant (Pilea peperomioides),1.0000,Elephant Ear (Alocasia spp.),0.0000,1.0000,pilea-peperomioides,"pilea-peperomioides|alocasia|epipremnum-aureum",true,high-conf,false,132,
pilea-peperomioides__06,pilea-peperomioides,squash,contrast_up,contrast,Chinese Money Plant (Pilea peperomioides),1.0000,ZZ Plant (Zamioculcas zamiifolia),0.0000,1.0000,pilea-peperomioides,"pilea-peperomioides|zamioculcas-zamiifolia|monstera-deliciosa",true,high-conf,false,20,
pilea-peperomioides__06,pilea-peperomioides,center_crop,contrast_up,contrast,Chinese Money Plant (Pilea peperomioides),1.0000,ZZ Plant (Zamioculcas zamiifolia),0.0000,1.0000,pilea-peperomioides,"pilea-peperomioides|zamioculcas-zamiifolia|monstera-deliciosa",true,high-conf,false,19,
pilea-peperomioides__06,pilea-peperomioides,tta6,contrast_up,contrast,Chinese Money Plant (Pilea peperomioides),1.0000,Elephant Ear (Alocasia spp.),0.0000,1.0000,pilea-peperomioides,"pilea-peperomioides|alocasia|zamioculcas-zamiifolia",true,high-conf,false,129,
pilea-peperomioides__06,pilea-peperomioides,squash,contrast_down,contrast,Chinese Money Plant (Pilea peperomioides),1.0000,ZZ Plant (Zamioculcas zamiifolia),0.0000,0.9999,pilea-peperomioides,"pilea-peperomioides|zamioculcas-zamiifolia|crassula-ovata",true,high-conf,false,19,
pilea-peperomioides__06,pilea-peperomioides,center_crop,contrast_down,contrast,Chinese Money Plant (Pilea peperomioides),1.0000,ZZ Plant (Zamioculcas zamiifolia),0.0000,0.9999,pilea-peperomioides,"pilea-peperomioides|zamioculcas-zamiifolia|crassula-ovata",true,high-conf,false,18,
pilea-peperomioides__06,pilea-peperomioides,tta6,contrast_down,contrast,Chinese Money Plant (Pilea peperomioides),0.8849,Pothos (Ivy arum),0.0915,0.7933,pilea-peperomioides,"pilea-peperomioides|epipremnum-aureum|alocasia",true,low-conf,false,105,
saintpaulia-ionantha__01,saintpaulia-ionantha,squash,clean,clean,African Violet (Saintpaulia ionantha),1.0000,Orchid,0.0000,1.0000,saintpaulia-ionantha,"saintpaulia-ionantha|phalaenopsis|kalanchoe",true,high-conf,false,17,
saintpaulia-ionantha__01,saintpaulia-ionantha,center_crop,clean,clean,African Violet (Saintpaulia ionantha),1.0000,Orchid,0.0000,1.0000,saintpaulia-ionantha,"saintpaulia-ionantha|phalaenopsis|kalanchoe",true,high-conf,false,16,
saintpaulia-ionantha__01,saintpaulia-ionantha,tta6,clean,clean,African Violet (Saintpaulia ionantha),1.0000,Hyacinth (Hyacinthus orientalis),0.0000,1.0000,saintpaulia-ionantha,"saintpaulia-ionantha|kalanchoe|phalaenopsis",true,high-conf,false,104,
saintpaulia-ionantha__01,saintpaulia-ionantha,squash,blur,blur,African Violet (Saintpaulia ionantha),1.0000,Tradescantia,0.0000,1.0000,saintpaulia-ionantha,"saintpaulia-ionantha|tradescantia|begonia",true,high-conf,false,15,
saintpaulia-ionantha__01,saintpaulia-ionantha,center_crop,blur,blur,African Violet (Saintpaulia ionantha),1.0000,Tradescantia,0.0000,1.0000,saintpaulia-ionantha,"saintpaulia-ionantha|tradescantia|begonia",true,high-conf,false,17,
saintpaulia-ionantha__01,saintpaulia-ionantha,tta6,blur,blur,African Violet (Saintpaulia ionantha),1.0000,Kalanchoe,0.0000,1.0000,saintpaulia-ionantha,"saintpaulia-ionantha|kalanchoe|maranta-leuconeura",true,high-conf,false,95,
saintpaulia-ionantha__01,saintpaulia-ionantha,squash,crop_center_zoom,crop,African Violet (Saintpaulia ionantha),1.0000,Kalanchoe,0.0000,1.0000,saintpaulia-ionantha,"saintpaulia-ionantha|kalanchoe|begonia",true,high-conf,false,16,
saintpaulia-ionantha__01,saintpaulia-ionantha,center_crop,crop_center_zoom,crop,African Violet (Saintpaulia ionantha),1.0000,Kalanchoe,0.0000,1.0000,saintpaulia-ionantha,"saintpaulia-ionantha|kalanchoe|begonia",true,high-conf,false,23,
saintpaulia-ionantha__01,saintpaulia-ionantha,tta6,crop_center_zoom,crop,African Violet (Saintpaulia ionantha),1.0000,Hyacinth (Hyacinthus orientalis),0.0000,1.0000,saintpaulia-ionantha,"saintpaulia-ionantha|kalanchoe|maranta-leuconeura",true,high-conf,false,97,
saintpaulia-ionantha__01,saintpaulia-ionantha,squash,crop_offcenter_zoom,crop,African Violet (Saintpaulia ionantha),1.0000,Hyacinth (Hyacinthus orientalis),0.0000,1.0000,saintpaulia-ionantha,"saintpaulia-ionantha|phalaenopsis|tradescantia",true,high-conf,false,14,
saintpaulia-ionantha__01,saintpaulia-ionantha,center_crop,crop_offcenter_zoom,crop,African Violet (Saintpaulia ionantha),1.0000,Hyacinth (Hyacinthus orientalis),0.0000,1.0000,saintpaulia-ionantha,"saintpaulia-ionantha|phalaenopsis|tradescantia",true,high-conf,false,16,
saintpaulia-ionantha__01,saintpaulia-ionantha,tta6,crop_offcenter_zoom,crop,African Violet (Saintpaulia ionantha),0.9978,Hyacinth (Hyacinthus orientalis),0.0020,0.9958,saintpaulia-ionantha,"saintpaulia-ionantha|kalanchoe|tradescantia",true,high-conf,false,183,
saintpaulia-ionantha__01,saintpaulia-ionantha,squash,rotate_+15,rotate,African Violet (Saintpaulia ionantha),1.0000,Orchid,0.0000,1.0000,saintpaulia-ionantha,"saintpaulia-ionantha|phalaenopsis|hedera-helix",true,high-conf,false,18,
saintpaulia-ionantha__01,saintpaulia-ionantha,center_crop,rotate_+15,rotate,African Violet (Saintpaulia ionantha),1.0000,Orchid,0.0000,1.0000,saintpaulia-ionantha,"saintpaulia-ionantha|phalaenopsis|hedera-helix",true,high-conf,false,20,
saintpaulia-ionantha__01,saintpaulia-ionantha,tta6,rotate_+15,rotate,African Violet (Saintpaulia ionantha),1.0000,English Ivy (Hedera helix),0.0000,1.0000,saintpaulia-ionantha,"saintpaulia-ionantha|hedera-helix|phalaenopsis",true,high-conf,false,125,
saintpaulia-ionantha__01,saintpaulia-ionantha,squash,rotate_-15,rotate,African Violet (Saintpaulia ionantha),1.0000,Orchid,0.0000,1.0000,saintpaulia-ionantha,"saintpaulia-ionantha|phalaenopsis|kalanchoe",true,high-conf,false,23,
saintpaulia-ionantha__01,saintpaulia-ionantha,center_crop,rotate_-15,rotate,African Violet (Saintpaulia ionantha),1.0000,Orchid,0.0000,1.0000,saintpaulia-ionantha,"saintpaulia-ionantha|phalaenopsis|kalanchoe",true,high-conf,false,22,
saintpaulia-ionantha__01,saintpaulia-ionantha,tta6,rotate_-15,rotate,African Violet (Saintpaulia ionantha),1.0000,Orchid,0.0000,1.0000,saintpaulia-ionantha,"saintpaulia-ionantha|phalaenopsis|kalanchoe",true,high-conf,false,109,
saintpaulia-ionantha__01,saintpaulia-ionantha,squash,rotate_+90,rotate,African Violet (Saintpaulia ionantha),1.0000,Orchid,0.0000,1.0000,saintpaulia-ionantha,"saintpaulia-ionantha|phalaenopsis|kalanchoe",true,high-conf,false,21,
saintpaulia-ionantha__01,saintpaulia-ionantha,center_crop,rotate_+90,rotate,African Violet (Saintpaulia ionantha),1.0000,Orchid,0.0000,1.0000,saintpaulia-ionantha,"saintpaulia-ionantha|phalaenopsis|kalanchoe",true,high-conf,false,16,
saintpaulia-ionantha__01,saintpaulia-ionantha,tta6,rotate_+90,rotate,African Violet (Saintpaulia ionantha),1.0000,Orchid,0.0000,1.0000,saintpaulia-ionantha,"saintpaulia-ionantha|phalaenopsis|maranta-leuconeura",true,high-conf,false,103,
saintpaulia-ionantha__01,saintpaulia-ionantha,squash,rotate_-90,rotate,African Violet (Saintpaulia ionantha),1.0000,Orchid,0.0000,1.0000,saintpaulia-ionantha,"saintpaulia-ionantha|phalaenopsis|tradescantia",true,high-conf,false,17,
saintpaulia-ionantha__01,saintpaulia-ionantha,center_crop,rotate_-90,rotate,African Violet (Saintpaulia ionantha),1.0000,Orchid,0.0000,1.0000,saintpaulia-ionantha,"saintpaulia-ionantha|phalaenopsis|tradescantia",true,high-conf,false,18,
saintpaulia-ionantha__01,saintpaulia-ionantha,tta6,rotate_-90,rotate,African Violet (Saintpaulia ionantha),1.0000,Orchid,0.0000,1.0000,saintpaulia-ionantha,"saintpaulia-ionantha|phalaenopsis|maranta-leuconeura",true,high-conf,false,101,
saintpaulia-ionantha__01,saintpaulia-ionantha,squash,bright_up,brightness,African Violet (Saintpaulia ionantha),1.0000,Orchid,0.0000,1.0000,saintpaulia-ionantha,"saintpaulia-ionantha|phalaenopsis|kalanchoe",true,high-conf,false,16,
saintpaulia-ionantha__01,saintpaulia-ionantha,center_crop,bright_up,brightness,African Violet (Saintpaulia ionantha),1.0000,Orchid,0.0000,1.0000,saintpaulia-ionantha,"saintpaulia-ionantha|phalaenopsis|kalanchoe",true,high-conf,false,18,
saintpaulia-ionantha__01,saintpaulia-ionantha,tta6,bright_up,brightness,African Violet (Saintpaulia ionantha),1.0000,Orchid,0.0000,1.0000,saintpaulia-ionantha,"saintpaulia-ionantha|phalaenopsis|kalanchoe",true,high-conf,false,102,
saintpaulia-ionantha__01,saintpaulia-ionantha,squash,bright_down,brightness,African Violet (Saintpaulia ionantha),1.0000,Kalanchoe,0.0000,1.0000,saintpaulia-ionantha,"saintpaulia-ionantha|kalanchoe|phalaenopsis",true,high-conf,false,16,
saintpaulia-ionantha__01,saintpaulia-ionantha,center_crop,bright_down,brightness,African Violet (Saintpaulia ionantha),1.0000,Kalanchoe,0.0000,1.0000,saintpaulia-ionantha,"saintpaulia-ionantha|kalanchoe|phalaenopsis",true,high-conf,false,15,
saintpaulia-ionantha__01,saintpaulia-ionantha,tta6,bright_down,brightness,African Violet (Saintpaulia ionantha),1.0000,Kalanchoe,0.0000,1.0000,saintpaulia-ionantha,"saintpaulia-ionantha|kalanchoe|phalaenopsis",true,high-conf,false,106,
saintpaulia-ionantha__01,saintpaulia-ionantha,squash,contrast_up,contrast,African Violet (Saintpaulia ionantha),1.0000,Orchid,0.0000,1.0000,saintpaulia-ionantha,"saintpaulia-ionantha|phalaenopsis|kalanchoe",true,high-conf,false,15,
saintpaulia-ionantha__01,saintpaulia-ionantha,center_crop,contrast_up,contrast,African Violet (Saintpaulia ionantha),1.0000,Orchid,0.0000,1.0000,saintpaulia-ionantha,"saintpaulia-ionantha|phalaenopsis|kalanchoe",true,high-conf,false,17,
saintpaulia-ionantha__01,saintpaulia-ionantha,tta6,contrast_up,contrast,African Violet (Saintpaulia ionantha),1.0000,Kalanchoe,0.0000,1.0000,saintpaulia-ionantha,"saintpaulia-ionantha|kalanchoe|phalaenopsis",true,high-conf,false,112,
saintpaulia-ionantha__01,saintpaulia-ionantha,squash,contrast_down,contrast,African Violet (Saintpaulia ionantha),1.0000,Kalanchoe,0.0000,1.0000,saintpaulia-ionantha,"saintpaulia-ionantha|kalanchoe|begonia",true,high-conf,false,19,
saintpaulia-ionantha__01,saintpaulia-ionantha,center_crop,contrast_down,contrast,African Violet (Saintpaulia ionantha),1.0000,Kalanchoe,0.0000,1.0000,saintpaulia-ionantha,"saintpaulia-ionantha|kalanchoe|begonia",true,high-conf,false,19,
saintpaulia-ionantha__01,saintpaulia-ionantha,tta6,contrast_down,contrast,African Violet (Saintpaulia ionantha),1.0000,Hyacinth (Hyacinthus orientalis),0.0000,1.0000,saintpaulia-ionantha,"saintpaulia-ionantha|kalanchoe|hedera-helix",true,high-conf,false,130,
saintpaulia-ionantha__02,saintpaulia-ionantha,squash,clean,clean,African Violet (Saintpaulia ionantha),1.0000,Prayer Plant (Maranta leuconeura),0.0000,1.0000,saintpaulia-ionantha,"saintpaulia-ionantha|maranta-leuconeura|epipremnum-aureum",true,high-conf,false,24,
saintpaulia-ionantha__02,saintpaulia-ionantha,center_crop,clean,clean,African Violet (Saintpaulia ionantha),1.0000,Prayer Plant (Maranta leuconeura),0.0000,1.0000,saintpaulia-ionantha,"saintpaulia-ionantha|maranta-leuconeura|epipremnum-aureum",true,high-conf,false,21,
saintpaulia-ionantha__02,saintpaulia-ionantha,tta6,clean,clean,African Violet (Saintpaulia ionantha),0.9992,Prayer Plant (Maranta leuconeura),0.0006,0.9986,saintpaulia-ionantha,"saintpaulia-ionantha|maranta-leuconeura|epipremnum-aureum",true,high-conf,false,113,
saintpaulia-ionantha__02,saintpaulia-ionantha,squash,blur,blur,African Violet (Saintpaulia ionantha),0.9963,Prayer Plant (Maranta leuconeura),0.0035,0.9928,saintpaulia-ionantha,"saintpaulia-ionantha|maranta-leuconeura|dieffenbachia",true,high-conf,false,19,
saintpaulia-ionantha__02,saintpaulia-ionantha,center_crop,blur,blur,African Violet (Saintpaulia ionantha),0.9963,Prayer Plant (Maranta leuconeura),0.0035,0.9928,saintpaulia-ionantha,"saintpaulia-ionantha|maranta-leuconeura|dieffenbachia",true,high-conf,false,17,
saintpaulia-ionantha__02,saintpaulia-ionantha,tta6,blur,blur,African Violet (Saintpaulia ionantha),0.9888,Prayer Plant (Maranta leuconeura),0.0058,0.9830,saintpaulia-ionantha,"saintpaulia-ionantha|maranta-leuconeura|epipremnum-aureum",true,high-conf,false,98,
saintpaulia-ionantha__02,saintpaulia-ionantha,squash,crop_center_zoom,crop,African Violet (Saintpaulia ionantha),0.9983,Begonia (Begonia spp.),0.0017,0.9966,saintpaulia-ionantha,"saintpaulia-ionantha|begonia|ficus-elastica",true,high-conf,false,16,
saintpaulia-ionantha__02,saintpaulia-ionantha,center_crop,crop_center_zoom,crop,African Violet (Saintpaulia ionantha),0.9983,Begonia (Begonia spp.),0.0017,0.9966,saintpaulia-ionantha,"saintpaulia-ionantha|begonia|ficus-elastica",true,high-conf,false,30,
saintpaulia-ionantha__02,saintpaulia-ionantha,tta6,crop_center_zoom,crop,African Violet (Saintpaulia ionantha),0.9981,Begonia (Begonia spp.),0.0012,0.9969,saintpaulia-ionantha,"saintpaulia-ionantha|begonia|crassula-ovata",true,high-conf,false,235,
saintpaulia-ionantha__02,saintpaulia-ionantha,squash,crop_offcenter_zoom,crop,African Violet (Saintpaulia ionantha),1.0000,Begonia (Begonia spp.),0.0000,1.0000,saintpaulia-ionantha,"saintpaulia-ionantha|begonia|phalaenopsis",true,high-conf,false,36,
saintpaulia-ionantha__02,saintpaulia-ionantha,center_crop,crop_offcenter_zoom,crop,African Violet (Saintpaulia ionantha),1.0000,Begonia (Begonia spp.),0.0000,1.0000,saintpaulia-ionantha,"saintpaulia-ionantha|begonia|phalaenopsis",true,high-conf,false,21,
saintpaulia-ionantha__02,saintpaulia-ionantha,tta6,crop_offcenter_zoom,crop,African Violet (Saintpaulia ionantha),1.0000,Lilium (Hemerocallis),0.0000,1.0000,saintpaulia-ionantha,"saintpaulia-ionantha|begonia|phalaenopsis",true,high-conf,false,123,
saintpaulia-ionantha__02,saintpaulia-ionantha,squash,rotate_+15,rotate,African Violet (Saintpaulia ionantha),0.9981,Pothos (Ivy arum),0.0018,0.9962,saintpaulia-ionantha,"saintpaulia-ionantha|epipremnum-aureum|begonia",true,high-conf,false,26,
saintpaulia-ionantha__02,saintpaulia-ionantha,center_crop,rotate_+15,rotate,African Violet (Saintpaulia ionantha),0.9981,Pothos (Ivy arum),0.0018,0.9962,saintpaulia-ionantha,"saintpaulia-ionantha|epipremnum-aureum|begonia",true,high-conf,false,23,
saintpaulia-ionantha__02,saintpaulia-ionantha,tta6,rotate_+15,rotate,African Violet (Saintpaulia ionantha),0.8680,Pothos (Ivy arum),0.1277,0.7403,saintpaulia-ionantha,"saintpaulia-ionantha|epipremnum-aureum|begonia",true,high-conf,false,120,
saintpaulia-ionantha__02,saintpaulia-ionantha,squash,rotate_-15,rotate,African Violet (Saintpaulia ionantha),1.0000,Begonia (Begonia spp.),0.0000,1.0000,saintpaulia-ionantha,"saintpaulia-ionantha|begonia|epipremnum-aureum",true,high-conf,false,19,
saintpaulia-ionantha__02,saintpaulia-ionantha,center_crop,rotate_-15,rotate,African Violet (Saintpaulia ionantha),1.0000,Begonia (Begonia spp.),0.0000,1.0000,saintpaulia-ionantha,"saintpaulia-ionantha|begonia|epipremnum-aureum",true,high-conf,false,21,
saintpaulia-ionantha__02,saintpaulia-ionantha,tta6,rotate_-15,rotate,African Violet (Saintpaulia ionantha),1.0000,Pothos (Ivy arum),0.0000,1.0000,saintpaulia-ionantha,"saintpaulia-ionantha|epipremnum-aureum|begonia",true,high-conf,false,134,
saintpaulia-ionantha__02,saintpaulia-ionantha,squash,rotate_+90,rotate,African Violet (Saintpaulia ionantha),0.9828,Orchid,0.0172,0.9655,saintpaulia-ionantha,"saintpaulia-ionantha|phalaenopsis|tradescantia",true,high-conf,false,20,
saintpaulia-ionantha__02,saintpaulia-ionantha,center_crop,rotate_+90,rotate,African Violet (Saintpaulia ionantha),0.9828,Orchid,0.0172,0.9655,saintpaulia-ionantha,"saintpaulia-ionantha|phalaenopsis|tradescantia",true,high-conf,false,23,
saintpaulia-ionantha__02,saintpaulia-ionantha,tta6,rotate_+90,rotate,African Violet (Saintpaulia ionantha),0.9929,Orchid,0.0069,0.9860,saintpaulia-ionantha,"saintpaulia-ionantha|phalaenopsis|ficus-elastica",true,high-conf,false,148,
saintpaulia-ionantha__02,saintpaulia-ionantha,squash,rotate_-90,rotate,African Violet (Saintpaulia ionantha),1.0000,Orchid,0.0000,1.0000,saintpaulia-ionantha,"saintpaulia-ionantha|phalaenopsis|kalanchoe",true,high-conf,false,17,
saintpaulia-ionantha__02,saintpaulia-ionantha,center_crop,rotate_-90,rotate,African Violet (Saintpaulia ionantha),1.0000,Orchid,0.0000,1.0000,saintpaulia-ionantha,"saintpaulia-ionantha|phalaenopsis|kalanchoe",true,high-conf,false,24,
saintpaulia-ionantha__02,saintpaulia-ionantha,tta6,rotate_-90,rotate,African Violet (Saintpaulia ionantha),0.9207,Tradescantia,0.0766,0.8441,saintpaulia-ionantha,"saintpaulia-ionantha|tradescantia|goeppertia-orbifolia",true,high-conf,false,121,
saintpaulia-ionantha__02,saintpaulia-ionantha,squash,bright_up,brightness,African Violet (Saintpaulia ionantha),1.0000,Pothos (Ivy arum),0.0000,1.0000,saintpaulia-ionantha,"saintpaulia-ionantha|epipremnum-aureum|maranta-leuconeura",true,high-conf,false,18,
saintpaulia-ionantha__02,saintpaulia-ionantha,center_crop,bright_up,brightness,African Violet (Saintpaulia ionantha),1.0000,Pothos (Ivy arum),0.0000,1.0000,saintpaulia-ionantha,"saintpaulia-ionantha|epipremnum-aureum|maranta-leuconeura",true,high-conf,false,19,
saintpaulia-ionantha__02,saintpaulia-ionantha,tta6,bright_up,brightness,African Violet (Saintpaulia ionantha),0.9994,Pothos (Ivy arum),0.0005,0.9989,saintpaulia-ionantha,"saintpaulia-ionantha|epipremnum-aureum|maranta-leuconeura",true,high-conf,false,106,
saintpaulia-ionantha__02,saintpaulia-ionantha,squash,bright_down,brightness,African Violet (Saintpaulia ionantha),1.0000,Prayer Plant (Maranta leuconeura),0.0000,1.0000,saintpaulia-ionantha,"saintpaulia-ionantha|maranta-leuconeura|kalanchoe",true,high-conf,false,20,
saintpaulia-ionantha__02,saintpaulia-ionantha,center_crop,bright_down,brightness,African Violet (Saintpaulia ionantha),1.0000,Prayer Plant (Maranta leuconeura),0.0000,1.0000,saintpaulia-ionantha,"saintpaulia-ionantha|maranta-leuconeura|kalanchoe",true,high-conf,false,15,
saintpaulia-ionantha__02,saintpaulia-ionantha,tta6,bright_down,brightness,African Violet (Saintpaulia ionantha),0.9998,Jade plant (Crassula ovata),0.0001,0.9997,saintpaulia-ionantha,"saintpaulia-ionantha|crassula-ovata|begonia",true,high-conf,false,101,
saintpaulia-ionantha__02,saintpaulia-ionantha,squash,contrast_up,contrast,African Violet (Saintpaulia ionantha),1.0000,Prayer Plant (Maranta leuconeura),0.0000,1.0000,saintpaulia-ionantha,"saintpaulia-ionantha|maranta-leuconeura|phalaenopsis",true,high-conf,false,24,
saintpaulia-ionantha__02,saintpaulia-ionantha,center_crop,contrast_up,contrast,African Violet (Saintpaulia ionantha),1.0000,Prayer Plant (Maranta leuconeura),0.0000,1.0000,saintpaulia-ionantha,"saintpaulia-ionantha|maranta-leuconeura|phalaenopsis",true,high-conf,false,16,
saintpaulia-ionantha__02,saintpaulia-ionantha,tta6,contrast_up,contrast,African Violet (Saintpaulia ionantha),1.0000,Prayer Plant (Maranta leuconeura),0.0000,1.0000,saintpaulia-ionantha,"saintpaulia-ionantha|maranta-leuconeura|crassula-ovata",true,high-conf,false,100,
saintpaulia-ionantha__02,saintpaulia-ionantha,squash,contrast_down,contrast,African Violet (Saintpaulia ionantha),0.9999,Monstera Deliciosa (Monstera deliciosa),0.0000,0.9999,saintpaulia-ionantha,"saintpaulia-ionantha|monstera-deliciosa|epipremnum-aureum",true,high-conf,false,17,
saintpaulia-ionantha__02,saintpaulia-ionantha,center_crop,contrast_down,contrast,African Violet (Saintpaulia ionantha),0.9999,Monstera Deliciosa (Monstera deliciosa),0.0000,0.9999,saintpaulia-ionantha,"saintpaulia-ionantha|monstera-deliciosa|epipremnum-aureum",true,high-conf,false,15,
saintpaulia-ionantha__02,saintpaulia-ionantha,tta6,contrast_down,contrast,African Violet (Saintpaulia ionantha),0.9445,Pothos (Ivy arum),0.0514,0.8931,saintpaulia-ionantha,"saintpaulia-ionantha|epipremnum-aureum|monstera-deliciosa",true,high-conf,false,163,
schefflera__01,schefflera,squash,clean,clean,Schefflera,0.9675,ZZ Plant (Zamioculcas zamiifolia),0.0274,0.9402,schefflera,"schefflera|zamioculcas-zamiifolia|alocasia",true,high-conf,false,23,
schefflera__01,schefflera,center_crop,clean,clean,Schefflera,0.9675,ZZ Plant (Zamioculcas zamiifolia),0.0274,0.9402,schefflera,"schefflera|zamioculcas-zamiifolia|alocasia",true,high-conf,false,51,
schefflera__01,schefflera,tta6,clean,clean,Schefflera,0.6530,Elephant Ear (Alocasia spp.),0.1461,0.5069,schefflera,"schefflera|alocasia|zamioculcas-zamiifolia",true,high-conf,false,121,
schefflera__01,schefflera,squash,blur,blur,English Ivy (Hedera helix),0.7754,Schefflera,0.2214,0.5540,hedera-helix,"hedera-helix|schefflera|asparagus-setaceus",true,high-conf,true,20,
schefflera__01,schefflera,center_crop,blur,blur,English Ivy (Hedera helix),0.7754,Schefflera,0.2214,0.5540,hedera-helix,"hedera-helix|schefflera|asparagus-setaceus",true,high-conf,true,19,
schefflera__01,schefflera,tta6,blur,blur,Asparagus Fern (Asparagus setaceus),0.3288,English Ivy (Hedera helix),0.2617,0.0672,asparagus-setaceus,"asparagus-setaceus|hedera-helix|aspidistra-elatior",true,low-conf,false,104,
schefflera__01,schefflera,squash,crop_center_zoom,crop,Tradescantia,0.9775,Schefflera,0.0182,0.9593,tradescantia,"tradescantia|schefflera|zamioculcas-zamiifolia",true,high-conf,true,15,
schefflera__01,schefflera,center_crop,crop_center_zoom,crop,Tradescantia,0.9775,Schefflera,0.0182,0.9593,tradescantia,"tradescantia|schefflera|zamioculcas-zamiifolia",true,high-conf,true,23,
schefflera__01,schefflera,tta6,crop_center_zoom,crop,Tradescantia,0.9820,Schefflera,0.0101,0.9720,tradescantia,"tradescantia|schefflera|chamaedorea-elegans",true,high-conf,true,112,
schefflera__01,schefflera,squash,crop_offcenter_zoom,crop,Schefflera,0.9445,Tradescantia,0.0554,0.8892,schefflera,"schefflera|tradescantia|monstera-deliciosa",true,high-conf,false,16,
schefflera__01,schefflera,center_crop,crop_offcenter_zoom,crop,Schefflera,0.9445,Tradescantia,0.0554,0.8892,schefflera,"schefflera|tradescantia|monstera-deliciosa",true,high-conf,false,16,
schefflera__01,schefflera,tta6,crop_offcenter_zoom,crop,Schefflera,0.8079,Tradescantia,0.1920,0.6159,schefflera,"schefflera|tradescantia|chamaedorea-elegans",true,high-conf,false,131,
schefflera__01,schefflera,squash,rotate_+15,rotate,ZZ Plant (Zamioculcas zamiifolia),0.9465,Elephant Ear (Alocasia spp.),0.0289,0.9176,zamioculcas-zamiifolia,"zamioculcas-zamiifolia|alocasia|schefflera",true,high-conf,true,16,
schefflera__01,schefflera,center_crop,rotate_+15,rotate,ZZ Plant (Zamioculcas zamiifolia),0.9465,Elephant Ear (Alocasia spp.),0.0289,0.9176,zamioculcas-zamiifolia,"zamioculcas-zamiifolia|alocasia|schefflera",true,high-conf,true,16,
schefflera__01,schefflera,tta6,rotate_+15,rotate,Tradescantia,0.4980,ZZ Plant (Zamioculcas zamiifolia),0.4816,0.0164,tradescantia,"tradescantia|zamioculcas-zamiifolia|alocasia",true,low-conf,false,100,
schefflera__01,schefflera,squash,rotate_-15,rotate,Schefflera,0.9684,Parlor Palm (Chamaedorea elegans),0.0180,0.9504,schefflera,"schefflera|chamaedorea-elegans|hedera-helix",true,high-conf,false,21,
schefflera__01,schefflera,center_crop,rotate_-15,rotate,Schefflera,0.9684,Parlor Palm (Chamaedorea elegans),0.0180,0.9504,schefflera,"schefflera|chamaedorea-elegans|hedera-helix",true,high-conf,false,24,
schefflera__01,schefflera,tta6,rotate_-15,rotate,Tradescantia,0.6216,Schefflera,0.3231,0.2985,tradescantia,"tradescantia|schefflera|alocasia",true,low-conf,false,137,
schefflera__01,schefflera,squash,rotate_+90,rotate,Rattlesnake Plant (Calathea lancifolia),1.0000,Tradescantia,0.0000,1.0000,tradescantia,"tradescantia|aspidistra-elatior|ctenanthe",true,low-conf,false,34,
schefflera__01,schefflera,center_crop,rotate_+90,rotate,Rattlesnake Plant (Calathea lancifolia),1.0000,Tradescantia,0.0000,1.0000,tradescantia,"tradescantia|aspidistra-elatior|ctenanthe",true,low-conf,false,26,
schefflera__01,schefflera,tta6,rotate_+90,rotate,Rattlesnake Plant (Calathea lancifolia),0.8044,Tradescantia,0.1898,0.6145,tradescantia,"tradescantia|aspidistra-elatior|hedera-helix",true,low-conf,false,145,
schefflera__01,schefflera,squash,rotate_-90,rotate,Tradescantia,0.9915,Rattlesnake Plant (Calathea lancifolia),0.0047,0.9867,tradescantia,"tradescantia|alocasia|aspidistra-elatior",true,high-conf,true,25,
schefflera__01,schefflera,center_crop,rotate_-90,rotate,Tradescantia,0.9915,Rattlesnake Plant (Calathea lancifolia),0.0047,0.9867,tradescantia,"tradescantia|alocasia|aspidistra-elatior",true,high-conf,true,24,
schefflera__01,schefflera,tta6,rotate_-90,rotate,Tradescantia,0.6740,Cast Iron Plant (Aspidistra elatior),0.3233,0.3507,tradescantia,"tradescantia|aspidistra-elatior|alocasia",true,high-conf,true,134,
schefflera__01,schefflera,squash,bright_up,brightness,Schefflera,0.9770,Rattlesnake Plant (Calathea lancifolia),0.0078,0.9692,schefflera,"schefflera|zamioculcas-zamiifolia|alocasia",true,high-conf,false,16,
schefflera__01,schefflera,center_crop,bright_up,brightness,Schefflera,0.9770,Rattlesnake Plant (Calathea lancifolia),0.0078,0.9692,schefflera,"schefflera|zamioculcas-zamiifolia|alocasia",true,high-conf,false,25,
schefflera__01,schefflera,tta6,bright_up,brightness,Schefflera,0.6634,Elephant Ear (Alocasia spp.),0.1378,0.5256,schefflera,"schefflera|alocasia|zamioculcas-zamiifolia",true,high-conf,false,95,
schefflera__01,schefflera,squash,bright_down,brightness,Schefflera,0.6044,ZZ Plant (Zamioculcas zamiifolia),0.3558,0.2486,schefflera,"schefflera|zamioculcas-zamiifolia|chamaedorea-elegans",true,low-conf,false,16,
schefflera__01,schefflera,center_crop,bright_down,brightness,Schefflera,0.6044,ZZ Plant (Zamioculcas zamiifolia),0.3558,0.2486,schefflera,"schefflera|zamioculcas-zamiifolia|chamaedorea-elegans",true,low-conf,false,15,
schefflera__01,schefflera,tta6,bright_down,brightness,Schefflera,0.5348,ZZ Plant (Zamioculcas zamiifolia),0.3155,0.2192,schefflera,"schefflera|zamioculcas-zamiifolia|alocasia",true,low-conf,false,102,
schefflera__01,schefflera,squash,contrast_up,contrast,Schefflera,0.9742,ZZ Plant (Zamioculcas zamiifolia),0.0174,0.9568,schefflera,"schefflera|zamioculcas-zamiifolia|alocasia",true,high-conf,false,20,
schefflera__01,schefflera,center_crop,contrast_up,contrast,Schefflera,0.9742,ZZ Plant (Zamioculcas zamiifolia),0.0174,0.9568,schefflera,"schefflera|zamioculcas-zamiifolia|alocasia",true,high-conf,false,16,
schefflera__01,schefflera,tta6,contrast_up,contrast,Schefflera,0.5279,Elephant Ear (Alocasia spp.),0.3065,0.2214,schefflera,"schefflera|alocasia|zamioculcas-zamiifolia",true,low-conf,false,100,
schefflera__01,schefflera,squash,contrast_down,contrast,Schefflera,0.7978,ZZ Plant (Zamioculcas zamiifolia),0.1549,0.6429,schefflera,"schefflera|zamioculcas-zamiifolia|nephrolepis-exaltata",true,high-conf,false,15,
schefflera__01,schefflera,center_crop,contrast_down,contrast,Schefflera,0.7978,ZZ Plant (Zamioculcas zamiifolia),0.1549,0.6429,schefflera,"schefflera|zamioculcas-zamiifolia|nephrolepis-exaltata",true,high-conf,false,15,
schefflera__01,schefflera,tta6,contrast_down,contrast,Schefflera,0.5987,ZZ Plant (Zamioculcas zamiifolia),0.2387,0.3600,schefflera,"schefflera|zamioculcas-zamiifolia|tradescantia",true,high-conf,false,114,
schlumbergera-bridgesii__01,schlumbergera-bridgesii,squash,clean,clean,Christmas Cactus (Schlumbergera bridgesii),0.9996,Begonia (Begonia spp.),0.0004,0.9992,schlumbergera-bridgesii,"schlumbergera-bridgesii|begonia|anthurium-andraeanum",true,high-conf,false,16,
schlumbergera-bridgesii__01,schlumbergera-bridgesii,center_crop,clean,clean,Christmas Cactus (Schlumbergera bridgesii),0.9996,Begonia (Begonia spp.),0.0004,0.9992,schlumbergera-bridgesii,"schlumbergera-bridgesii|begonia|anthurium-andraeanum",true,high-conf,false,18,
schlumbergera-bridgesii__01,schlumbergera-bridgesii,tta6,clean,clean,Christmas Cactus (Schlumbergera bridgesii),0.8561,Anthurium (Anthurium andraeanum),0.1437,0.7125,schlumbergera-bridgesii,"schlumbergera-bridgesii|anthurium-andraeanum|begonia",true,high-conf,false,118,
schlumbergera-bridgesii__01,schlumbergera-bridgesii,squash,blur,blur,Christmas Cactus (Schlumbergera bridgesii),0.6968,Begonia (Begonia spp.),0.3032,0.3936,schlumbergera-bridgesii,"schlumbergera-bridgesii|begonia|saintpaulia-ionantha",true,high-conf,false,23,
schlumbergera-bridgesii__01,schlumbergera-bridgesii,center_crop,blur,blur,Christmas Cactus (Schlumbergera bridgesii),0.6968,Begonia (Begonia spp.),0.3032,0.3936,schlumbergera-bridgesii,"schlumbergera-bridgesii|begonia|saintpaulia-ionantha",true,high-conf,false,19,
schlumbergera-bridgesii__01,schlumbergera-bridgesii,tta6,blur,blur,Christmas Cactus (Schlumbergera bridgesii),0.8989,Begonia (Begonia spp.),0.1011,0.7979,schlumbergera-bridgesii,"schlumbergera-bridgesii|begonia|asparagus-setaceus",true,high-conf,false,147,
schlumbergera-bridgesii__01,schlumbergera-bridgesii,squash,crop_center_zoom,crop,Christmas Cactus (Schlumbergera bridgesii),1.0000,Begonia (Begonia spp.),0.0000,1.0000,schlumbergera-bridgesii,"schlumbergera-bridgesii|begonia|anthurium-andraeanum",true,high-conf,false,19,
schlumbergera-bridgesii__01,schlumbergera-bridgesii,center_crop,crop_center_zoom,crop,Christmas Cactus (Schlumbergera bridgesii),1.0000,Begonia (Begonia spp.),0.0000,1.0000,schlumbergera-bridgesii,"schlumbergera-bridgesii|begonia|anthurium-andraeanum",true,high-conf,false,34,
schlumbergera-bridgesii__01,schlumbergera-bridgesii,tta6,crop_center_zoom,crop,Christmas Cactus (Schlumbergera bridgesii),0.9996,Anthurium (Anthurium andraeanum),0.0003,0.9993,schlumbergera-bridgesii,"schlumbergera-bridgesii|anthurium-andraeanum|begonia",true,high-conf,false,121,
schlumbergera-bridgesii__01,schlumbergera-bridgesii,squash,crop_offcenter_zoom,crop,Christmas Cactus (Schlumbergera bridgesii),0.9954,Begonia (Begonia spp.),0.0046,0.9909,schlumbergera-bridgesii,"schlumbergera-bridgesii|begonia|anthurium-andraeanum",true,high-conf,false,24,
schlumbergera-bridgesii__01,schlumbergera-bridgesii,center_crop,crop_offcenter_zoom,crop,Christmas Cactus (Schlumbergera bridgesii),0.9954,Begonia (Begonia spp.),0.0046,0.9909,schlumbergera-bridgesii,"schlumbergera-bridgesii|begonia|anthurium-andraeanum",true,high-conf,false,19,
schlumbergera-bridgesii__01,schlumbergera-bridgesii,tta6,crop_offcenter_zoom,crop,Christmas Cactus (Schlumbergera bridgesii),0.9982,Begonia (Begonia spp.),0.0015,0.9967,schlumbergera-bridgesii,"schlumbergera-bridgesii|begonia|anthurium-andraeanum",true,high-conf,false,124,
schlumbergera-bridgesii__01,schlumbergera-bridgesii,squash,rotate_+15,rotate,Begonia (Begonia spp.),0.7601,Christmas Cactus (Schlumbergera bridgesii),0.2049,0.5552,begonia,"begonia|schlumbergera-bridgesii|anthurium-andraeanum",true,high-conf,true,35,
schlumbergera-bridgesii__01,schlumbergera-bridgesii,center_crop,rotate_+15,rotate,Begonia (Begonia spp.),0.7601,Christmas Cactus (Schlumbergera bridgesii),0.2049,0.5552,begonia,"begonia|schlumbergera-bridgesii|anthurium-andraeanum",true,high-conf,true,38,
schlumbergera-bridgesii__01,schlumbergera-bridgesii,tta6,rotate_+15,rotate,Christmas Cactus (Schlumbergera bridgesii),0.6066,Begonia (Begonia spp.),0.2536,0.3530,schlumbergera-bridgesii,"schlumbergera-bridgesii|begonia|anthurium-andraeanum",true,high-conf,false,108,
schlumbergera-bridgesii__01,schlumbergera-bridgesii,squash,rotate_-15,rotate,Christmas Cactus (Schlumbergera bridgesii),0.4939,Begonia (Begonia spp.),0.3202,0.1737,schlumbergera-bridgesii,"schlumbergera-bridgesii|begonia|anthurium-andraeanum",true,low-conf,false,16,
schlumbergera-bridgesii__01,schlumbergera-bridgesii,center_crop,rotate_-15,rotate,Christmas Cactus (Schlumbergera bridgesii),0.4939,Begonia (Begonia spp.),0.3202,0.1737,schlumbergera-bridgesii,"schlumbergera-bridgesii|begonia|anthurium-andraeanum",true,low-conf,false,16,
schlumbergera-bridgesii__01,schlumbergera-bridgesii,tta6,rotate_-15,rotate,Christmas Cactus (Schlumbergera bridgesii),0.4990,Anthurium (Anthurium andraeanum),0.3937,0.1053,schlumbergera-bridgesii,"schlumbergera-bridgesii|anthurium-andraeanum|begonia",true,low-conf,false,101,
schlumbergera-bridgesii__01,schlumbergera-bridgesii,squash,rotate_+90,rotate,Christmas Cactus (Schlumbergera bridgesii),1.0000,Lilium (Hemerocallis),0.0000,1.0000,schlumbergera-bridgesii,"schlumbergera-bridgesii|anthurium-andraeanum|begonia",true,high-conf,false,16,
schlumbergera-bridgesii__01,schlumbergera-bridgesii,center_crop,rotate_+90,rotate,Christmas Cactus (Schlumbergera bridgesii),1.0000,Lilium (Hemerocallis),0.0000,1.0000,schlumbergera-bridgesii,"schlumbergera-bridgesii|anthurium-andraeanum|begonia",true,high-conf,false,15,
schlumbergera-bridgesii__01,schlumbergera-bridgesii,tta6,rotate_+90,rotate,Christmas Cactus (Schlumbergera bridgesii),0.8384,Anthurium (Anthurium andraeanum),0.1606,0.6778,schlumbergera-bridgesii,"schlumbergera-bridgesii|anthurium-andraeanum|begonia",true,high-conf,false,101,
schlumbergera-bridgesii__01,schlumbergera-bridgesii,squash,rotate_-90,rotate,Christmas Cactus (Schlumbergera bridgesii),1.0000,Begonia (Begonia spp.),0.0000,1.0000,schlumbergera-bridgesii,"schlumbergera-bridgesii|begonia|anthurium-andraeanum",true,high-conf,false,15,
schlumbergera-bridgesii__01,schlumbergera-bridgesii,center_crop,rotate_-90,rotate,Christmas Cactus (Schlumbergera bridgesii),1.0000,Begonia (Begonia spp.),0.0000,1.0000,schlumbergera-bridgesii,"schlumbergera-bridgesii|begonia|anthurium-andraeanum",true,high-conf,false,15,
schlumbergera-bridgesii__01,schlumbergera-bridgesii,tta6,rotate_-90,rotate,Christmas Cactus (Schlumbergera bridgesii),1.0000,Begonia (Begonia spp.),0.0000,1.0000,schlumbergera-bridgesii,"schlumbergera-bridgesii|begonia|anthurium-andraeanum",true,high-conf,false,129,
schlumbergera-bridgesii__01,schlumbergera-bridgesii,squash,bright_up,brightness,Christmas Cactus (Schlumbergera bridgesii),0.9924,Begonia (Begonia spp.),0.0075,0.9849,schlumbergera-bridgesii,"schlumbergera-bridgesii|begonia|anthurium-andraeanum",true,high-conf,false,24,
schlumbergera-bridgesii__01,schlumbergera-bridgesii,center_crop,bright_up,brightness,Christmas Cactus (Schlumbergera bridgesii),0.9924,Begonia (Begonia spp.),0.0075,0.9849,schlumbergera-bridgesii,"schlumbergera-bridgesii|begonia|anthurium-andraeanum",true,high-conf,false,21,
schlumbergera-bridgesii__01,schlumbergera-bridgesii,tta6,bright_up,brightness,Christmas Cactus (Schlumbergera bridgesii),0.9194,Anthurium (Anthurium andraeanum),0.0771,0.8423,schlumbergera-bridgesii,"schlumbergera-bridgesii|anthurium-andraeanum|begonia",true,high-conf,false,139,
schlumbergera-bridgesii__01,schlumbergera-bridgesii,squash,bright_down,brightness,Christmas Cactus (Schlumbergera bridgesii),0.7135,Begonia (Begonia spp.),0.2864,0.4271,schlumbergera-bridgesii,"schlumbergera-bridgesii|begonia|saintpaulia-ionantha",true,high-conf,false,20,
schlumbergera-bridgesii__01,schlumbergera-bridgesii,center_crop,bright_down,brightness,Christmas Cactus (Schlumbergera bridgesii),0.7135,Begonia (Begonia spp.),0.2864,0.4271,schlumbergera-bridgesii,"schlumbergera-bridgesii|begonia|saintpaulia-ionantha",true,high-conf,false,17,
schlumbergera-bridgesii__01,schlumbergera-bridgesii,tta6,bright_down,brightness,Christmas Cactus (Schlumbergera bridgesii),0.8756,Begonia (Begonia spp.),0.1085,0.7671,schlumbergera-bridgesii,"schlumbergera-bridgesii|begonia|anthurium-andraeanum",true,high-conf,false,127,
schlumbergera-bridgesii__01,schlumbergera-bridgesii,squash,contrast_up,contrast,Christmas Cactus (Schlumbergera bridgesii),0.9878,Begonia (Begonia spp.),0.0122,0.9756,schlumbergera-bridgesii,"schlumbergera-bridgesii|begonia|anthurium-andraeanum",true,high-conf,false,16,
schlumbergera-bridgesii__01,schlumbergera-bridgesii,center_crop,contrast_up,contrast,Christmas Cactus (Schlumbergera bridgesii),0.9878,Begonia (Begonia spp.),0.0122,0.9756,schlumbergera-bridgesii,"schlumbergera-bridgesii|begonia|anthurium-andraeanum",true,high-conf,false,18,
schlumbergera-bridgesii__01,schlumbergera-bridgesii,tta6,contrast_up,contrast,Christmas Cactus (Schlumbergera bridgesii),0.8469,Anthurium (Anthurium andraeanum),0.1433,0.7036,schlumbergera-bridgesii,"schlumbergera-bridgesii|anthurium-andraeanum|begonia",true,high-conf,false,169,
schlumbergera-bridgesii__01,schlumbergera-bridgesii,squash,contrast_down,contrast,Christmas Cactus (Schlumbergera bridgesii),0.9975,Begonia (Begonia spp.),0.0022,0.9953,schlumbergera-bridgesii,"schlumbergera-bridgesii|begonia|anthurium-andraeanum",true,high-conf,false,23,
schlumbergera-bridgesii__01,schlumbergera-bridgesii,center_crop,contrast_down,contrast,Christmas Cactus (Schlumbergera bridgesii),0.9975,Begonia (Begonia spp.),0.0022,0.9953,schlumbergera-bridgesii,"schlumbergera-bridgesii|begonia|anthurium-andraeanum",true,high-conf,false,17,
schlumbergera-bridgesii__01,schlumbergera-bridgesii,tta6,contrast_down,contrast,Christmas Cactus (Schlumbergera bridgesii),0.9589,Anthurium (Anthurium andraeanum),0.0353,0.9236,schlumbergera-bridgesii,"schlumbergera-bridgesii|anthurium-andraeanum|begonia",true,high-conf,false,119,
spathiphyllum-wallisii,spathiphyllum-wallisii,squash,clean,clean,Peace lily,0.4468,Boston Fern (Nephrolepis exaltata),0.3059,0.1409,spathiphyllum-wallisii,"spathiphyllum-wallisii|nephrolepis-exaltata|zamioculcas-zamiifolia",true,low-conf,false,14,
spathiphyllum-wallisii,spathiphyllum-wallisii,center_crop,clean,clean,Peace lily,0.4468,Boston Fern (Nephrolepis exaltata),0.3059,0.1409,spathiphyllum-wallisii,"spathiphyllum-wallisii|nephrolepis-exaltata|zamioculcas-zamiifolia",true,low-conf,false,20,
spathiphyllum-wallisii,spathiphyllum-wallisii,tta6,clean,clean,Boston Fern (Nephrolepis exaltata),0.4628,ZZ Plant (Zamioculcas zamiifolia),0.2541,0.2087,nephrolepis-exaltata,"nephrolepis-exaltata|zamioculcas-zamiifolia|spathiphyllum-wallisii",true,low-conf,false,99,
spathiphyllum-wallisii,spathiphyllum-wallisii,squash,blur,blur,ZZ Plant (Zamioculcas zamiifolia),0.5705,Peace lily,0.2668,0.3037,zamioculcas-zamiifolia,"zamioculcas-zamiifolia|spathiphyllum-wallisii|alocasia",true,high-conf,true,15,
spathiphyllum-wallisii,spathiphyllum-wallisii,center_crop,blur,blur,ZZ Plant (Zamioculcas zamiifolia),0.5705,Peace lily,0.2668,0.3037,zamioculcas-zamiifolia,"zamioculcas-zamiifolia|spathiphyllum-wallisii|alocasia",true,high-conf,true,17,
spathiphyllum-wallisii,spathiphyllum-wallisii,tta6,blur,blur,ZZ Plant (Zamioculcas zamiifolia),0.6703,Prayer Plant (Maranta leuconeura),0.1500,0.5203,zamioculcas-zamiifolia,"zamioculcas-zamiifolia|maranta-leuconeura|spathiphyllum-wallisii",true,high-conf,true,98,
spathiphyllum-wallisii,spathiphyllum-wallisii,squash,crop_center_zoom,crop,Boston Fern (Nephrolepis exaltata),0.7972,Parlor Palm (Chamaedorea elegans),0.0706,0.7266,nephrolepis-exaltata,"nephrolepis-exaltata|chamaedorea-elegans|zamioculcas-zamiifolia",true,high-conf,true,18,
spathiphyllum-wallisii,spathiphyllum-wallisii,center_crop,crop_center_zoom,crop,Boston Fern (Nephrolepis exaltata),0.7972,Parlor Palm (Chamaedorea elegans),0.0706,0.7266,nephrolepis-exaltata,"nephrolepis-exaltata|chamaedorea-elegans|zamioculcas-zamiifolia",true,high-conf,true,23,
spathiphyllum-wallisii,spathiphyllum-wallisii,tta6,crop_center_zoom,crop,Boston Fern (Nephrolepis exaltata),0.7807,ZZ Plant (Zamioculcas zamiifolia),0.1461,0.6346,nephrolepis-exaltata,"nephrolepis-exaltata|zamioculcas-zamiifolia|chamaedorea-elegans",true,high-conf,true,110,
spathiphyllum-wallisii,spathiphyllum-wallisii,squash,crop_offcenter_zoom,crop,Boston Fern (Nephrolepis exaltata),0.9998,Parlor Palm (Chamaedorea elegans),0.0001,0.9997,nephrolepis-exaltata,"nephrolepis-exaltata|chamaedorea-elegans|aloe-vera",true,high-conf,true,31,
spathiphyllum-wallisii,spathiphyllum-wallisii,center_crop,crop_offcenter_zoom,crop,Boston Fern (Nephrolepis exaltata),0.9998,Parlor Palm (Chamaedorea elegans),0.0001,0.9997,nephrolepis-exaltata,"nephrolepis-exaltata|chamaedorea-elegans|aloe-vera",true,high-conf,true,19,
spathiphyllum-wallisii,spathiphyllum-wallisii,tta6,crop_offcenter_zoom,crop,Boston Fern (Nephrolepis exaltata),0.8324,ZZ Plant (Zamioculcas zamiifolia),0.1481,0.6843,nephrolepis-exaltata,"nephrolepis-exaltata|zamioculcas-zamiifolia|aloe-vera",true,high-conf,true,120,
spathiphyllum-wallisii,spathiphyllum-wallisii,squash,rotate_+15,rotate,Peace lily,0.5290,Boston Fern (Nephrolepis exaltata),0.4596,0.0695,spathiphyllum-wallisii,"spathiphyllum-wallisii|nephrolepis-exaltata|zamioculcas-zamiifolia",true,low-conf,false,21,
spathiphyllum-wallisii,spathiphyllum-wallisii,center_crop,rotate_+15,rotate,Peace lily,0.5290,Boston Fern (Nephrolepis exaltata),0.4596,0.0695,spathiphyllum-wallisii,"spathiphyllum-wallisii|nephrolepis-exaltata|zamioculcas-zamiifolia",true,low-conf,false,23,
spathiphyllum-wallisii,spathiphyllum-wallisii,tta6,rotate_+15,rotate,Boston Fern (Nephrolepis exaltata),0.4887,Peace lily,0.4602,0.0285,nephrolepis-exaltata,"nephrolepis-exaltata|spathiphyllum-wallisii|zamioculcas-zamiifolia",true,low-conf,false,110,
spathiphyllum-wallisii,spathiphyllum-wallisii,squash,rotate_-15,rotate,Daffodils (Narcissus spp.),0.9976,Chrysanthemum,0.0023,0.9953,chamaedorea-elegans,"chamaedorea-elegans|aspidistra-elatior|euphorbia-pulcherrima",true,low-conf,false,16,
spathiphyllum-wallisii,spathiphyllum-wallisii,center_crop,rotate_-15,rotate,Daffodils (Narcissus spp.),0.9976,Chrysanthemum,0.0023,0.9953,chamaedorea-elegans,"chamaedorea-elegans|aspidistra-elatior|euphorbia-pulcherrima",true,low-conf,false,14,
spathiphyllum-wallisii,spathiphyllum-wallisii,tta6,rotate_-15,rotate,Daffodils (Narcissus spp.),0.6355,Chrysanthemum,0.3302,0.3053,nephrolepis-exaltata,"nephrolepis-exaltata|chamaedorea-elegans|dionaea-muscipula",true,low-conf,false,101,
spathiphyllum-wallisii,spathiphyllum-wallisii,squash,rotate_+90,rotate,Peace lily,1.0000,Cast Iron Plant (Aspidistra elatior),0.0000,1.0000,spathiphyllum-wallisii,"spathiphyllum-wallisii|aspidistra-elatior|schlumbergera-bridgesii",true,high-conf,false,26,
spathiphyllum-wallisii,spathiphyllum-wallisii,center_crop,rotate_+90,rotate,Peace lily,1.0000,Cast Iron Plant (Aspidistra elatior),0.0000,1.0000,spathiphyllum-wallisii,"spathiphyllum-wallisii|aspidistra-elatior|schlumbergera-bridgesii",true,high-conf,false,16,
spathiphyllum-wallisii,spathiphyllum-wallisii,tta6,rotate_+90,rotate,Peace lily,0.9430,Daffodils (Narcissus spp.),0.0325,0.9105,spathiphyllum-wallisii,"spathiphyllum-wallisii|aspidistra-elatior|schlumbergera-bridgesii",true,high-conf,false,92,
spathiphyllum-wallisii,spathiphyllum-wallisii,squash,rotate_-90,rotate,Peace lily,1.0000,Bird of Paradise (Strelitzia reginae),0.0000,1.0000,spathiphyllum-wallisii,"spathiphyllum-wallisii|strelitzia-reginae|anthurium-andraeanum",true,high-conf,false,16,
spathiphyllum-wallisii,spathiphyllum-wallisii,center_crop,rotate_-90,rotate,Peace lily,1.0000,Bird of Paradise (Strelitzia reginae),0.0000,1.0000,spathiphyllum-wallisii,"spathiphyllum-wallisii|strelitzia-reginae|anthurium-andraeanum",true,high-conf,false,20,
spathiphyllum-wallisii,spathiphyllum-wallisii,tta6,rotate_-90,rotate,Peace lily,0.8704,Daffodils (Narcissus spp.),0.0960,0.7744,spathiphyllum-wallisii,"spathiphyllum-wallisii|crassula-ovata|aglaonema",true,high-conf,false,114,
spathiphyllum-wallisii,spathiphyllum-wallisii,squash,bright_up,brightness,Boston Fern (Nephrolepis exaltata),0.4516,Peace lily,0.3290,0.1226,nephrolepis-exaltata,"nephrolepis-exaltata|spathiphyllum-wallisii|zamioculcas-zamiifolia",true,low-conf,false,20,
spathiphyllum-wallisii,spathiphyllum-wallisii,center_crop,bright_up,brightness,Boston Fern (Nephrolepis exaltata),0.4516,Peace lily,0.3290,0.1226,nephrolepis-exaltata,"nephrolepis-exaltata|spathiphyllum-wallisii|zamioculcas-zamiifolia",true,low-conf,false,17,
spathiphyllum-wallisii,spathiphyllum-wallisii,tta6,bright_up,brightness,Boston Fern (Nephrolepis exaltata),0.4487,ZZ Plant (Zamioculcas zamiifolia),0.3180,0.1307,nephrolepis-exaltata,"nephrolepis-exaltata|zamioculcas-zamiifolia|spathiphyllum-wallisii",true,low-conf,false,100,
spathiphyllum-wallisii,spathiphyllum-wallisii,squash,bright_down,brightness,Peace lily,0.6964,Daffodils (Narcissus spp.),0.2036,0.4928,spathiphyllum-wallisii,"spathiphyllum-wallisii|nephrolepis-exaltata|aspidistra-elatior",true,high-conf,false,15,
spathiphyllum-wallisii,spathiphyllum-wallisii,center_crop,bright_down,brightness,Peace lily,0.6964,Daffodils (Narcissus spp.),0.2036,0.4928,spathiphyllum-wallisii,"spathiphyllum-wallisii|nephrolepis-exaltata|aspidistra-elatior",true,high-conf,false,29,
spathiphyllum-wallisii,spathiphyllum-wallisii,tta6,bright_down,brightness,Boston Fern (Nephrolepis exaltata),0.3964,ZZ Plant (Zamioculcas zamiifolia),0.2653,0.1311,nephrolepis-exaltata,"nephrolepis-exaltata|zamioculcas-zamiifolia|spathiphyllum-wallisii",true,low-conf,false,131,
spathiphyllum-wallisii,spathiphyllum-wallisii,squash,contrast_up,contrast,Peace lily,0.9414,Chrysanthemum,0.0293,0.9121,spathiphyllum-wallisii,"spathiphyllum-wallisii|nephrolepis-exaltata|zamioculcas-zamiifolia",true,high-conf,false,21,
spathiphyllum-wallisii,spathiphyllum-wallisii,center_crop,contrast_up,contrast,Peace lily,0.9414,Chrysanthemum,0.0293,0.9121,spathiphyllum-wallisii,"spathiphyllum-wallisii|nephrolepis-exaltata|zamioculcas-zamiifolia",true,high-conf,false,24,
spathiphyllum-wallisii,spathiphyllum-wallisii,tta6,contrast_up,contrast,Peace lily,0.4439,Boston Fern (Nephrolepis exaltata),0.2986,0.1453,spathiphyllum-wallisii,"spathiphyllum-wallisii|nephrolepis-exaltata|zamioculcas-zamiifolia",true,low-conf,false,153,
spathiphyllum-wallisii,spathiphyllum-wallisii,squash,contrast_down,contrast,Daffodils (Narcissus spp.),0.7317,Boston Fern (Nephrolepis exaltata),0.1319,0.5998,nephrolepis-exaltata,"nephrolepis-exaltata|zamioculcas-zamiifolia|spathiphyllum-wallisii",true,low-conf,false,31,
spathiphyllum-wallisii,spathiphyllum-wallisii,center_crop,contrast_down,contrast,Daffodils (Narcissus spp.),0.7317,Boston Fern (Nephrolepis exaltata),0.1319,0.5998,nephrolepis-exaltata,"nephrolepis-exaltata|zamioculcas-zamiifolia|spathiphyllum-wallisii",true,low-conf,false,34,
spathiphyllum-wallisii,spathiphyllum-wallisii,tta6,contrast_down,contrast,Boston Fern (Nephrolepis exaltata),0.3717,ZZ Plant (Zamioculcas zamiifolia),0.3202,0.0515,nephrolepis-exaltata,"nephrolepis-exaltata|zamioculcas-zamiifolia|spathiphyllum-wallisii",true,low-conf,false,135,
spathiphyllum-wallisii__01,spathiphyllum-wallisii,squash,clean,clean,Chinese evergreen (Aglaonema),0.5503,Dumb Cane (Dieffenbachia spp.),0.2918,0.2585,aglaonema,"aglaonema|dieffenbachia|aspidistra-elatior",true,low-conf,false,38,
spathiphyllum-wallisii__01,spathiphyllum-wallisii,center_crop,clean,clean,Chinese evergreen (Aglaonema),0.5503,Dumb Cane (Dieffenbachia spp.),0.2918,0.2585,aglaonema,"aglaonema|dieffenbachia|aspidistra-elatior",true,low-conf,false,18,
spathiphyllum-wallisii__01,spathiphyllum-wallisii,tta6,clean,clean,Chinese evergreen (Aglaonema),0.2521,Birds Nest Fern (Asplenium nidus),0.2175,0.0345,aglaonema,"aglaonema|asplenium-nidus|dieffenbachia",true,low-conf,false,123,
spathiphyllum-wallisii__01,spathiphyllum-wallisii,squash,blur,blur,Chinese evergreen (Aglaonema),0.7544,Money Tree (Pachira aquatica),0.2057,0.5487,aglaonema,"aglaonema|pachira-aquatica|dieffenbachia",true,high-conf,true,22,
spathiphyllum-wallisii__01,spathiphyllum-wallisii,center_crop,blur,blur,Chinese evergreen (Aglaonema),0.7544,Money Tree (Pachira aquatica),0.2057,0.5487,aglaonema,"aglaonema|pachira-aquatica|dieffenbachia",true,high-conf,true,18,
spathiphyllum-wallisii__01,spathiphyllum-wallisii,tta6,blur,blur,Chinese evergreen (Aglaonema),0.5066,Parlor Palm (Chamaedorea elegans),0.2347,0.2719,aglaonema,"aglaonema|chamaedorea-elegans|pachira-aquatica",true,low-conf,false,116,
spathiphyllum-wallisii__01,spathiphyllum-wallisii,squash,crop_center_zoom,crop,Schefflera,0.8207,Birds Nest Fern (Asplenium nidus),0.1497,0.6710,schefflera,"schefflera|asplenium-nidus|tradescantia",true,high-conf,true,18,
spathiphyllum-wallisii__01,spathiphyllum-wallisii,center_crop,crop_center_zoom,crop,Schefflera,0.8207,Birds Nest Fern (Asplenium nidus),0.1497,0.6710,schefflera,"schefflera|asplenium-nidus|tradescantia",true,high-conf,true,19,
spathiphyllum-wallisii__01,spathiphyllum-wallisii,tta6,crop_center_zoom,crop,Birds Nest Fern (Asplenium nidus),0.3788,Schefflera,0.2737,0.1051,asplenium-nidus,"asplenium-nidus|schefflera|epipremnum-aureum",true,low-conf,false,115,
spathiphyllum-wallisii__01,spathiphyllum-wallisii,squash,crop_offcenter_zoom,crop,Ctenanthe,0.8430,Peace lily,0.0810,0.7620,ctenanthe,"ctenanthe|spathiphyllum-wallisii|epipremnum-aureum",true,high-conf,true,18,
spathiphyllum-wallisii__01,spathiphyllum-wallisii,center_crop,crop_offcenter_zoom,crop,Ctenanthe,0.8430,Peace lily,0.0810,0.7620,ctenanthe,"ctenanthe|spathiphyllum-wallisii|epipremnum-aureum",true,high-conf,true,29,
spathiphyllum-wallisii__01,spathiphyllum-wallisii,tta6,crop_offcenter_zoom,crop,Ctenanthe,0.4472,Pothos (Ivy arum),0.3441,0.1031,ctenanthe,"ctenanthe|epipremnum-aureum|spathiphyllum-wallisii",true,low-conf,false,119,
spathiphyllum-wallisii__01,spathiphyllum-wallisii,squash,rotate_+15,rotate,Chinese evergreen (Aglaonema),0.9567,Dumb Cane (Dieffenbachia spp.),0.0412,0.9155,aglaonema,"aglaonema|dieffenbachia|monstera-deliciosa",true,high-conf,true,34,
spathiphyllum-wallisii__01,spathiphyllum-wallisii,center_crop,rotate_+15,rotate,Chinese evergreen (Aglaonema),0.9567,Dumb Cane (Dieffenbachia spp.),0.0412,0.9155,aglaonema,"aglaonema|dieffenbachia|monstera-deliciosa",true,high-conf,true,33,
spathiphyllum-wallisii__01,spathiphyllum-wallisii,tta6,rotate_+15,rotate,Chinese evergreen (Aglaonema),0.4110,Pothos (Ivy arum),0.2547,0.1563,aglaonema,"aglaonema|epipremnum-aureum|dieffenbachia",true,low-conf,false,118,
spathiphyllum-wallisii__01,spathiphyllum-wallisii,squash,rotate_-15,rotate,Dumb Cane (Dieffenbachia spp.),0.7081,Chinese evergreen (Aglaonema),0.1914,0.5167,dieffenbachia,"dieffenbachia|aglaonema|asplenium-nidus",true,high-conf,true,20,
spathiphyllum-wallisii__01,spathiphyllum-wallisii,center_crop,rotate_-15,rotate,Dumb Cane (Dieffenbachia spp.),0.7081,Chinese evergreen (Aglaonema),0.1914,0.5167,dieffenbachia,"dieffenbachia|aglaonema|asplenium-nidus",true,high-conf,true,19,
spathiphyllum-wallisii__01,spathiphyllum-wallisii,tta6,rotate_-15,rotate,ZZ Plant (Zamioculcas zamiifolia),0.2929,Dumb Cane (Dieffenbachia spp.),0.2360,0.0569,zamioculcas-zamiifolia,"zamioculcas-zamiifolia|dieffenbachia|schefflera",true,low-conf,false,131,
spathiphyllum-wallisii__01,spathiphyllum-wallisii,squash,rotate_+90,rotate,Tradescantia,0.5640,Chinese evergreen (Aglaonema),0.4332,0.1308,tradescantia,"tradescantia|aglaonema|schefflera",true,low-conf,false,23,
spathiphyllum-wallisii__01,spathiphyllum-wallisii,center_crop,rotate_+90,rotate,Tradescantia,0.5640,Chinese evergreen (Aglaonema),0.4332,0.1308,tradescantia,"tradescantia|aglaonema|schefflera",true,low-conf,false,17,
spathiphyllum-wallisii__01,spathiphyllum-wallisii,tta6,rotate_+90,rotate,Tradescantia,0.3858,Chinese evergreen (Aglaonema),0.3049,0.0809,tradescantia,"tradescantia|aglaonema|ctenanthe",true,low-conf,false,124,
spathiphyllum-wallisii__01,spathiphyllum-wallisii,squash,rotate_-90,rotate,Chinese evergreen (Aglaonema),0.9432,Tradescantia,0.0505,0.8927,aglaonema,"aglaonema|tradescantia|ctenanthe",true,high-conf,true,25,
spathiphyllum-wallisii__01,spathiphyllum-wallisii,center_crop,rotate_-90,rotate,Chinese evergreen (Aglaonema),0.9432,Tradescantia,0.0505,0.8927,aglaonema,"aglaonema|tradescantia|ctenanthe",true,high-conf,true,22,
spathiphyllum-wallisii__01,spathiphyllum-wallisii,tta6,rotate_-90,rotate,Chinese evergreen (Aglaonema),0.4627,Tradescantia,0.2275,0.2353,aglaonema,"aglaonema|tradescantia|ctenanthe",true,low-conf,false,157,
spathiphyllum-wallisii__01,spathiphyllum-wallisii,squash,bright_up,brightness,Chinese evergreen (Aglaonema),0.9797,Dumb Cane (Dieffenbachia spp.),0.0158,0.9639,aglaonema,"aglaonema|dieffenbachia|aspidistra-elatior",true,high-conf,true,22,
spathiphyllum-wallisii__01,spathiphyllum-wallisii,center_crop,bright_up,brightness,Chinese evergreen (Aglaonema),0.9797,Dumb Cane (Dieffenbachia spp.),0.0158,0.9639,aglaonema,"aglaonema|dieffenbachia|aspidistra-elatior",true,high-conf,true,22,
spathiphyllum-wallisii__01,spathiphyllum-wallisii,tta6,bright_up,brightness,Chinese evergreen (Aglaonema),0.4366,Schefflera,0.2655,0.1711,aglaonema,"aglaonema|schefflera|asplenium-nidus",true,low-conf,false,131,
spathiphyllum-wallisii__01,spathiphyllum-wallisii,squash,bright_down,brightness,Chinese evergreen (Aglaonema),0.8846,Cast Iron Plant (Aspidistra elatior),0.0731,0.8115,aglaonema,"aglaonema|aspidistra-elatior|dieffenbachia",true,high-conf,true,28,
spathiphyllum-wallisii__01,spathiphyllum-wallisii,center_crop,bright_down,brightness,Chinese evergreen (Aglaonema),0.8846,Cast Iron Plant (Aspidistra elatior),0.0731,0.8115,aglaonema,"aglaonema|aspidistra-elatior|dieffenbachia",true,high-conf,true,33,
spathiphyllum-wallisii__01,spathiphyllum-wallisii,tta6,bright_down,brightness,Chinese evergreen (Aglaonema),0.4789,Rattlesnake Plant (Calathea lancifolia),0.2581,0.2207,aglaonema,"aglaonema|monstera-deliciosa|beaucarnea-recurvata",true,low-conf,false,177,
spathiphyllum-wallisii__01,spathiphyllum-wallisii,squash,contrast_up,contrast,Chinese evergreen (Aglaonema),0.9467,Monstera Deliciosa (Monstera deliciosa),0.0332,0.9135,aglaonema,"aglaonema|monstera-deliciosa|dieffenbachia",true,high-conf,true,38,
spathiphyllum-wallisii__01,spathiphyllum-wallisii,center_crop,contrast_up,contrast,Chinese evergreen (Aglaonema),0.9467,Monstera Deliciosa (Monstera deliciosa),0.0332,0.9135,aglaonema,"aglaonema|monstera-deliciosa|dieffenbachia",true,high-conf,true,39,
spathiphyllum-wallisii__01,spathiphyllum-wallisii,tta6,contrast_up,contrast,Chinese evergreen (Aglaonema),0.4785,Rattlesnake Plant (Calathea lancifolia),0.3214,0.1571,aglaonema,"aglaonema|schefflera|asplenium-nidus",true,low-conf,false,142,
spathiphyllum-wallisii__01,spathiphyllum-wallisii,squash,contrast_down,contrast,Chinese evergreen (Aglaonema),0.6133,Dumb Cane (Dieffenbachia spp.),0.2160,0.3973,aglaonema,"aglaonema|dieffenbachia|aspidistra-elatior",true,high-conf,true,25,
spathiphyllum-wallisii__01,spathiphyllum-wallisii,center_crop,contrast_down,contrast,Chinese evergreen (Aglaonema),0.6133,Dumb Cane (Dieffenbachia spp.),0.2160,0.3973,aglaonema,"aglaonema|dieffenbachia|aspidistra-elatior",true,high-conf,true,24,
spathiphyllum-wallisii__01,spathiphyllum-wallisii,tta6,contrast_down,contrast,Chinese evergreen (Aglaonema),0.3026,Schefflera,0.2111,0.0915,aglaonema,"aglaonema|schefflera|beaucarnea-recurvata",true,low-conf,false,101,
strelitzia-reginae__01,strelitzia-reginae,squash,clean,clean,Bird of Paradise (Strelitzia reginae),1.0000,Money Tree (Pachira aquatica),0.0000,1.0000,strelitzia-reginae,"strelitzia-reginae|pachira-aquatica|dracaena-trifasciata",true,high-conf,false,22,
strelitzia-reginae__01,strelitzia-reginae,center_crop,clean,clean,Bird of Paradise (Strelitzia reginae),1.0000,Money Tree (Pachira aquatica),0.0000,1.0000,strelitzia-reginae,"strelitzia-reginae|pachira-aquatica|dracaena-trifasciata",true,high-conf,false,14,
strelitzia-reginae__01,strelitzia-reginae,tta6,clean,clean,Bird of Paradise (Strelitzia reginae),1.0000,Rubber Plant (Ficus elastica),0.0000,1.0000,strelitzia-reginae,"strelitzia-reginae|ficus-elastica|pachira-aquatica",true,high-conf,false,105,
strelitzia-reginae__01,strelitzia-reginae,squash,blur,blur,Bird of Paradise (Strelitzia reginae),0.9999,Asparagus Fern (Asparagus setaceus),0.0001,0.9999,strelitzia-reginae,"strelitzia-reginae|asparagus-setaceus|aloe-vera",true,high-conf,false,19,
strelitzia-reginae__01,strelitzia-reginae,center_crop,blur,blur,Bird of Paradise (Strelitzia reginae),0.9999,Asparagus Fern (Asparagus setaceus),0.0001,0.9999,strelitzia-reginae,"strelitzia-reginae|asparagus-setaceus|aloe-vera",true,high-conf,false,30,
strelitzia-reginae__01,strelitzia-reginae,tta6,blur,blur,Bird of Paradise (Strelitzia reginae),0.9975,Asparagus Fern (Asparagus setaceus),0.0025,0.9950,strelitzia-reginae,"strelitzia-reginae|asparagus-setaceus|tradescantia",true,high-conf,false,151,
strelitzia-reginae__01,strelitzia-reginae,squash,crop_center_zoom,crop,Bird of Paradise (Strelitzia reginae),1.0000,Money Tree (Pachira aquatica),0.0000,1.0000,strelitzia-reginae,"strelitzia-reginae|pachira-aquatica|ficus-elastica",true,high-conf,false,21,
strelitzia-reginae__01,strelitzia-reginae,center_crop,crop_center_zoom,crop,Bird of Paradise (Strelitzia reginae),1.0000,Money Tree (Pachira aquatica),0.0000,1.0000,strelitzia-reginae,"strelitzia-reginae|pachira-aquatica|ficus-elastica",true,high-conf,false,15,
strelitzia-reginae__01,strelitzia-reginae,tta6,crop_center_zoom,crop,Bird of Paradise (Strelitzia reginae),0.7184,Tradescantia,0.2815,0.4369,strelitzia-reginae,"strelitzia-reginae|tradescantia|ctenanthe",true,high-conf,false,111,
strelitzia-reginae__01,strelitzia-reginae,squash,crop_offcenter_zoom,crop,Bird of Paradise (Strelitzia reginae),0.5124,Tradescantia,0.4870,0.0253,strelitzia-reginae,"strelitzia-reginae|tradescantia|pachira-aquatica",true,low-conf,false,16,
strelitzia-reginae__01,strelitzia-reginae,center_crop,crop_offcenter_zoom,crop,Bird of Paradise (Strelitzia reginae),0.5124,Tradescantia,0.4870,0.0253,strelitzia-reginae,"strelitzia-reginae|tradescantia|pachira-aquatica",true,low-conf,false,16,
strelitzia-reginae__01,strelitzia-reginae,tta6,crop_offcenter_zoom,crop,Tradescantia,0.7071,Bird of Paradise (Strelitzia reginae),0.1888,0.5182,tradescantia,"tradescantia|strelitzia-reginae|pachira-aquatica",true,high-conf,true,145,
strelitzia-reginae__01,strelitzia-reginae,squash,rotate_+15,rotate,Bird of Paradise (Strelitzia reginae),1.0000,Money Tree (Pachira aquatica),0.0000,1.0000,strelitzia-reginae,"strelitzia-reginae|pachira-aquatica|tradescantia",true,high-conf,false,18,
strelitzia-reginae__01,strelitzia-reginae,center_crop,rotate_+15,rotate,Bird of Paradise (Strelitzia reginae),1.0000,Money Tree (Pachira aquatica),0.0000,1.0000,strelitzia-reginae,"strelitzia-reginae|pachira-aquatica|tradescantia",true,high-conf,false,33,
strelitzia-reginae__01,strelitzia-reginae,tta6,rotate_+15,rotate,Bird of Paradise (Strelitzia reginae),0.9999,Money Tree (Pachira aquatica),0.0001,0.9999,strelitzia-reginae,"strelitzia-reginae|pachira-aquatica|dracaena-trifasciata",true,high-conf,false,143,
strelitzia-reginae__01,strelitzia-reginae,squash,rotate_-15,rotate,Bird of Paradise (Strelitzia reginae),1.0000,Snake plant (Sanseviera),0.0000,1.0000,strelitzia-reginae,"strelitzia-reginae|dracaena-trifasciata|tradescantia",true,high-conf,false,17,
strelitzia-reginae__01,strelitzia-reginae,center_crop,rotate_-15,rotate,Bird of Paradise (Strelitzia reginae),1.0000,Snake plant (Sanseviera),0.0000,1.0000,strelitzia-reginae,"strelitzia-reginae|dracaena-trifasciata|tradescantia",true,high-conf,false,20,
strelitzia-reginae__01,strelitzia-reginae,tta6,rotate_-15,rotate,Bird of Paradise (Strelitzia reginae),0.9326,Snake plant (Sanseviera),0.0230,0.9096,strelitzia-reginae,"strelitzia-reginae|dracaena-trifasciata|pachira-aquatica",true,high-conf,false,112,
strelitzia-reginae__01,strelitzia-reginae,squash,rotate_+90,rotate,Bird of Paradise (Strelitzia reginae),1.0000,Tradescantia,0.0000,1.0000,strelitzia-reginae,"strelitzia-reginae|tradescantia|pachira-aquatica",true,high-conf,false,15,
strelitzia-reginae__01,strelitzia-reginae,center_crop,rotate_+90,rotate,Bird of Paradise (Strelitzia reginae),1.0000,Tradescantia,0.0000,1.0000,strelitzia-reginae,"strelitzia-reginae|tradescantia|pachira-aquatica",true,high-conf,false,21,
strelitzia-reginae__01,strelitzia-reginae,tta6,rotate_+90,rotate,Bird of Paradise (Strelitzia reginae),1.0000,Ctenanthe,0.0000,1.0000,strelitzia-reginae,"strelitzia-reginae|ctenanthe|dionaea-muscipula",true,high-conf,false,132,
strelitzia-reginae__01,strelitzia-reginae,squash,rotate_-90,rotate,Bird of Paradise (Strelitzia reginae),1.0000,Rubber Plant (Ficus elastica),0.0000,1.0000,strelitzia-reginae,"strelitzia-reginae|ficus-elastica|dracaena-trifasciata",true,high-conf,false,17,
strelitzia-reginae__01,strelitzia-reginae,center_crop,rotate_-90,rotate,Bird of Paradise (Strelitzia reginae),1.0000,Rubber Plant (Ficus elastica),0.0000,1.0000,strelitzia-reginae,"strelitzia-reginae|ficus-elastica|dracaena-trifasciata",true,high-conf,false,17,
strelitzia-reginae__01,strelitzia-reginae,tta6,rotate_-90,rotate,Bird of Paradise (Strelitzia reginae),0.9957,Rubber Plant (Ficus elastica),0.0042,0.9915,strelitzia-reginae,"strelitzia-reginae|ficus-elastica|tradescantia",true,high-conf,false,110,
strelitzia-reginae__01,strelitzia-reginae,squash,bright_up,brightness,Bird of Paradise (Strelitzia reginae),1.0000,Money Tree (Pachira aquatica),0.0000,1.0000,strelitzia-reginae,"strelitzia-reginae|pachira-aquatica|ficus-elastica",true,high-conf,false,17,
strelitzia-reginae__01,strelitzia-reginae,center_crop,bright_up,brightness,Bird of Paradise (Strelitzia reginae),1.0000,Money Tree (Pachira aquatica),0.0000,1.0000,strelitzia-reginae,"strelitzia-reginae|pachira-aquatica|ficus-elastica",true,high-conf,false,16,
strelitzia-reginae__01,strelitzia-reginae,tta6,bright_up,brightness,Bird of Paradise (Strelitzia reginae),1.0000,Tradescantia,0.0000,0.9999,strelitzia-reginae,"strelitzia-reginae|tradescantia|ficus-elastica",true,high-conf,false,98,
strelitzia-reginae__01,strelitzia-reginae,squash,bright_down,brightness,Bird of Paradise (Strelitzia reginae),1.0000,Money Tree (Pachira aquatica),0.0000,1.0000,strelitzia-reginae,"strelitzia-reginae|pachira-aquatica|dracaena-trifasciata",true,high-conf,false,14,
strelitzia-reginae__01,strelitzia-reginae,center_crop,bright_down,brightness,Bird of Paradise (Strelitzia reginae),1.0000,Money Tree (Pachira aquatica),0.0000,1.0000,strelitzia-reginae,"strelitzia-reginae|pachira-aquatica|dracaena-trifasciata",true,high-conf,false,16,
strelitzia-reginae__01,strelitzia-reginae,tta6,bright_down,brightness,Bird of Paradise (Strelitzia reginae),1.0000,Tradescantia,0.0000,1.0000,strelitzia-reginae,"strelitzia-reginae|tradescantia|pachira-aquatica",true,high-conf,false,119,
strelitzia-reginae__01,strelitzia-reginae,squash,contrast_up,contrast,Bird of Paradise (Strelitzia reginae),1.0000,Money Tree (Pachira aquatica),0.0000,1.0000,strelitzia-reginae,"strelitzia-reginae|pachira-aquatica|dracaena-trifasciata",true,high-conf,false,17,
strelitzia-reginae__01,strelitzia-reginae,center_crop,contrast_up,contrast,Bird of Paradise (Strelitzia reginae),1.0000,Money Tree (Pachira aquatica),0.0000,1.0000,strelitzia-reginae,"strelitzia-reginae|pachira-aquatica|dracaena-trifasciata",true,high-conf,false,16,
strelitzia-reginae__01,strelitzia-reginae,tta6,contrast_up,contrast,Bird of Paradise (Strelitzia reginae),1.0000,Tradescantia,0.0000,1.0000,strelitzia-reginae,"strelitzia-reginae|tradescantia|pachira-aquatica",true,high-conf,false,104,
strelitzia-reginae__01,strelitzia-reginae,squash,contrast_down,contrast,Bird of Paradise (Strelitzia reginae),1.0000,Money Tree (Pachira aquatica),0.0000,1.0000,strelitzia-reginae,"strelitzia-reginae|pachira-aquatica|ficus-elastica",true,high-conf,false,21,
strelitzia-reginae__01,strelitzia-reginae,center_crop,contrast_down,contrast,Bird of Paradise (Strelitzia reginae),1.0000,Money Tree (Pachira aquatica),0.0000,1.0000,strelitzia-reginae,"strelitzia-reginae|pachira-aquatica|ficus-elastica",true,high-conf,false,18,
strelitzia-reginae__01,strelitzia-reginae,tta6,contrast_down,contrast,Bird of Paradise (Strelitzia reginae),0.9988,Rubber Plant (Ficus elastica),0.0011,0.9977,strelitzia-reginae,"strelitzia-reginae|ficus-elastica|tradescantia",true,high-conf,false,123,
tradescantia__01,tradescantia,squash,clean,clean,Tradescantia,1.0000,Calathea,0.0000,1.0000,tradescantia,"tradescantia|goeppertia-orbifolia|maranta-leuconeura",true,high-conf,false,16,
tradescantia__01,tradescantia,center_crop,clean,clean,Tradescantia,1.0000,Calathea,0.0000,1.0000,tradescantia,"tradescantia|goeppertia-orbifolia|maranta-leuconeura",true,high-conf,false,30,
tradescantia__01,tradescantia,tta6,clean,clean,Tradescantia,0.9992,Calathea,0.0006,0.9987,tradescantia,"tradescantia|goeppertia-orbifolia|maranta-leuconeura",true,high-conf,false,98,
tradescantia__01,tradescantia,squash,blur,blur,Tradescantia,0.9323,Begonia (Begonia spp.),0.0669,0.8654,tradescantia,"tradescantia|begonia|schefflera",true,high-conf,false,18,
tradescantia__01,tradescantia,center_crop,blur,blur,Tradescantia,0.9323,Begonia (Begonia spp.),0.0669,0.8654,tradescantia,"tradescantia|begonia|schefflera",true,high-conf,false,16,
tradescantia__01,tradescantia,tta6,blur,blur,Tradescantia,0.9773,Begonia (Begonia spp.),0.0224,0.9549,tradescantia,"tradescantia|begonia|schefflera",true,high-conf,false,101,
tradescantia__01,tradescantia,squash,crop_center_zoom,crop,Tradescantia,1.0000,Calathea,0.0000,1.0000,tradescantia,"tradescantia|goeppertia-orbifolia|begonia",true,high-conf,false,16,
tradescantia__01,tradescantia,center_crop,crop_center_zoom,crop,Tradescantia,1.0000,Calathea,0.0000,1.0000,tradescantia,"tradescantia|goeppertia-orbifolia|begonia",true,high-conf,false,20,
tradescantia__01,tradescantia,tta6,crop_center_zoom,crop,Tradescantia,0.9982,Calathea,0.0017,0.9965,tradescantia,"tradescantia|goeppertia-orbifolia|schefflera",true,high-conf,false,100,
tradescantia__01,tradescantia,squash,crop_offcenter_zoom,crop,Tradescantia,0.9975,Calathea,0.0014,0.9960,tradescantia,"tradescantia|goeppertia-orbifolia|ficus-elastica",true,high-conf,false,15,
tradescantia__01,tradescantia,center_crop,crop_offcenter_zoom,crop,Tradescantia,0.9975,Calathea,0.0014,0.9960,tradescantia,"tradescantia|goeppertia-orbifolia|ficus-elastica",true,high-conf,false,18,
tradescantia__01,tradescantia,tta6,crop_offcenter_zoom,crop,Tradescantia,0.9708,Rubber Plant (Ficus elastica),0.0139,0.9569,tradescantia,"tradescantia|ficus-elastica|maranta-leuconeura",true,high-conf,false,103,
tradescantia__01,tradescantia,squash,rotate_+15,rotate,Tradescantia,1.0000,Begonia (Begonia spp.),0.0000,1.0000,tradescantia,"tradescantia|begonia|maranta-leuconeura",true,high-conf,false,20,
tradescantia__01,tradescantia,center_crop,rotate_+15,rotate,Tradescantia,1.0000,Begonia (Begonia spp.),0.0000,1.0000,tradescantia,"tradescantia|begonia|maranta-leuconeura",true,high-conf,false,26,
tradescantia__01,tradescantia,tta6,rotate_+15,rotate,Tradescantia,0.9971,Prayer Plant (Maranta leuconeura),0.0027,0.9944,tradescantia,"tradescantia|maranta-leuconeura|goeppertia-orbifolia",true,high-conf,false,117,
tradescantia__01,tradescantia,squash,rotate_-15,rotate,Tradescantia,1.0000,Calathea,0.0000,0.9999,tradescantia,"tradescantia|goeppertia-orbifolia|schefflera",true,high-conf,false,16,
tradescantia__01,tradescantia,center_crop,rotate_-15,rotate,Tradescantia,1.0000,Calathea,0.0000,0.9999,tradescantia,"tradescantia|goeppertia-orbifolia|schefflera",true,high-conf,false,25,
tradescantia__01,tradescantia,tta6,rotate_-15,rotate,Tradescantia,0.9989,Begonia (Begonia spp.),0.0010,0.9979,tradescantia,"tradescantia|begonia|goeppertia-orbifolia",true,high-conf,false,143,
tradescantia__01,tradescantia,squash,rotate_+90,rotate,Tradescantia,1.0000,Calathea,0.0000,1.0000,tradescantia,"tradescantia|goeppertia-orbifolia|maranta-leuconeura",true,high-conf,false,41,
tradescantia__01,tradescantia,center_crop,rotate_+90,rotate,Tradescantia,1.0000,Calathea,0.0000,1.0000,tradescantia,"tradescantia|goeppertia-orbifolia|maranta-leuconeura",true,high-conf,false,26,
tradescantia__01,tradescantia,tta6,rotate_+90,rotate,Tradescantia,1.0000,Calathea,0.0000,1.0000,tradescantia,"tradescantia|goeppertia-orbifolia|maranta-leuconeura",true,high-conf,false,143,
tradescantia__01,tradescantia,squash,rotate_-90,rotate,Tradescantia,1.0000,Calathea,0.0000,1.0000,tradescantia,"tradescantia|goeppertia-orbifolia|crassula-ovata",true,high-conf,false,22,
tradescantia__01,tradescantia,center_crop,rotate_-90,rotate,Tradescantia,1.0000,Calathea,0.0000,1.0000,tradescantia,"tradescantia|goeppertia-orbifolia|crassula-ovata",true,high-conf,false,18,
tradescantia__01,tradescantia,tta6,rotate_-90,rotate,Tradescantia,0.9979,Calathea,0.0021,0.9958,tradescantia,"tradescantia|goeppertia-orbifolia|begonia",true,high-conf,false,195,
tradescantia__01,tradescantia,squash,bright_up,brightness,Tradescantia,1.0000,Calathea,0.0000,1.0000,tradescantia,"tradescantia|goeppertia-orbifolia|ficus-elastica",true,high-conf,false,29,
tradescantia__01,tradescantia,center_crop,bright_up,brightness,Tradescantia,1.0000,Calathea,0.0000,1.0000,tradescantia,"tradescantia|goeppertia-orbifolia|ficus-elastica",true,high-conf,false,16,
tradescantia__01,tradescantia,tta6,bright_up,brightness,Tradescantia,1.0000,Calathea,0.0000,0.9999,tradescantia,"tradescantia|goeppertia-orbifolia|maranta-leuconeura",true,high-conf,false,107,
tradescantia__01,tradescantia,squash,bright_down,brightness,Tradescantia,1.0000,Calathea,0.0000,1.0000,tradescantia,"tradescantia|goeppertia-orbifolia|maranta-leuconeura",true,high-conf,false,20,
tradescantia__01,tradescantia,center_crop,bright_down,brightness,Tradescantia,1.0000,Calathea,0.0000,1.0000,tradescantia,"tradescantia|goeppertia-orbifolia|maranta-leuconeura",true,high-conf,false,22,
tradescantia__01,tradescantia,tta6,bright_down,brightness,Tradescantia,0.9822,Calathea,0.0134,0.9688,tradescantia,"tradescantia|goeppertia-orbifolia|maranta-leuconeura",true,high-conf,false,99,
tradescantia__01,tradescantia,squash,contrast_up,contrast,Tradescantia,1.0000,Calathea,0.0000,1.0000,tradescantia,"tradescantia|goeppertia-orbifolia|schefflera",true,high-conf,false,15,
tradescantia__01,tradescantia,center_crop,contrast_up,contrast,Tradescantia,1.0000,Calathea,0.0000,1.0000,tradescantia,"tradescantia|goeppertia-orbifolia|schefflera",true,high-conf,false,18,
tradescantia__01,tradescantia,tta6,contrast_up,contrast,Tradescantia,0.9989,Calathea,0.0008,0.9981,tradescantia,"tradescantia|goeppertia-orbifolia|begonia",true,high-conf,false,99,
tradescantia__01,tradescantia,squash,contrast_down,contrast,Tradescantia,1.0000,Calathea,0.0000,1.0000,tradescantia,"tradescantia|goeppertia-orbifolia|schefflera",true,high-conf,false,21,
tradescantia__01,tradescantia,center_crop,contrast_down,contrast,Tradescantia,1.0000,Calathea,0.0000,1.0000,tradescantia,"tradescantia|goeppertia-orbifolia|schefflera",true,high-conf,false,20,
tradescantia__01,tradescantia,tta6,contrast_down,contrast,Tradescantia,0.9997,Prayer Plant (Maranta leuconeura),0.0002,0.9994,tradescantia,"tradescantia|maranta-leuconeura|goeppertia-orbifolia",true,high-conf,false,114,
yucca__01,yucca,squash,clean,clean,Areca Palm (Dypsis lutescens),0.9997,Peace lily,0.0001,0.9996,dypsis-lutescens,"dypsis-lutescens|spathiphyllum-wallisii|dracaena",true,high-conf,true,26,
yucca__01,yucca,center_crop,clean,clean,Areca Palm (Dypsis lutescens),0.9997,Peace lily,0.0001,0.9996,dypsis-lutescens,"dypsis-lutescens|spathiphyllum-wallisii|dracaena",true,high-conf,true,19,
yucca__01,yucca,tta6,clean,clean,Areca Palm (Dypsis lutescens),0.6819,Yucca,0.1619,0.5199,dypsis-lutescens,"dypsis-lutescens|yucca|dracaena",true,high-conf,true,120,
yucca__01,yucca,squash,blur,blur,Cast Iron Plant (Aspidistra elatior),0.6326,Areca Palm (Dypsis lutescens),0.3655,0.2671,aspidistra-elatior,"aspidistra-elatior|dypsis-lutescens|nephrolepis-exaltata",true,low-conf,false,23,
yucca__01,yucca,center_crop,blur,blur,Cast Iron Plant (Aspidistra elatior),0.6326,Areca Palm (Dypsis lutescens),0.3655,0.2671,aspidistra-elatior,"aspidistra-elatior|dypsis-lutescens|nephrolepis-exaltata",true,low-conf,false,17,
yucca__01,yucca,tta6,blur,blur,Cast Iron Plant (Aspidistra elatior),0.5797,Asparagus Fern (Asparagus setaceus),0.2357,0.3440,aspidistra-elatior,"aspidistra-elatior|asparagus-setaceus|dypsis-lutescens",true,high-conf,true,115,
yucca__01,yucca,squash,crop_center_zoom,crop,Areca Palm (Dypsis lutescens),0.8056,Dracaena,0.1451,0.6605,dypsis-lutescens,"dypsis-lutescens|dracaena|monstera-deliciosa",true,high-conf,true,19,
yucca__01,yucca,center_crop,crop_center_zoom,crop,Areca Palm (Dypsis lutescens),0.8056,Dracaena,0.1451,0.6605,dypsis-lutescens,"dypsis-lutescens|dracaena|monstera-deliciosa",true,high-conf,true,33,
yucca__01,yucca,tta6,crop_center_zoom,crop,Areca Palm (Dypsis lutescens),0.4092,Yucca,0.2701,0.1391,dypsis-lutescens,"dypsis-lutescens|yucca|pachira-aquatica",true,low-conf,false,119,
yucca__01,yucca,squash,crop_offcenter_zoom,crop,Sago Palm (Cycas revoluta),0.5127,Yucca,0.3550,0.1577,cycas-revoluta,"cycas-revoluta|yucca|dypsis-lutescens",true,low-conf,false,32,
yucca__01,yucca,center_crop,crop_offcenter_zoom,crop,Sago Palm (Cycas revoluta),0.5127,Yucca,0.3550,0.1577,cycas-revoluta,"cycas-revoluta|yucca|dypsis-lutescens",true,low-conf,false,18,
yucca__01,yucca,tta6,crop_offcenter_zoom,crop,Sago Palm (Cycas revoluta),0.3949,Yucca,0.3432,0.0517,cycas-revoluta,"cycas-revoluta|yucca|dypsis-lutescens",true,low-conf,false,126,
yucca__01,yucca,squash,rotate_+15,rotate,Sago Palm (Cycas revoluta),0.9736,Boston Fern (Nephrolepis exaltata),0.0195,0.9542,cycas-revoluta,"cycas-revoluta|nephrolepis-exaltata|yucca",true,high-conf,true,24,
yucca__01,yucca,center_crop,rotate_+15,rotate,Sago Palm (Cycas revoluta),0.9736,Boston Fern (Nephrolepis exaltata),0.0195,0.9542,cycas-revoluta,"cycas-revoluta|nephrolepis-exaltata|yucca",true,high-conf,true,21,
yucca__01,yucca,tta6,rotate_+15,rotate,Sago Palm (Cycas revoluta),0.5200,Areca Palm (Dypsis lutescens),0.3334,0.1866,cycas-revoluta,"cycas-revoluta|dypsis-lutescens|yucca",true,low-conf,false,220,
yucca__01,yucca,squash,rotate_-15,rotate,Sago Palm (Cycas revoluta),0.6245,Yucca,0.3755,0.2489,cycas-revoluta,"cycas-revoluta|yucca|nephrolepis-exaltata",true,low-conf,false,40,
yucca__01,yucca,center_crop,rotate_-15,rotate,Sago Palm (Cycas revoluta),0.6245,Yucca,0.3755,0.2489,cycas-revoluta,"cycas-revoluta|yucca|nephrolepis-exaltata",true,low-conf,false,20,
yucca__01,yucca,tta6,rotate_-15,rotate,Yucca,0.7466,Sago Palm (Cycas revoluta),0.2530,0.4936,yucca,"yucca|cycas-revoluta|nephrolepis-exaltata",true,high-conf,false,212,
yucca__01,yucca,squash,rotate_+90,rotate,Yucca,0.7437,Sago Palm (Cycas revoluta),0.2562,0.4875,yucca,"yucca|cycas-revoluta|dypsis-lutescens",true,high-conf,false,25,
yucca__01,yucca,center_crop,rotate_+90,rotate,Yucca,0.7437,Sago Palm (Cycas revoluta),0.2562,0.4875,yucca,"yucca|cycas-revoluta|dypsis-lutescens",true,high-conf,false,33,
yucca__01,yucca,tta6,rotate_+90,rotate,Yucca,0.7696,Sago Palm (Cycas revoluta),0.1521,0.6175,yucca,"yucca|cycas-revoluta|dypsis-lutescens",true,high-conf,false,152,
yucca__01,yucca,squash,rotate_-90,rotate,Sago Palm (Cycas revoluta),0.9970,Areca Palm (Dypsis lutescens),0.0029,0.9941,cycas-revoluta,"cycas-revoluta|dypsis-lutescens|yucca",true,high-conf,true,24,
yucca__01,yucca,center_crop,rotate_-90,rotate,Sago Palm (Cycas revoluta),0.9970,Areca Palm (Dypsis lutescens),0.0029,0.9941,cycas-revoluta,"cycas-revoluta|dypsis-lutescens|yucca",true,high-conf,true,32,
yucca__01,yucca,tta6,rotate_-90,rotate,Areca Palm (Dypsis lutescens),0.5001,Sago Palm (Cycas revoluta),0.3331,0.1670,dypsis-lutescens,"dypsis-lutescens|cycas-revoluta|yucca",true,low-conf,false,145,
yucca__01,yucca,squash,bright_up,brightness,Areca Palm (Dypsis lutescens),0.9999,Peace lily,0.0000,0.9999,dypsis-lutescens,"dypsis-lutescens|spathiphyllum-wallisii|dracaena",true,high-conf,true,25,
yucca__01,yucca,center_crop,bright_up,brightness,Areca Palm (Dypsis lutescens),0.9999,Peace lily,0.0000,0.9999,dypsis-lutescens,"dypsis-lutescens|spathiphyllum-wallisii|dracaena",true,high-conf,true,18,
yucca__01,yucca,tta6,bright_up,brightness,Areca Palm (Dypsis lutescens),0.7778,Yucca,0.1613,0.6165,dypsis-lutescens,"dypsis-lutescens|yucca|dracaena",true,high-conf,true,145,
yucca__01,yucca,squash,bright_down,brightness,Areca Palm (Dypsis lutescens),0.9999,Sago Palm (Cycas revoluta),0.0001,0.9998,dypsis-lutescens,"dypsis-lutescens|cycas-revoluta|pachira-aquatica",true,high-conf,true,18,
yucca__01,yucca,center_crop,bright_down,brightness,Areca Palm (Dypsis lutescens),0.9999,Sago Palm (Cycas revoluta),0.0001,0.9998,dypsis-lutescens,"dypsis-lutescens|cycas-revoluta|pachira-aquatica",true,high-conf,true,16,
yucca__01,yucca,tta6,bright_down,brightness,Areca Palm (Dypsis lutescens),0.7159,Dracaena,0.1310,0.5849,dypsis-lutescens,"dypsis-lutescens|dracaena|yucca",true,high-conf,true,124,
yucca__01,yucca,squash,contrast_up,contrast,Areca Palm (Dypsis lutescens),0.8481,Cast Iron Plant (Aspidistra elatior),0.1474,0.7008,dypsis-lutescens,"dypsis-lutescens|aspidistra-elatior|spathiphyllum-wallisii",true,high-conf,true,17,
yucca__01,yucca,center_crop,contrast_up,contrast,Areca Palm (Dypsis lutescens),0.8481,Cast Iron Plant (Aspidistra elatior),0.1474,0.7008,dypsis-lutescens,"dypsis-lutescens|aspidistra-elatior|spathiphyllum-wallisii",true,high-conf,true,17,
yucca__01,yucca,tta6,contrast_up,contrast,Areca Palm (Dypsis lutescens),0.5264,Dracaena,0.2375,0.2889,dypsis-lutescens,"dypsis-lutescens|dracaena|yucca",true,low-conf,false,111,
yucca__01,yucca,squash,contrast_down,contrast,Areca Palm (Dypsis lutescens),1.0000,Money Tree (Pachira aquatica),0.0000,1.0000,dypsis-lutescens,"dypsis-lutescens|pachira-aquatica|cycas-revoluta",true,high-conf,true,21,
yucca__01,yucca,center_crop,contrast_down,contrast,Areca Palm (Dypsis lutescens),1.0000,Money Tree (Pachira aquatica),0.0000,1.0000,dypsis-lutescens,"dypsis-lutescens|pachira-aquatica|cycas-revoluta",true,high-conf,true,21,
yucca__01,yucca,tta6,contrast_down,contrast,Areca Palm (Dypsis lutescens),0.8463,Dracaena,0.1190,0.7273,dypsis-lutescens,"dypsis-lutescens|dracaena|yucca",true,high-conf,true,155,
zamioculcas-zamiifolia,zamioculcas-zamiifolia,squash,clean,clean,ZZ Plant (Zamioculcas zamiifolia),0.9350,Birds Nest Fern (Asplenium nidus),0.0649,0.8700,zamioculcas-zamiifolia,"zamioculcas-zamiifolia|asplenium-nidus|alocasia",true,high-conf,false,24,
zamioculcas-zamiifolia,zamioculcas-zamiifolia,center_crop,clean,clean,ZZ Plant (Zamioculcas zamiifolia),0.9350,Birds Nest Fern (Asplenium nidus),0.0649,0.8700,zamioculcas-zamiifolia,"zamioculcas-zamiifolia|asplenium-nidus|alocasia",true,high-conf,false,30,
zamioculcas-zamiifolia,zamioculcas-zamiifolia,tta6,clean,clean,ZZ Plant (Zamioculcas zamiifolia),0.8983,Ctenanthe,0.0733,0.8250,zamioculcas-zamiifolia,"zamioculcas-zamiifolia|ctenanthe|asplenium-nidus",true,high-conf,false,128,
zamioculcas-zamiifolia,zamioculcas-zamiifolia,squash,blur,blur,English Ivy (Hedera helix),0.7432,Birds Nest Fern (Asplenium nidus),0.1995,0.5436,hedera-helix,"hedera-helix|asplenium-nidus|pachira-aquatica",true,high-conf,true,26,
zamioculcas-zamiifolia,zamioculcas-zamiifolia,center_crop,blur,blur,English Ivy (Hedera helix),0.7432,Birds Nest Fern (Asplenium nidus),0.1995,0.5436,hedera-helix,"hedera-helix|asplenium-nidus|pachira-aquatica",true,high-conf,true,22,
zamioculcas-zamiifolia,zamioculcas-zamiifolia,tta6,blur,blur,Money Tree (Pachira aquatica),0.3352,Parlor Palm (Chamaedorea elegans),0.3016,0.0336,pachira-aquatica,"pachira-aquatica|chamaedorea-elegans|hedera-helix",true,low-conf,false,147,
zamioculcas-zamiifolia,zamioculcas-zamiifolia,squash,crop_center_zoom,crop,ZZ Plant (Zamioculcas zamiifolia),0.9996,Ctenanthe,0.0004,0.9992,zamioculcas-zamiifolia,"zamioculcas-zamiifolia|ctenanthe|ficus-elastica",true,high-conf,false,16,
zamioculcas-zamiifolia,zamioculcas-zamiifolia,center_crop,crop_center_zoom,crop,ZZ Plant (Zamioculcas zamiifolia),0.9996,Ctenanthe,0.0004,0.9992,zamioculcas-zamiifolia,"zamioculcas-zamiifolia|ctenanthe|ficus-elastica",true,high-conf,false,17,
zamioculcas-zamiifolia,zamioculcas-zamiifolia,tta6,crop_center_zoom,crop,ZZ Plant (Zamioculcas zamiifolia),0.9977,Rattlesnake Plant (Calathea lancifolia),0.0009,0.9967,zamioculcas-zamiifolia,"zamioculcas-zamiifolia|ficus-elastica|ctenanthe",true,high-conf,false,167,
zamioculcas-zamiifolia,zamioculcas-zamiifolia,squash,crop_offcenter_zoom,crop,ZZ Plant (Zamioculcas zamiifolia),1.0000,Prayer Plant (Maranta leuconeura),0.0000,1.0000,zamioculcas-zamiifolia,"zamioculcas-zamiifolia|maranta-leuconeura|ctenanthe",true,high-conf,false,32,
zamioculcas-zamiifolia,zamioculcas-zamiifolia,center_crop,crop_offcenter_zoom,crop,ZZ Plant (Zamioculcas zamiifolia),1.0000,Prayer Plant (Maranta leuconeura),0.0000,1.0000,zamioculcas-zamiifolia,"zamioculcas-zamiifolia|maranta-leuconeura|ctenanthe",true,high-conf,false,23,
zamioculcas-zamiifolia,zamioculcas-zamiifolia,tta6,crop_offcenter_zoom,crop,ZZ Plant (Zamioculcas zamiifolia),0.9803,Ctenanthe,0.0148,0.9655,zamioculcas-zamiifolia,"zamioculcas-zamiifolia|ctenanthe|schefflera",true,high-conf,false,104,
zamioculcas-zamiifolia,zamioculcas-zamiifolia,squash,rotate_+15,rotate,Birds Nest Fern (Asplenium nidus),0.7434,ZZ Plant (Zamioculcas zamiifolia),0.2566,0.4868,asplenium-nidus,"asplenium-nidus|zamioculcas-zamiifolia|anthurium-andraeanum",true,high-conf,true,23,
zamioculcas-zamiifolia,zamioculcas-zamiifolia,center_crop,rotate_+15,rotate,Birds Nest Fern (Asplenium nidus),0.7434,ZZ Plant (Zamioculcas zamiifolia),0.2566,0.4868,asplenium-nidus,"asplenium-nidus|zamioculcas-zamiifolia|anthurium-andraeanum",true,high-conf,true,18,
zamioculcas-zamiifolia,zamioculcas-zamiifolia,tta6,rotate_+15,rotate,ZZ Plant (Zamioculcas zamiifolia),0.7407,Birds Nest Fern (Asplenium nidus),0.2483,0.4924,zamioculcas-zamiifolia,"zamioculcas-zamiifolia|asplenium-nidus|schefflera",true,high-conf,false,175,
zamioculcas-zamiifolia,zamioculcas-zamiifolia,squash,rotate_-15,rotate,Birds Nest Fern (Asplenium nidus),0.9999,Christmas Cactus (Schlumbergera bridgesii),0.0000,0.9999,asplenium-nidus,"asplenium-nidus|schlumbergera-bridgesii|tradescantia",true,high-conf,true,19,
zamioculcas-zamiifolia,zamioculcas-zamiifolia,center_crop,rotate_-15,rotate,Birds Nest Fern (Asplenium nidus),0.9999,Christmas Cactus (Schlumbergera bridgesii),0.0000,0.9999,asplenium-nidus,"asplenium-nidus|schlumbergera-bridgesii|tradescantia",true,high-conf,true,19,
zamioculcas-zamiifolia,zamioculcas-zamiifolia,tta6,rotate_-15,rotate,Birds Nest Fern (Asplenium nidus),0.4058,ZZ Plant (Zamioculcas zamiifolia),0.3969,0.0089,asplenium-nidus,"asplenium-nidus|zamioculcas-zamiifolia|pachira-aquatica",true,low-conf,false,118,
zamioculcas-zamiifolia,zamioculcas-zamiifolia,squash,rotate_+90,rotate,ZZ Plant (Zamioculcas zamiifolia),0.9990,Ctenanthe,0.0008,0.9982,zamioculcas-zamiifolia,"zamioculcas-zamiifolia|ctenanthe|ficus-elastica",true,high-conf,false,19,
zamioculcas-zamiifolia,zamioculcas-zamiifolia,center_crop,rotate_+90,rotate,ZZ Plant (Zamioculcas zamiifolia),0.9990,Ctenanthe,0.0008,0.9982,zamioculcas-zamiifolia,"zamioculcas-zamiifolia|ctenanthe|ficus-elastica",true,high-conf,false,18,
zamioculcas-zamiifolia,zamioculcas-zamiifolia,tta6,rotate_+90,rotate,ZZ Plant (Zamioculcas zamiifolia),0.9972,Jade plant (Crassula ovata),0.0020,0.9952,zamioculcas-zamiifolia,"zamioculcas-zamiifolia|crassula-ovata|ctenanthe",true,high-conf,false,125,
zamioculcas-zamiifolia,zamioculcas-zamiifolia,squash,rotate_-90,rotate,ZZ Plant (Zamioculcas zamiifolia),0.9060,Birds Nest Fern (Asplenium nidus),0.0849,0.8211,zamioculcas-zamiifolia,"zamioculcas-zamiifolia|asplenium-nidus|epipremnum-aureum",true,high-conf,false,21,
zamioculcas-zamiifolia,zamioculcas-zamiifolia,center_crop,rotate_-90,rotate,ZZ Plant (Zamioculcas zamiifolia),0.9060,Birds Nest Fern (Asplenium nidus),0.0849,0.8211,zamioculcas-zamiifolia,"zamioculcas-zamiifolia|asplenium-nidus|epipremnum-aureum",true,high-conf,false,25,
zamioculcas-zamiifolia,zamioculcas-zamiifolia,tta6,rotate_-90,rotate,ZZ Plant (Zamioculcas zamiifolia),0.9623,Birds Nest Fern (Asplenium nidus),0.0283,0.9340,zamioculcas-zamiifolia,"zamioculcas-zamiifolia|asplenium-nidus|ctenanthe",true,high-conf,false,138,
zamioculcas-zamiifolia,zamioculcas-zamiifolia,squash,bright_up,brightness,ZZ Plant (Zamioculcas zamiifolia),0.7389,Birds Nest Fern (Asplenium nidus),0.2608,0.4781,zamioculcas-zamiifolia,"zamioculcas-zamiifolia|asplenium-nidus|ctenanthe",true,high-conf,false,31,
zamioculcas-zamiifolia,zamioculcas-zamiifolia,center_crop,bright_up,brightness,ZZ Plant (Zamioculcas zamiifolia),0.7389,Birds Nest Fern (Asplenium nidus),0.2608,0.4781,zamioculcas-zamiifolia,"zamioculcas-zamiifolia|asplenium-nidus|ctenanthe",true,high-conf,false,22,
zamioculcas-zamiifolia,zamioculcas-zamiifolia,tta6,bright_up,brightness,ZZ Plant (Zamioculcas zamiifolia),0.8877,Birds Nest Fern (Asplenium nidus),0.0869,0.8008,zamioculcas-zamiifolia,"zamioculcas-zamiifolia|asplenium-nidus|ctenanthe",true,high-conf,false,121,
zamioculcas-zamiifolia,zamioculcas-zamiifolia,squash,bright_down,brightness,ZZ Plant (Zamioculcas zamiifolia),0.9921,Birds Nest Fern (Asplenium nidus),0.0077,0.9844,zamioculcas-zamiifolia,"zamioculcas-zamiifolia|asplenium-nidus|alocasia",true,high-conf,false,16,
zamioculcas-zamiifolia,zamioculcas-zamiifolia,center_crop,bright_down,brightness,ZZ Plant (Zamioculcas zamiifolia),0.9921,Birds Nest Fern (Asplenium nidus),0.0077,0.9844,zamioculcas-zamiifolia,"zamioculcas-zamiifolia|asplenium-nidus|alocasia",true,high-conf,false,17,
zamioculcas-zamiifolia,zamioculcas-zamiifolia,tta6,bright_down,brightness,ZZ Plant (Zamioculcas zamiifolia),0.8333,Ctenanthe,0.1470,0.6862,zamioculcas-zamiifolia,"zamioculcas-zamiifolia|ctenanthe|pachira-aquatica",true,high-conf,false,111,
zamioculcas-zamiifolia,zamioculcas-zamiifolia,squash,contrast_up,contrast,ZZ Plant (Zamioculcas zamiifolia),0.5734,Birds Nest Fern (Asplenium nidus),0.4265,0.1469,zamioculcas-zamiifolia,"zamioculcas-zamiifolia|asplenium-nidus|alocasia",true,low-conf,false,15,
zamioculcas-zamiifolia,zamioculcas-zamiifolia,center_crop,contrast_up,contrast,ZZ Plant (Zamioculcas zamiifolia),0.5734,Birds Nest Fern (Asplenium nidus),0.4265,0.1469,zamioculcas-zamiifolia,"zamioculcas-zamiifolia|asplenium-nidus|alocasia",true,low-conf,false,16,
zamioculcas-zamiifolia,zamioculcas-zamiifolia,tta6,contrast_up,contrast,ZZ Plant (Zamioculcas zamiifolia),0.8443,Birds Nest Fern (Asplenium nidus),0.1422,0.7022,zamioculcas-zamiifolia,"zamioculcas-zamiifolia|asplenium-nidus|monstera-deliciosa",true,high-conf,false,130,
zamioculcas-zamiifolia,zamioculcas-zamiifolia,squash,contrast_down,contrast,ZZ Plant (Zamioculcas zamiifolia),0.9739,Birds Nest Fern (Asplenium nidus),0.0258,0.9480,zamioculcas-zamiifolia,"zamioculcas-zamiifolia|asplenium-nidus|monstera-deliciosa",true,high-conf,false,19,
zamioculcas-zamiifolia,zamioculcas-zamiifolia,center_crop,contrast_down,contrast,ZZ Plant (Zamioculcas zamiifolia),0.9739,Birds Nest Fern (Asplenium nidus),0.0258,0.9480,zamioculcas-zamiifolia,"zamioculcas-zamiifolia|asplenium-nidus|monstera-deliciosa",true,high-conf,false,31,
zamioculcas-zamiifolia,zamioculcas-zamiifolia,tta6,contrast_down,contrast,ZZ Plant (Zamioculcas zamiifolia),0.6796,Ctenanthe,0.1642,0.5154,zamioculcas-zamiifolia,"zamioculcas-zamiifolia|ctenanthe|pachira-aquatica",true,high-conf,false,150,
zamioculcas-zamiifolia__01,zamioculcas-zamiifolia,squash,clean,clean,ZZ Plant (Zamioculcas zamiifolia),1.0000,Cast Iron Plant (Aspidistra elatior),0.0000,1.0000,zamioculcas-zamiifolia,"zamioculcas-zamiifolia|aspidistra-elatior|monstera-deliciosa",true,high-conf,false,20,
zamioculcas-zamiifolia__01,zamioculcas-zamiifolia,center_crop,clean,clean,ZZ Plant (Zamioculcas zamiifolia),1.0000,Cast Iron Plant (Aspidistra elatior),0.0000,1.0000,zamioculcas-zamiifolia,"zamioculcas-zamiifolia|aspidistra-elatior|monstera-deliciosa",true,high-conf,false,23,
zamioculcas-zamiifolia__01,zamioculcas-zamiifolia,tta6,clean,clean,ZZ Plant (Zamioculcas zamiifolia),1.0000,Ctenanthe,0.0000,1.0000,zamioculcas-zamiifolia,"zamioculcas-zamiifolia|ctenanthe|crassula-ovata",true,high-conf,false,138,
zamioculcas-zamiifolia__01,zamioculcas-zamiifolia,squash,blur,blur,ZZ Plant (Zamioculcas zamiifolia),0.9573,Money Tree (Pachira aquatica),0.0159,0.9414,zamioculcas-zamiifolia,"zamioculcas-zamiifolia|pachira-aquatica|monstera-deliciosa",true,high-conf,false,18,
zamioculcas-zamiifolia__01,zamioculcas-zamiifolia,center_crop,blur,blur,ZZ Plant (Zamioculcas zamiifolia),0.9573,Money Tree (Pachira aquatica),0.0159,0.9414,zamioculcas-zamiifolia,"zamioculcas-zamiifolia|pachira-aquatica|monstera-deliciosa",true,high-conf,false,22,
zamioculcas-zamiifolia__01,zamioculcas-zamiifolia,tta6,blur,blur,ZZ Plant (Zamioculcas zamiifolia),0.6676,Money Tree (Pachira aquatica),0.2495,0.4181,zamioculcas-zamiifolia,"zamioculcas-zamiifolia|pachira-aquatica|spathiphyllum-wallisii",true,high-conf,false,151,
zamioculcas-zamiifolia__01,zamioculcas-zamiifolia,squash,crop_center_zoom,crop,ZZ Plant (Zamioculcas zamiifolia),1.0000,Monstera Deliciosa (Monstera deliciosa),0.0000,1.0000,zamioculcas-zamiifolia,"zamioculcas-zamiifolia|monstera-deliciosa|strelitzia-reginae",true,high-conf,false,30,
zamioculcas-zamiifolia__01,zamioculcas-zamiifolia,center_crop,crop_center_zoom,crop,ZZ Plant (Zamioculcas zamiifolia),1.0000,Monstera Deliciosa (Monstera deliciosa),0.0000,1.0000,zamioculcas-zamiifolia,"zamioculcas-zamiifolia|monstera-deliciosa|strelitzia-reginae",true,high-conf,false,17,
zamioculcas-zamiifolia__01,zamioculcas-zamiifolia,tta6,crop_center_zoom,crop,ZZ Plant (Zamioculcas zamiifolia),1.0000,Monstera Deliciosa (Monstera deliciosa),0.0000,1.0000,zamioculcas-zamiifolia,"zamioculcas-zamiifolia|monstera-deliciosa|ficus-elastica",true,high-conf,false,113,
zamioculcas-zamiifolia__01,zamioculcas-zamiifolia,squash,crop_offcenter_zoom,crop,ZZ Plant (Zamioculcas zamiifolia),1.0000,Money Tree (Pachira aquatica),0.0000,1.0000,zamioculcas-zamiifolia,"zamioculcas-zamiifolia|pachira-aquatica|goeppertia-orbifolia",true,high-conf,false,17,
zamioculcas-zamiifolia__01,zamioculcas-zamiifolia,center_crop,crop_offcenter_zoom,crop,ZZ Plant (Zamioculcas zamiifolia),1.0000,Money Tree (Pachira aquatica),0.0000,1.0000,zamioculcas-zamiifolia,"zamioculcas-zamiifolia|pachira-aquatica|goeppertia-orbifolia",true,high-conf,false,19,
zamioculcas-zamiifolia__01,zamioculcas-zamiifolia,tta6,crop_offcenter_zoom,crop,ZZ Plant (Zamioculcas zamiifolia),0.9991,Peace lily,0.0003,0.9987,zamioculcas-zamiifolia,"zamioculcas-zamiifolia|spathiphyllum-wallisii|pachira-aquatica",true,high-conf,false,114,
zamioculcas-zamiifolia__01,zamioculcas-zamiifolia,squash,rotate_+15,rotate,ZZ Plant (Zamioculcas zamiifolia),1.0000,Parlor Palm (Chamaedorea elegans),0.0000,1.0000,zamioculcas-zamiifolia,"zamioculcas-zamiifolia|chamaedorea-elegans|monstera-deliciosa",true,high-conf,false,16,
zamioculcas-zamiifolia__01,zamioculcas-zamiifolia,center_crop,rotate_+15,rotate,ZZ Plant (Zamioculcas zamiifolia),1.0000,Parlor Palm (Chamaedorea elegans),0.0000,1.0000,zamioculcas-zamiifolia,"zamioculcas-zamiifolia|chamaedorea-elegans|monstera-deliciosa",true,high-conf,false,16,
zamioculcas-zamiifolia__01,zamioculcas-zamiifolia,tta6,rotate_+15,rotate,ZZ Plant (Zamioculcas zamiifolia),1.0000,Parlor Palm (Chamaedorea elegans),0.0000,1.0000,zamioculcas-zamiifolia,"zamioculcas-zamiifolia|chamaedorea-elegans|monstera-deliciosa",true,high-conf,false,102,
zamioculcas-zamiifolia__01,zamioculcas-zamiifolia,squash,rotate_-15,rotate,ZZ Plant (Zamioculcas zamiifolia),1.0000,Monstera Deliciosa (Monstera deliciosa),0.0000,1.0000,zamioculcas-zamiifolia,"zamioculcas-zamiifolia|monstera-deliciosa|ctenanthe",true,high-conf,false,14,
zamioculcas-zamiifolia__01,zamioculcas-zamiifolia,center_crop,rotate_-15,rotate,ZZ Plant (Zamioculcas zamiifolia),1.0000,Monstera Deliciosa (Monstera deliciosa),0.0000,1.0000,zamioculcas-zamiifolia,"zamioculcas-zamiifolia|monstera-deliciosa|ctenanthe",true,high-conf,false,18,
zamioculcas-zamiifolia__01,zamioculcas-zamiifolia,tta6,rotate_-15,rotate,ZZ Plant (Zamioculcas zamiifolia),1.0000,Ctenanthe,0.0000,1.0000,zamioculcas-zamiifolia,"zamioculcas-zamiifolia|ctenanthe|aspidistra-elatior",true,high-conf,false,109,
zamioculcas-zamiifolia__01,zamioculcas-zamiifolia,squash,rotate_+90,rotate,Monstera Deliciosa (Monstera deliciosa),0.9961,Money Tree (Pachira aquatica),0.0034,0.9928,monstera-deliciosa,"monstera-deliciosa|pachira-aquatica|ctenanthe",true,high-conf,true,19,
zamioculcas-zamiifolia__01,zamioculcas-zamiifolia,center_crop,rotate_+90,rotate,Monstera Deliciosa (Monstera deliciosa),0.9961,Money Tree (Pachira aquatica),0.0034,0.9928,monstera-deliciosa,"monstera-deliciosa|pachira-aquatica|ctenanthe",true,high-conf,true,21,
zamioculcas-zamiifolia__01,zamioculcas-zamiifolia,tta6,rotate_+90,rotate,ZZ Plant (Zamioculcas zamiifolia),0.5358,Monstera Deliciosa (Monstera deliciosa),0.3553,0.1805,zamioculcas-zamiifolia,"zamioculcas-zamiifolia|monstera-deliciosa|ctenanthe",true,low-conf,false,118,
zamioculcas-zamiifolia__01,zamioculcas-zamiifolia,squash,rotate_-90,rotate,ZZ Plant (Zamioculcas zamiifolia),0.9993,Monstera Deliciosa (Monstera deliciosa),0.0006,0.9987,zamioculcas-zamiifolia,"zamioculcas-zamiifolia|monstera-deliciosa|chamaedorea-elegans",true,high-conf,false,17,
zamioculcas-zamiifolia__01,zamioculcas-zamiifolia,center_crop,rotate_-90,rotate,ZZ Plant (Zamioculcas zamiifolia),0.9993,Monstera Deliciosa (Monstera deliciosa),0.0006,0.9987,zamioculcas-zamiifolia,"zamioculcas-zamiifolia|monstera-deliciosa|chamaedorea-elegans",true,high-conf,false,21,
zamioculcas-zamiifolia__01,zamioculcas-zamiifolia,tta6,rotate_-90,rotate,ZZ Plant (Zamioculcas zamiifolia),0.9882,Monstera Deliciosa (Monstera deliciosa),0.0061,0.9821,zamioculcas-zamiifolia,"zamioculcas-zamiifolia|monstera-deliciosa|ctenanthe",true,high-conf,false,124,
zamioculcas-zamiifolia__01,zamioculcas-zamiifolia,squash,bright_up,brightness,ZZ Plant (Zamioculcas zamiifolia),1.0000,Cast Iron Plant (Aspidistra elatior),0.0000,1.0000,zamioculcas-zamiifolia,"zamioculcas-zamiifolia|aspidistra-elatior|ficus-elastica",true,high-conf,false,19,
zamioculcas-zamiifolia__01,zamioculcas-zamiifolia,center_crop,bright_up,brightness,ZZ Plant (Zamioculcas zamiifolia),1.0000,Cast Iron Plant (Aspidistra elatior),0.0000,1.0000,zamioculcas-zamiifolia,"zamioculcas-zamiifolia|aspidistra-elatior|ficus-elastica",true,high-conf,false,19,
zamioculcas-zamiifolia__01,zamioculcas-zamiifolia,tta6,bright_up,brightness,ZZ Plant (Zamioculcas zamiifolia),1.0000,Snake plant (Sanseviera),0.0000,0.9999,zamioculcas-zamiifolia,"zamioculcas-zamiifolia|dracaena-trifasciata|ctenanthe",true,high-conf,false,120,
zamioculcas-zamiifolia__01,zamioculcas-zamiifolia,squash,bright_down,brightness,ZZ Plant (Zamioculcas zamiifolia),1.0000,Parlor Palm (Chamaedorea elegans),0.0000,1.0000,zamioculcas-zamiifolia,"zamioculcas-zamiifolia|chamaedorea-elegans|ficus-elastica",true,high-conf,false,22,
zamioculcas-zamiifolia__01,zamioculcas-zamiifolia,center_crop,bright_down,brightness,ZZ Plant (Zamioculcas zamiifolia),1.0000,Parlor Palm (Chamaedorea elegans),0.0000,1.0000,zamioculcas-zamiifolia,"zamioculcas-zamiifolia|chamaedorea-elegans|ficus-elastica",true,high-conf,false,18,
zamioculcas-zamiifolia__01,zamioculcas-zamiifolia,tta6,bright_down,brightness,ZZ Plant (Zamioculcas zamiifolia),0.9988,Calathea,0.0006,0.9982,zamioculcas-zamiifolia,"zamioculcas-zamiifolia|goeppertia-orbifolia|ctenanthe",true,high-conf,false,105,
zamioculcas-zamiifolia__01,zamioculcas-zamiifolia,squash,contrast_up,contrast,ZZ Plant (Zamioculcas zamiifolia),1.0000,Monstera Deliciosa (Monstera deliciosa),0.0000,1.0000,zamioculcas-zamiifolia,"zamioculcas-zamiifolia|monstera-deliciosa|strelitzia-reginae",true,high-conf,false,16,
zamioculcas-zamiifolia__01,zamioculcas-zamiifolia,center_crop,contrast_up,contrast,ZZ Plant (Zamioculcas zamiifolia),1.0000,Monstera Deliciosa (Monstera deliciosa),0.0000,1.0000,zamioculcas-zamiifolia,"zamioculcas-zamiifolia|monstera-deliciosa|strelitzia-reginae",true,high-conf,false,14,
zamioculcas-zamiifolia__01,zamioculcas-zamiifolia,tta6,contrast_up,contrast,ZZ Plant (Zamioculcas zamiifolia),0.9998,Jade plant (Crassula ovata),0.0001,0.9998,zamioculcas-zamiifolia,"zamioculcas-zamiifolia|crassula-ovata|goeppertia-orbifolia",true,high-conf,false,103,
zamioculcas-zamiifolia__01,zamioculcas-zamiifolia,squash,contrast_down,contrast,ZZ Plant (Zamioculcas zamiifolia),1.0000,Cast Iron Plant (Aspidistra elatior),0.0000,1.0000,zamioculcas-zamiifolia,"zamioculcas-zamiifolia|aspidistra-elatior|dracaena",true,high-conf,false,18,
zamioculcas-zamiifolia__01,zamioculcas-zamiifolia,center_crop,contrast_down,contrast,ZZ Plant (Zamioculcas zamiifolia),1.0000,Cast Iron Plant (Aspidistra elatior),0.0000,1.0000,zamioculcas-zamiifolia,"zamioculcas-zamiifolia|aspidistra-elatior|dracaena",true,high-conf,false,19,
zamioculcas-zamiifolia__01,zamioculcas-zamiifolia,tta6,contrast_down,contrast,ZZ Plant (Zamioculcas zamiifolia),1.0000,Ctenanthe,0.0000,1.0000,zamioculcas-zamiifolia,"zamioculcas-zamiifolia|ctenanthe|goeppertia-orbifolia",true,high-conf,false,224,
