base_image,expected_species_id,mode,perturbation,family,raw_top1_label,raw_top1_score,raw_top2_label,raw_top2_score,margin,mapped_top1_kb_id,mapped_top3_kb_ids,in_vocab,route,confident_wrong,latency_ms,failure
aglaonema__01,aglaonema,tta6,clean,clean,Chinese evergreen (Aglaonema),0.9686,Dracaena,0.0163,0.9523,aglaonema,"aglaonema|dracaena|monstera-deliciosa",true,high-conf,false,117,
aglaonema__01,aglaonema,grid2x2,clean,clean,Chinese evergreen (Aglaonema),0.9515,Dracaena,0.0148,0.9367,aglaonema,"aglaonema|dracaena|ctenanthe",true,high-conf,false,474,
aglaonema__01,aglaonema,grid2x2_3x3,clean,clean,Chinese evergreen (Aglaonema),0.8050,Tradescantia,0.1154,0.6896,aglaonema,"aglaonema|tradescantia|ctenanthe",true,high-conf,false,417,
aglaonema__01,aglaonema,tta6,blur,blur,Schefflera,0.4236,Tradescantia,0.2322,0.1914,schefflera,"schefflera|tradescantia|euphorbia-pulcherrima",true,low-conf,false,126,
aglaonema__01,aglaonema,grid2x2,blur,blur,Tradescantia,0.3533,Schefflera,0.3486,0.0046,tradescantia,"tradescantia|schefflera|euphorbia-pulcherrima",true,low-conf,false,187,
aglaonema__01,aglaonema,grid2x2_3x3,blur,blur,Tradescantia,0.3012,Schefflera,0.2097,0.0915,tradescantia,"tradescantia|schefflera|schlumbergera-bridgesii",true,low-conf,false,421,
aglaonema__01,aglaonema,tta6,crop_center_zoom,crop,Chinese evergreen (Aglaonema),0.8937,Tradescantia,0.0567,0.8370,aglaonema,"aglaonema|tradescantia|dracaena",true,high-conf,false,116,
aglaonema__01,aglaonema,grid2x2,crop_center_zoom,crop,Chinese evergreen (Aglaonema),0.7516,Dracaena,0.1242,0.6274,aglaonema,"aglaonema|dracaena|tradescantia",true,high-conf,false,234,
aglaonema__01,aglaonema,grid2x2_3x3,crop_center_zoom,crop,Chinese evergreen (Aglaonema),0.7160,Tradescantia,0.1151,0.6009,aglaonema,"aglaonema|tradescantia|dracaena",true,high-conf,false,771,
aglaonema__01,aglaonema,tta6,crop_offcenter_zoom,crop,Chinese evergreen (Aglaonema),0.9496,Tradescantia,0.0498,0.8999,aglaonema,"aglaonema|tradescantia|dracaena",true,high-conf,false,136,
aglaonema__01,aglaonema,grid2x2,crop_offcenter_zoom,crop,Chinese evergreen (Aglaonema),0.7640,English Ivy (Hedera helix),0.1015,0.6625,aglaonema,"aglaonema|hedera-helix|tradescantia",true,high-conf,false,200,
aglaonema__01,aglaonema,grid2x2_3x3,crop_offcenter_zoom,crop,Chinese evergreen (Aglaonema),0.5972,English Ivy (Hedera helix),0.1061,0.4911,aglaonema,"aglaonema|hedera-helix|tradescantia",true,high-conf,false,665,
aglaonema__01,aglaonema,tta6,rotate_+15,rotate,Chinese evergreen (Aglaonema),0.8284,Begonia (Begonia spp.),0.1072,0.7212,aglaonema,"aglaonema|begonia|tradescantia",true,high-conf,false,229,
aglaonema__01,aglaonema,grid2x2,rotate_+15,rotate,Chinese evergreen (Aglaonema),0.6508,Tradescantia,0.1220,0.5288,aglaonema,"aglaonema|tradescantia|begonia",true,high-conf,false,390,
aglaonema__01,aglaonema,grid2x2_3x3,rotate_+15,rotate,Chinese evergreen (Aglaonema),0.4812,Tradescantia,0.1943,0.2870,aglaonema,"aglaonema|tradescantia|hedera-helix",true,low-conf,false,605,
aglaonema__01,aglaonema,tta6,rotate_-15,rotate,Chinese evergreen (Aglaonema),0.4262,Tradescantia,0.3603,0.0659,aglaonema,"aglaonema|tradescantia|dracaena",true,low-conf,false,163,
aglaonema__01,aglaonema,grid2x2,rotate_-15,rotate,Chinese evergreen (Aglaonema),0.4433,Tradescantia,0.3055,0.1378,aglaonema,"aglaonema|tradescantia|dracaena",true,low-conf,false,184,
aglaonema__01,aglaonema,grid2x2_3x3,rotate_-15,rotate,Tradescantia,0.3800,Chinese evergreen (Aglaonema),0.3737,0.0063,tradescantia,"tradescantia|aglaonema|hedera-helix",true,low-conf,false,380,
aglaonema__01,aglaonema,tta6,rotate_+90,rotate,Chinese evergreen (Aglaonema),1.0000,Monstera Deliciosa (Monstera deliciosa),0.0000,1.0000,aglaonema,"aglaonema|monstera-deliciosa|dracaena",true,high-conf,false,97,
aglaonema__01,aglaonema,grid2x2,rotate_+90,rotate,Chinese evergreen (Aglaonema),0.9538,Tradescantia,0.0387,0.9151,aglaonema,"aglaonema|tradescantia|begonia",true,high-conf,false,200,
aglaonema__01,aglaonema,grid2x2_3x3,rotate_+90,rotate,Chinese evergreen (Aglaonema),0.7353,Tradescantia,0.1523,0.5830,aglaonema,"aglaonema|tradescantia|goeppertia-orbifolia",true,high-conf,false,440,
aglaonema__01,aglaonema,tta6,rotate_-90,rotate,Chinese evergreen (Aglaonema),0.7252,Dracaena,0.2566,0.4686,aglaonema,"aglaonema|dracaena|monstera-deliciosa",true,high-conf,false,144,
aglaonema__01,aglaonema,grid2x2,rotate_-90,rotate,Chinese evergreen (Aglaonema),0.8049,Dracaena,0.1820,0.6229,aglaonema,"aglaonema|dracaena|monstera-deliciosa",true,high-conf,false,156,
aglaonema__01,aglaonema,grid2x2_3x3,rotate_-90,rotate,Chinese evergreen (Aglaonema),0.6059,Dracaena,0.1472,0.4587,aglaonema,"aglaonema|dracaena|tradescantia",true,high-conf,false,353,
aglaonema__01,aglaonema,tta6,bright_up,brightness,Chinese evergreen (Aglaonema),0.9621,Dracaena,0.0248,0.9373,aglaonema,"aglaonema|dracaena|monstera-deliciosa",true,high-conf,false,141,
aglaonema__01,aglaonema,grid2x2,bright_up,brightness,Chinese evergreen (Aglaonema),0.7584,Tradescantia,0.1708,0.5876,aglaonema,"aglaonema|tradescantia|ctenanthe",true,high-conf,false,172,
aglaonema__01,aglaonema,grid2x2_3x3,bright_up,brightness,Chinese evergreen (Aglaonema),0.6780,Tradescantia,0.2157,0.4623,aglaonema,"aglaonema|tradescantia|hedera-helix",true,high-conf,false,344,
aglaonema__01,aglaonema,tta6,bright_down,brightness,Chinese evergreen (Aglaonema),0.9495,Dracaena,0.0325,0.9170,aglaonema,"aglaonema|dracaena|monstera-deliciosa",true,high-conf,false,107,
aglaonema__01,aglaonema,grid2x2,bright_down,brightness,Chinese evergreen (Aglaonema),0.7229,Tradescantia,0.1077,0.6152,aglaonema,"aglaonema|tradescantia|ctenanthe",true,high-conf,false,204,
aglaonema__01,aglaonema,grid2x2_3x3,bright_down,brightness,Chinese evergreen (Aglaonema),0.6611,Tradescantia,0.1576,0.5035,aglaonema,"aglaonema|tradescantia|ctenanthe",true,high-conf,false,393,
aglaonema__01,aglaonema,tta6,contrast_up,contrast,Chinese evergreen (Aglaonema),0.9105,Dracaena,0.0886,0.8219,aglaonema,"aglaonema|dracaena|monstera-deliciosa",true,high-conf,false,147,
aglaonema__01,aglaonema,grid2x2,contrast_up,contrast,Chinese evergreen (Aglaonema),0.9331,Dracaena,0.0561,0.8769,aglaonema,"aglaonema|dracaena|ctenanthe",true,high-conf,false,285,
aglaonema__01,aglaonema,grid2x2_3x3,contrast_up,contrast,Chinese evergreen (Aglaonema),0.7955,Tradescantia,0.1177,0.6778,aglaonema,"aglaonema|tradescantia|ctenanthe",true,high-conf,false,566,
aglaonema__01,aglaonema,tta6,contrast_down,contrast,Chinese evergreen (Aglaonema),0.6919,Schefflera,0.2752,0.4166,aglaonema,"aglaonema|schefflera|monstera-deliciosa",true,high-conf,false,255,
aglaonema__01,aglaonema,grid2x2,contrast_down,contrast,Chinese evergreen (Aglaonema),0.5616,Schefflera,0.1655,0.3961,aglaonema,"aglaonema|schefflera|tradescantia",true,high-conf,false,240,
aglaonema__01,aglaonema,grid2x2_3x3,contrast_down,contrast,Chinese evergreen (Aglaonema),0.5549,Tradescantia,0.1927,0.3621,aglaonema,"aglaonema|tradescantia|schefflera",true,high-conf,false,515,
alocasia__01,alocasia,tta6,clean,clean,Elephant Ear (Alocasia spp.),0.6714,Money Tree (Pachira aquatica),0.1363,0.5351,alocasia,"alocasia|pachira-aquatica|anthurium-andraeanum",true,high-conf,false,97,
alocasia__01,alocasia,grid2x2,clean,clean,Elephant Ear (Alocasia spp.),0.5956,Ctenanthe,0.0997,0.4958,alocasia,"alocasia|ctenanthe|pachira-aquatica",true,high-conf,false,251,
alocasia__01,alocasia,grid2x2_3x3,clean,clean,Elephant Ear (Alocasia spp.),0.5149,Peace lily,0.1491,0.3658,alocasia,"alocasia|spathiphyllum-wallisii|pachira-aquatica",true,high-conf,false,520,
alocasia__01,alocasia,tta6,blur,blur,Elephant Ear (Alocasia spp.),0.9582,Money Tree (Pachira aquatica),0.0341,0.9240,alocasia,"alocasia|pachira-aquatica|spathiphyllum-wallisii",true,high-conf,false,130,
alocasia__01,alocasia,grid2x2,blur,blur,Elephant Ear (Alocasia spp.),0.6674,Peace lily,0.1125,0.5549,alocasia,"alocasia|spathiphyllum-wallisii|nephrolepis-exaltata",true,high-conf,false,200,
alocasia__01,alocasia,grid2x2_3x3,blur,blur,Elephant Ear (Alocasia spp.),0.3556,Calathea,0.2695,0.0860,alocasia,"alocasia|goeppertia-orbifolia|spathiphyllum-wallisii",true,low-conf,false,317,
alocasia__01,alocasia,tta6,crop_center_zoom,crop,Elephant Ear (Alocasia spp.),0.7013,Anthurium (Anthurium andraeanum),0.2507,0.4506,alocasia,"alocasia|anthurium-andraeanum|epipremnum-aureum",true,high-conf,false,106,
alocasia__01,alocasia,grid2x2,crop_center_zoom,crop,Elephant Ear (Alocasia spp.),0.7734,Anthurium (Anthurium andraeanum),0.1828,0.5906,alocasia,"alocasia|anthurium-andraeanum|epipremnum-aureum",true,high-conf,false,153,
alocasia__01,alocasia,grid2x2_3x3,crop_center_zoom,crop,Elephant Ear (Alocasia spp.),0.7244,Anthurium (Anthurium andraeanum),0.1235,0.6009,alocasia,"alocasia|anthurium-andraeanum|goeppertia-orbifolia",true,high-conf,false,384,
alocasia__01,alocasia,tta6,crop_offcenter_zoom,crop,Elephant Ear (Alocasia spp.),0.3981,Peace lily,0.3730,0.0251,alocasia,"alocasia|spathiphyllum-wallisii|anthurium-andraeanum",true,low-conf,false,114,
alocasia__01,alocasia,grid2x2,crop_offcenter_zoom,crop,Peace lily,0.3979,Elephant Ear (Alocasia spp.),0.3497,0.0483,spathiphyllum-wallisii,"spathiphyllum-wallisii|alocasia|ctenanthe",true,low-conf,false,183,
alocasia__01,alocasia,grid2x2_3x3,crop_offcenter_zoom,crop,Elephant Ear (Alocasia spp.),0.4388,Peace lily,0.2622,0.1766,alocasia,"alocasia|spathiphyllum-wallisii|ctenanthe",true,low-conf,false,348,
alocasia__01,alocasia,tta6,rotate_+15,rotate,Elephant Ear (Alocasia spp.),0.9743,Dumb Cane (Dieffenbachia spp.),0.0147,0.9596,alocasia,"alocasia|dieffenbachia|asplenium-nidus",true,high-conf,false,132,
alocasia__01,alocasia,grid2x2,rotate_+15,rotate,Elephant Ear (Alocasia spp.),0.8022,Money Tree (Pachira aquatica),0.0962,0.7061,alocasia,"alocasia|pachira-aquatica|asplenium-nidus",true,high-conf,false,274,
alocasia__01,alocasia,grid2x2_3x3,rotate_+15,rotate,Elephant Ear (Alocasia spp.),0.6040,Money Tree (Pachira aquatica),0.1138,0.4902,alocasia,"alocasia|pachira-aquatica|epipremnum-aureum",true,high-conf,false,406,
alocasia__01,alocasia,tta6,rotate_-15,rotate,Elephant Ear (Alocasia spp.),0.8310,Pothos (Ivy arum),0.1100,0.7210,alocasia,"alocasia|epipremnum-aureum|asplenium-nidus",true,high-conf,false,88,
alocasia__01,alocasia,grid2x2,rotate_-15,rotate,Elephant Ear (Alocasia spp.),0.6095,Pothos (Ivy arum),0.1714,0.4381,alocasia,"alocasia|epipremnum-aureum|asplenium-nidus",true,high-conf,false,172,
alocasia__01,alocasia,grid2x2_3x3,rotate_-15,rotate,Elephant Ear (Alocasia spp.),0.5719,Pothos (Ivy arum),0.1270,0.4449,alocasia,"alocasia|epipremnum-aureum|anthurium-andraeanum",true,high-conf,false,491,
alocasia__01,alocasia,tta6,rotate_+90,rotate,Elephant Ear (Alocasia spp.),0.8232,Birds Nest Fern (Asplenium nidus),0.0980,0.7252,alocasia,"alocasia|asplenium-nidus|dieffenbachia",true,high-conf,false,226,
alocasia__01,alocasia,grid2x2,rotate_+90,rotate,Elephant Ear (Alocasia spp.),0.8816,Birds Nest Fern (Asplenium nidus),0.0590,0.8227,alocasia,"alocasia|asplenium-nidus|dieffenbachia",true,high-conf,false,239,
alocasia__01,alocasia,grid2x2_3x3,rotate_+90,rotate,Elephant Ear (Alocasia spp.),0.7963,Chinese evergreen (Aglaonema),0.0731,0.7232,alocasia,"alocasia|aglaonema|asplenium-nidus",true,high-conf,false,329,
alocasia__01,alocasia,tta6,rotate_-90,rotate,Elephant Ear (Alocasia spp.),0.8500,Dumb Cane (Dieffenbachia spp.),0.1362,0.7138,alocasia,"alocasia|dieffenbachia|asplenium-nidus",true,high-conf,false,171,
alocasia__01,alocasia,grid2x2,rotate_-90,rotate,Elephant Ear (Alocasia spp.),0.8392,Dumb Cane (Dieffenbachia spp.),0.0838,0.7554,alocasia,"alocasia|dieffenbachia|anthurium-andraeanum",true,high-conf,false,268,
alocasia__01,alocasia,grid2x2_3x3,rotate_-90,rotate,Elephant Ear (Alocasia spp.),0.8307,Peace lily,0.0526,0.7781,alocasia,"alocasia|spathiphyllum-wallisii|dieffenbachia",true,high-conf,false,450,
alocasia__01,alocasia,tta6,bright_up,brightness,Elephant Ear (Alocasia spp.),0.9110,Peace lily,0.0562,0.8548,alocasia,"alocasia|spathiphyllum-wallisii|anthurium-andraeanum",true,high-conf,false,142,
alocasia__01,alocasia,grid2x2,bright_up,brightness,Elephant Ear (Alocasia spp.),0.7349,Peace lily,0.1150,0.6198,alocasia,"alocasia|spathiphyllum-wallisii|ctenanthe",true,high-conf,false,156,
alocasia__01,alocasia,grid2x2_3x3,bright_up,brightness,Elephant Ear (Alocasia spp.),0.5717,Peace lily,0.2055,0.3662,alocasia,"alocasia|spathiphyllum-wallisii|monstera-deliciosa",true,high-conf,false,367,
alocasia__01,alocasia,tta6,bright_down,brightness,Elephant Ear (Alocasia spp.),0.8929,Pothos (Ivy arum),0.0504,0.8424,alocasia,"alocasia|epipremnum-aureum|anthurium-andraeanum",true,high-conf,false,160,
alocasia__01,alocasia,grid2x2,bright_down,brightness,Elephant Ear (Alocasia spp.),0.7483,Ctenanthe,0.0965,0.6519,alocasia,"alocasia|ctenanthe|spathiphyllum-wallisii",true,high-conf,false,184,
alocasia__01,alocasia,grid2x2_3x3,bright_down,brightness,Elephant Ear (Alocasia spp.),0.5983,Peace lily,0.2229,0.3753,alocasia,"alocasia|spathiphyllum-wallisii|ctenanthe",true,high-conf,false,331,
alocasia__01,alocasia,tta6,contrast_up,contrast,Elephant Ear (Alocasia spp.),0.7863,Dumb Cane (Dieffenbachia spp.),0.1052,0.6810,alocasia,"alocasia|dieffenbachia|spathiphyllum-wallisii",true,high-conf,false,188,
alocasia__01,alocasia,grid2x2,contrast_up,contrast,Elephant Ear (Alocasia spp.),0.6751,Peace lily,0.1426,0.5325,alocasia,"alocasia|spathiphyllum-wallisii|dieffenbachia",true,high-conf,false,319,
alocasia__01,alocasia,grid2x2_3x3,contrast_up,contrast,Elephant Ear (Alocasia spp.),0.6315,Peace lily,0.1875,0.4440,alocasia,"alocasia|spathiphyllum-wallisii|aglaonema",true,high-conf,false,555,
alocasia__01,alocasia,tta6,contrast_down,contrast,Elephant Ear (Alocasia spp.),0.5449,Anthurium (Anthurium andraeanum),0.2393,0.3056,alocasia,"alocasia|anthurium-andraeanum|epipremnum-aureum",true,high-conf,false,118,
alocasia__01,alocasia,grid2x2,contrast_down,contrast,Elephant Ear (Alocasia spp.),0.4665,Anthurium (Anthurium andraeanum),0.1441,0.3224,alocasia,"alocasia|anthurium-andraeanum|epipremnum-aureum",true,high-conf,false,206,
alocasia__01,alocasia,grid2x2_3x3,contrast_down,contrast,Elephant Ear (Alocasia spp.),0.3722,Peace lily,0.1509,0.2213,alocasia,"alocasia|spathiphyllum-wallisii|epipremnum-aureum",true,low-conf,false,459,
aloe-vera__01,aloe-vera,tta6,clean,clean,Aloe Vera,0.9993,Cast Iron Plant (Aspidistra elatior),0.0006,0.9987,aloe-vera,"aloe-vera|aspidistra-elatior|dracaena-trifasciata",true,high-conf,false,115,
aloe-vera__01,aloe-vera,grid2x2,clean,clean,Aloe Vera,0.8869,Calathea,0.0712,0.8156,aloe-vera,"aloe-vera|goeppertia-orbifolia|dieffenbachia",true,high-conf,false,169,
aloe-vera__01,aloe-vera,grid2x2_3x3,clean,clean,Aloe Vera,0.5804,Chinese Money Plant (Pilea peperomioides),0.0867,0.4937,aloe-vera,"aloe-vera|pilea-peperomioides|spathiphyllum-wallisii",true,high-conf,false,324,
aloe-vera__01,aloe-vera,tta6,blur,blur,Aloe Vera,0.9881,Snake plant (Sanseviera),0.0063,0.9818,aloe-vera,"aloe-vera|dracaena-trifasciata|aspidistra-elatior",true,high-conf,false,100,
aloe-vera__01,aloe-vera,grid2x2,blur,blur,Aloe Vera,0.9905,Snake plant (Sanseviera),0.0049,0.9855,aloe-vera,"aloe-vera|dracaena-trifasciata|aspidistra-elatior",true,high-conf,false,193,
aloe-vera__01,aloe-vera,grid2x2_3x3,blur,blur,Aloe Vera,0.6807,Asparagus Fern (Asparagus setaceus),0.1248,0.5559,aloe-vera,"aloe-vera|asparagus-setaceus|pilea-peperomioides",true,high-conf,false,309,
aloe-vera__01,aloe-vera,tta6,crop_center_zoom,crop,Aloe Vera,0.9997,Snake plant (Sanseviera),0.0003,0.9994,aloe-vera,"aloe-vera|dracaena-trifasciata|aspidistra-elatior",true,high-conf,false,97,
aloe-vera__01,aloe-vera,grid2x2,crop_center_zoom,crop,Aloe Vera,0.9733,Snake plant (Sanseviera),0.0251,0.9481,aloe-vera,"aloe-vera|dracaena-trifasciata|schlumbergera-bridgesii",true,high-conf,false,233,
aloe-vera__01,aloe-vera,grid2x2_3x3,crop_center_zoom,crop,Aloe Vera,0.7545,Snake plant (Sanseviera),0.0729,0.6816,aloe-vera,"aloe-vera|dracaena-trifasciata|asparagus-setaceus",true,high-conf,false,414,
aloe-vera__01,aloe-vera,tta6,crop_offcenter_zoom,crop,Aloe Vera,1.0000,Cast Iron Plant (Aspidistra elatior),0.0000,1.0000,aloe-vera,"aloe-vera|aspidistra-elatior|dracaena-trifasciata",true,high-conf,false,125,
aloe-vera__01,aloe-vera,grid2x2,crop_offcenter_zoom,crop,Aloe Vera,0.8939,Chinese Money Plant (Pilea peperomioides),0.0559,0.8380,aloe-vera,"aloe-vera|pilea-peperomioides|schefflera",true,high-conf,false,171,
aloe-vera__01,aloe-vera,grid2x2_3x3,crop_offcenter_zoom,crop,Aloe Vera,0.6385,Snake plant (Sanseviera),0.1470,0.4916,aloe-vera,"aloe-vera|dracaena-trifasciata|schefflera",true,high-conf,false,308,
aloe-vera__01,aloe-vera,tta6,rotate_+15,rotate,Aloe Vera,0.9858,Snake plant (Sanseviera),0.0136,0.9722,aloe-vera,"aloe-vera|dracaena-trifasciata|aspidistra-elatior",true,high-conf,false,103,
aloe-vera__01,aloe-vera,grid2x2,rotate_+15,rotate,Aloe Vera,0.6593,Snake plant (Sanseviera),0.2416,0.4178,aloe-vera,"aloe-vera|dracaena-trifasciata|dieffenbachia",true,high-conf,false,149,
aloe-vera__01,aloe-vera,grid2x2_3x3,rotate_+15,rotate,Aloe Vera,0.5167,Snake plant (Sanseviera),0.3633,0.1534,aloe-vera,"aloe-vera|dracaena-trifasciata|crassula-ovata",true,low-conf,false,719,
aloe-vera__01,aloe-vera,tta6,rotate_-15,rotate,Aloe Vera,0.9934,Snake plant (Sanseviera),0.0024,0.9910,aloe-vera,"aloe-vera|dracaena-trifasciata|crassula-ovata",true,high-conf,false,271,
aloe-vera__01,aloe-vera,grid2x2,rotate_-15,rotate,Aloe Vera,0.8308,Peace lily,0.0953,0.7355,aloe-vera,"aloe-vera|spathiphyllum-wallisii|goeppertia-orbifolia",true,high-conf,false,178,
aloe-vera__01,aloe-vera,grid2x2_3x3,rotate_-15,rotate,Aloe Vera,0.5326,Snake plant (Sanseviera),0.2113,0.3213,aloe-vera,"aloe-vera|dracaena-trifasciata|spathiphyllum-wallisii",true,high-conf,false,377,
aloe-vera__01,aloe-vera,tta6,rotate_+90,rotate,Aloe Vera,0.8786,Jade plant (Crassula ovata),0.0941,0.7845,aloe-vera,"aloe-vera|crassula-ovata|monstera-deliciosa",true,high-conf,false,105,
aloe-vera__01,aloe-vera,grid2x2,rotate_+90,rotate,Aloe Vera,0.6506,Parlor Palm (Chamaedorea elegans),0.1085,0.5421,aloe-vera,"aloe-vera|chamaedorea-elegans|dieffenbachia",true,high-conf,false,202,
aloe-vera__01,aloe-vera,grid2x2_3x3,rotate_+90,rotate,Aloe Vera,0.4950,Dumb Cane (Dieffenbachia spp.),0.1054,0.3897,aloe-vera,"aloe-vera|dieffenbachia|chamaedorea-elegans",true,high-conf,false,330,
aloe-vera__01,aloe-vera,tta6,rotate_-90,rotate,Aloe Vera,0.9999,Jade plant (Crassula ovata),0.0001,0.9998,aloe-vera,"aloe-vera|crassula-ovata|asparagus-setaceus",true,high-conf,false,87,
aloe-vera__01,aloe-vera,grid2x2,rotate_-90,rotate,Aloe Vera,0.8567,Parlor Palm (Chamaedorea elegans),0.0901,0.7666,aloe-vera,"aloe-vera|chamaedorea-elegans|asparagus-setaceus",true,high-conf,false,150,
aloe-vera__01,aloe-vera,grid2x2_3x3,rotate_-90,rotate,Aloe Vera,0.5566,Snake plant (Sanseviera),0.1070,0.4495,aloe-vera,"aloe-vera|dracaena-trifasciata|crassula-ovata",true,high-conf,false,411,
aloe-vera__01,aloe-vera,tta6,bright_up,brightness,Aloe Vera,0.9999,Cast Iron Plant (Aspidistra elatior),0.0001,0.9998,aloe-vera,"aloe-vera|aspidistra-elatior|dracaena-trifasciata",true,high-conf,false,164,
aloe-vera__01,aloe-vera,grid2x2,bright_up,brightness,Aloe Vera,0.8997,Dumb Cane (Dieffenbachia spp.),0.0461,0.8536,aloe-vera,"aloe-vera|dieffenbachia|goeppertia-orbifolia",true,high-conf,false,181,
aloe-vera__01,aloe-vera,grid2x2_3x3,bright_up,brightness,Aloe Vera,0.5873,Chinese Money Plant (Pilea peperomioides),0.0830,0.5042,aloe-vera,"aloe-vera|pilea-peperomioides|dracaena-trifasciata",true,high-conf,false,349,
aloe-vera__01,aloe-vera,tta6,bright_down,brightness,Aloe Vera,0.9211,Cast Iron Plant (Aspidistra elatior),0.0729,0.8483,aloe-vera,"aloe-vera|aspidistra-elatior|dracaena-trifasciata",true,high-conf,false,119,
aloe-vera__01,aloe-vera,grid2x2,bright_down,brightness,Aloe Vera,0.9245,Cast Iron Plant (Aspidistra elatior),0.0446,0.8799,aloe-vera,"aloe-vera|aspidistra-elatior|dracaena-trifasciata",true,high-conf,false,201,
aloe-vera__01,aloe-vera,grid2x2_3x3,bright_down,brightness,Aloe Vera,0.6319,Asparagus Fern (Asparagus setaceus),0.0688,0.5631,aloe-vera,"aloe-vera|asparagus-setaceus|pilea-peperomioides",true,high-conf,false,439,
aloe-vera__01,aloe-vera,tta6,contrast_up,contrast,Aloe Vera,0.9631,Cast Iron Plant (Aspidistra elatior),0.0317,0.9314,aloe-vera,"aloe-vera|aspidistra-elatior|dracaena-trifasciata",true,high-conf,false,99,
aloe-vera__01,aloe-vera,grid2x2,contrast_up,contrast,Aloe Vera,0.8147,Dumb Cane (Dieffenbachia spp.),0.0996,0.7152,aloe-vera,"aloe-vera|dieffenbachia|dracaena-trifasciata",true,high-conf,false,188,
aloe-vera__01,aloe-vera,grid2x2_3x3,contrast_up,contrast,Aloe Vera,0.5853,Snake plant (Sanseviera),0.0784,0.5069,aloe-vera,"aloe-vera|dracaena-trifasciata|asparagus-setaceus",true,high-conf,false,360,
aloe-vera__01,aloe-vera,tta6,contrast_down,contrast,Aloe Vera,0.9961,Cast Iron Plant (Aspidistra elatior),0.0038,0.9922,aloe-vera,"aloe-vera|aspidistra-elatior|dracaena-trifasciata",true,high-conf,false,127,
aloe-vera__01,aloe-vera,grid2x2,contrast_down,contrast,Aloe Vera,0.8927,Calathea,0.0989,0.7938,aloe-vera,"aloe-vera|goeppertia-orbifolia|schlumbergera-bridgesii",true,high-conf,false,193,
aloe-vera__01,aloe-vera,grid2x2_3x3,contrast_down,contrast,Aloe Vera,0.6055,Asparagus Fern (Asparagus setaceus),0.0709,0.5346,aloe-vera,"aloe-vera|asparagus-setaceus|crassula-ovata",true,high-conf,false,328,
aloe-vera__02,aloe-vera,tta6,clean,clean,Chinese Money Plant (Pilea peperomioides),0.6085,Yucca,0.1622,0.4462,pilea-peperomioides,"pilea-peperomioides|yucca|pachira-aquatica",true,low-conf,false,104,
aloe-vera__02,aloe-vera,grid2x2,clean,clean,Chinese Money Plant (Pilea peperomioides),0.3658,Ponytail Palm (Beaucarnea recurvata),0.1980,0.1678,pilea-peperomioides,"pilea-peperomioides|beaucarnea-recurvata|aloe-vera",true,low-conf,false,249,
aloe-vera__02,aloe-vera,grid2x2_3x3,clean,clean,Yucca,0.2314,Chinese Money Plant (Pilea peperomioides),0.2117,0.0197,yucca,"yucca|pilea-peperomioides|beaucarnea-recurvata",true,low-conf,false,448,
aloe-vera__02,aloe-vera,tta6,blur,blur,Chinese Money Plant (Pilea peperomioides),0.8255,Yucca,0.0838,0.7417,pilea-peperomioides,"pilea-peperomioides|yucca|aloe-vera",true,low-conf,false,213,
aloe-vera__02,aloe-vera,grid2x2,blur,blur,Chinese Money Plant (Pilea peperomioides),0.6234,Asparagus Fern (Asparagus setaceus),0.1667,0.4567,pilea-peperomioides,"pilea-peperomioides|asparagus-setaceus|aloe-vera",true,low-conf,false,236,
aloe-vera__02,aloe-vera,grid2x2_3x3,blur,blur,Chinese Money Plant (Pilea peperomioides),0.3281,Asparagus Fern (Asparagus setaceus),0.2992,0.0289,pilea-peperomioides,"pilea-peperomioides|asparagus-setaceus|yucca",true,low-conf,false,346,
aloe-vera__02,aloe-vera,tta6,crop_center_zoom,crop,Ponytail Palm (Beaucarnea recurvata),0.4707,Yucca,0.4273,0.0434,beaucarnea-recurvata,"beaucarnea-recurvata|yucca|zamioculcas-zamiifolia",true,low-conf,false,177,
aloe-vera__02,aloe-vera,grid2x2,crop_center_zoom,crop,Ponytail Palm (Beaucarnea recurvata),0.4815,Yucca,0.3334,0.1481,beaucarnea-recurvata,"beaucarnea-recurvata|yucca|aloe-vera",true,low-conf,false,461,
aloe-vera__02,aloe-vera,grid2x2_3x3,crop_center_zoom,crop,Ponytail Palm (Beaucarnea recurvata),0.4090,Yucca,0.2290,0.1800,beaucarnea-recurvata,"beaucarnea-recurvata|yucca|aloe-vera",true,low-conf,false,507,
aloe-vera__02,aloe-vera,tta6,crop_offcenter_zoom,crop,Aloe Vera,0.9170,Yucca,0.0818,0.8352,aloe-vera,"aloe-vera|yucca|beaucarnea-recurvata",true,high-conf,false,146,
aloe-vera__02,aloe-vera,grid2x2,crop_offcenter_zoom,crop,Aloe Vera,0.7602,Yucca,0.0870,0.6731,aloe-vera,"aloe-vera|yucca|dracaena-trifasciata",true,high-conf,false,286,
aloe-vera__02,aloe-vera,grid2x2_3x3,crop_offcenter_zoom,crop,Aloe Vera,0.5052,Yucca,0.1388,0.3665,aloe-vera,"aloe-vera|yucca|ctenanthe",true,high-conf,false,457,
aloe-vera__02,aloe-vera,tta6,rotate_+15,rotate,Chinese Money Plant (Pilea peperomioides),0.6925,Yucca,0.2462,0.4462,pilea-peperomioides,"pilea-peperomioides|yucca|aloe-vera",true,low-conf,false,112,
aloe-vera__02,aloe-vera,grid2x2,rotate_+15,rotate,Chinese Money Plant (Pilea peperomioides),0.4155,Ponytail Palm (Beaucarnea recurvata),0.1961,0.2195,pilea-peperomioides,"pilea-peperomioides|beaucarnea-recurvata|yucca",true,low-conf,false,184,
aloe-vera__02,aloe-vera,grid2x2_3x3,rotate_+15,rotate,Chinese Money Plant (Pilea peperomioides),0.2245,Yucca,0.2090,0.0156,pilea-peperomioides,"pilea-peperomioides|yucca|beaucarnea-recurvata",true,low-conf,false,332,
aloe-vera__02,aloe-vera,tta6,rotate_-15,rotate,Chinese Money Plant (Pilea peperomioides),0.9721,Yucca,0.0143,0.9578,pilea-peperomioides,"pilea-peperomioides|yucca|pachira-aquatica",true,low-conf,false,183,
aloe-vera__02,aloe-vera,grid2x2,rotate_-15,rotate,Chinese Money Plant (Pilea peperomioides),0.7219,Snake plant (Sanseviera),0.1002,0.6217,pilea-peperomioides,"pilea-peperomioides|dracaena-trifasciata|aloe-vera",true,low-conf,false,328,
aloe-vera__02,aloe-vera,grid2x2_3x3,rotate_-15,rotate,Chinese Money Plant (Pilea peperomioides),0.3808,Snake plant (Sanseviera),0.1461,0.2346,pilea-peperomioides,"pilea-peperomioides|dracaena-trifasciata|beaucarnea-recurvata",true,low-conf,false,378,
aloe-vera__02,aloe-vera,tta6,rotate_+90,rotate,Monstera Deliciosa (Monstera deliciosa),0.5742,Snake plant (Sanseviera),0.1746,0.3995,monstera-deliciosa,"monstera-deliciosa|dracaena-trifasciata|zamioculcas-zamiifolia",true,high-conf,true,100,
aloe-vera__02,aloe-vera,grid2x2,rotate_+90,rotate,Monstera Deliciosa (Monstera deliciosa),0.3446,Snake plant (Sanseviera),0.1902,0.1544,monstera-deliciosa,"monstera-deliciosa|dracaena-trifasciata|zamioculcas-zamiifolia",true,low-conf,false,237,
aloe-vera__02,aloe-vera,grid2x2_3x3,rotate_+90,rotate,Monstera Deliciosa (Monstera deliciosa),0.1814,Snake plant (Sanseviera),0.1653,0.0161,monstera-deliciosa,"monstera-deliciosa|dracaena-trifasciata|aspidistra-elatior",true,low-conf,false,755,
aloe-vera__02,aloe-vera,tta6,rotate_-90,rotate,Yucca,0.2386,Monstera Deliciosa (Monstera deliciosa),0.1830,0.0555,yucca,"yucca|monstera-deliciosa|pachira-aquatica",true,low-conf,false,250,
aloe-vera__02,aloe-vera,grid2x2,rotate_-90,rotate,Yucca,0.3797,Monstera Deliciosa (Monstera deliciosa),0.1101,0.2696,yucca,"yucca|monstera-deliciosa|pachira-aquatica",true,low-conf,false,439,
aloe-vera__02,aloe-vera,grid2x2_3x3,rotate_-90,rotate,Yucca,0.2371,Ponytail Palm (Beaucarnea recurvata),0.1030,0.1341,yucca,"yucca|beaucarnea-recurvata|dracaena-trifasciata",true,low-conf,false,1062,
aloe-vera__02,aloe-vera,tta6,bright_up,brightness,Money Tree (Pachira aquatica),0.2652,Yucca,0.2008,0.0644,pachira-aquatica,"pachira-aquatica|yucca|aloe-vera",true,low-conf,false,456,
aloe-vera__02,aloe-vera,grid2x2,bright_up,brightness,Aloe Vera,0.3040,Ponytail Palm (Beaucarnea recurvata),0.2742,0.0298,aloe-vera,"aloe-vera|beaucarnea-recurvata|pachira-aquatica",true,low-conf,false,411,
aloe-vera__02,aloe-vera,grid2x2_3x3,bright_up,brightness,Aloe Vera,0.2683,Yucca,0.2242,0.0441,aloe-vera,"aloe-vera|yucca|beaucarnea-recurvata",true,low-conf,false,896,
aloe-vera__02,aloe-vera,tta6,bright_down,brightness,Chinese Money Plant (Pilea peperomioides),0.6683,Aloe Vera,0.1730,0.4953,pilea-peperomioides,"pilea-peperomioides|aloe-vera|spathiphyllum-wallisii",true,low-conf,false,231,
aloe-vera__02,aloe-vera,grid2x2,bright_down,brightness,Chinese Money Plant (Pilea peperomioides),0.4012,Aloe Vera,0.3038,0.0974,pilea-peperomioides,"pilea-peperomioides|aloe-vera|beaucarnea-recurvata",true,low-conf,false,369,
aloe-vera__02,aloe-vera,grid2x2_3x3,bright_down,brightness,Chinese Money Plant (Pilea peperomioides),0.2204,Aloe Vera,0.2047,0.0158,pilea-peperomioides,"pilea-peperomioides|aloe-vera|beaucarnea-recurvata",true,low-conf,false,668,
aloe-vera__02,aloe-vera,tta6,contrast_up,contrast,Chinese Money Plant (Pilea peperomioides),0.4030,Aloe Vera,0.1609,0.2421,pilea-peperomioides,"pilea-peperomioides|aloe-vera|dracaena-trifasciata",true,low-conf,false,252,
aloe-vera__02,aloe-vera,grid2x2,contrast_up,contrast,Aloe Vera,0.2965,Chinese Money Plant (Pilea peperomioides),0.2552,0.0414,aloe-vera,"aloe-vera|pilea-peperomioides|dracaena-trifasciata",true,low-conf,false,298,
aloe-vera__02,aloe-vera,grid2x2_3x3,contrast_up,contrast,Aloe Vera,0.2670,Yucca,0.1424,0.1246,aloe-vera,"aloe-vera|yucca|beaucarnea-recurvata",true,low-conf,false,861,
aloe-vera__02,aloe-vera,tta6,contrast_down,contrast,Yucca,0.5658,Money Tree (Pachira aquatica),0.2602,0.3056,yucca,"yucca|pachira-aquatica|pilea-peperomioides",true,high-conf,true,144,
aloe-vera__02,aloe-vera,grid2x2,contrast_down,contrast,Yucca,0.3399,Aloe Vera,0.2282,0.1117,yucca,"yucca|aloe-vera|beaucarnea-recurvata",true,low-conf,false,278,
aloe-vera__02,aloe-vera,grid2x2_3x3,contrast_down,contrast,Yucca,0.3580,Aloe Vera,0.1916,0.1664,yucca,"yucca|aloe-vera|beaucarnea-recurvata",true,low-conf,false,389,
anthurium-andraeanum__01,anthurium-andraeanum,tta6,clean,clean,Anthurium (Anthurium andraeanum),0.9938,Monstera Deliciosa (Monstera deliciosa),0.0059,0.9878,anthurium-andraeanum,"anthurium-andraeanum|monstera-deliciosa|ficus-elastica",true,high-conf,false,97,
anthurium-andraeanum__01,anthurium-andraeanum,grid2x2,clean,clean,Anthurium (Anthurium andraeanum),0.9835,Begonia (Begonia spp.),0.0063,0.9772,anthurium-andraeanum,"anthurium-andraeanum|begonia|epipremnum-aureum",true,high-conf,false,172,
anthurium-andraeanum__01,anthurium-andraeanum,grid2x2_3x3,clean,clean,Anthurium (Anthurium andraeanum),0.7027,Ctenanthe,0.1055,0.5972,anthurium-andraeanum,"anthurium-andraeanum|ctenanthe|tradescantia",true,high-conf,false,367,
anthurium-andraeanum__01,anthurium-andraeanum,tta6,blur,blur,Anthurium (Anthurium andraeanum),0.4345,Pothos (Ivy arum),0.1255,0.3090,anthurium-andraeanum,"anthurium-andraeanum|epipremnum-aureum|asparagus-setaceus",true,low-conf,false,119,
anthurium-andraeanum__01,anthurium-andraeanum,grid2x2,blur,blur,Anthurium (Anthurium andraeanum),0.2638,Begonia (Begonia spp.),0.1647,0.0991,anthurium-andraeanum,"anthurium-andraeanum|begonia|pachira-aquatica",true,low-conf,false,311,
anthurium-andraeanum__01,anthurium-andraeanum,grid2x2_3x3,blur,blur,English Ivy (Hedera helix),0.2148,Anthurium (Anthurium andraeanum),0.1392,0.0756,hedera-helix,"hedera-helix|anthurium-andraeanum|asparagus-setaceus",true,low-conf,false,437,
anthurium-andraeanum__01,anthurium-andraeanum,tta6,crop_center_zoom,crop,Anthurium (Anthurium andraeanum),0.9995,Monstera Deliciosa (Monstera deliciosa),0.0003,0.9991,anthurium-andraeanum,"anthurium-andraeanum|monstera-deliciosa|alocasia",true,high-conf,false,126,
anthurium-andraeanum__01,anthurium-andraeanum,grid2x2,crop_center_zoom,crop,Anthurium (Anthurium andraeanum),0.9847,Tradescantia,0.0061,0.9786,anthurium-andraeanum,"anthurium-andraeanum|tradescantia|epipremnum-aureum",true,high-conf,false,277,
anthurium-andraeanum__01,anthurium-andraeanum,grid2x2_3x3,crop_center_zoom,crop,Anthurium (Anthurium andraeanum),0.6788,Elephant Ear (Alocasia spp.),0.0626,0.6163,anthurium-andraeanum,"anthurium-andraeanum|alocasia|pachira-aquatica",true,high-conf,false,430,
anthurium-andraeanum__01,anthurium-andraeanum,tta6,crop_offcenter_zoom,crop,Anthurium (Anthurium andraeanum),0.9945,Elephant Ear (Alocasia spp.),0.0055,0.9890,anthurium-andraeanum,"anthurium-andraeanum|alocasia|ctenanthe",true,high-conf,false,202,
anthurium-andraeanum__01,anthurium-andraeanum,grid2x2,crop_offcenter_zoom,crop,Anthurium (Anthurium andraeanum),0.8792,Tradescantia,0.1000,0.7792,anthurium-andraeanum,"anthurium-andraeanum|tradescantia|ctenanthe",true,high-conf,false,282,
anthurium-andraeanum__01,anthurium-andraeanum,grid2x2_3x3,crop_offcenter_zoom,crop,Anthurium (Anthurium andraeanum),0.6154,Ctenanthe,0.1425,0.4728,anthurium-andraeanum,"anthurium-andraeanum|ctenanthe|tradescantia",true,high-conf,false,408,
anthurium-andraeanum__01,anthurium-andraeanum,tta6,rotate_+15,rotate,Anthurium (Anthurium andraeanum),0.9907,English Ivy (Hedera helix),0.0039,0.9868,anthurium-andraeanum,"anthurium-andraeanum|hedera-helix|tradescantia",true,high-conf,false,179,
anthurium-andraeanum__01,anthurium-andraeanum,grid2x2,rotate_+15,rotate,Anthurium (Anthurium andraeanum),0.8843,Elephant Ear (Alocasia spp.),0.0733,0.8110,anthurium-andraeanum,"anthurium-andraeanum|alocasia|tradescantia",true,high-conf,false,160,
anthurium-andraeanum__01,anthurium-andraeanum,grid2x2_3x3,rotate_+15,rotate,Anthurium (Anthurium andraeanum),0.5849,Elephant Ear (Alocasia spp.),0.0936,0.4913,anthurium-andraeanum,"anthurium-andraeanum|alocasia|ctenanthe",true,high-conf,false,532,
anthurium-andraeanum__01,anthurium-andraeanum,tta6,rotate_-15,rotate,Anthurium (Anthurium andraeanum),0.8277,Pothos (Ivy arum),0.1652,0.6625,anthurium-andraeanum,"anthurium-andraeanum|epipremnum-aureum|alocasia",true,high-conf,false,128,
anthurium-andraeanum__01,anthurium-andraeanum,grid2x2,rotate_-15,rotate,Anthurium (Anthurium andraeanum),0.6884,Pothos (Ivy arum),0.1081,0.5803,anthurium-andraeanum,"anthurium-andraeanum|epipremnum-aureum|begonia",true,high-conf,false,271,
anthurium-andraeanum__01,anthurium-andraeanum,grid2x2_3x3,rotate_-15,rotate,Anthurium (Anthurium andraeanum),0.5363,Begonia (Begonia spp.),0.0789,0.4574,anthurium-andraeanum,"anthurium-andraeanum|begonia|tradescantia",true,high-conf,false,489,
anthurium-andraeanum__01,anthurium-andraeanum,tta6,rotate_+90,rotate,Anthurium (Anthurium andraeanum),0.3998,Elephant Ear (Alocasia spp.),0.2356,0.1642,anthurium-andraeanum,"anthurium-andraeanum|alocasia|monstera-deliciosa",true,low-conf,false,168,
anthurium-andraeanum__01,anthurium-andraeanum,grid2x2,rotate_+90,rotate,Anthurium (Anthurium andraeanum),0.5451,Elephant Ear (Alocasia spp.),0.1482,0.3969,anthurium-andraeanum,"anthurium-andraeanum|alocasia|monstera-deliciosa",true,high-conf,false,289,
anthurium-andraeanum__01,anthurium-andraeanum,grid2x2_3x3,rotate_+90,rotate,Anthurium (Anthurium andraeanum),0.5773,Elephant Ear (Alocasia spp.),0.1812,0.3960,anthurium-andraeanum,"anthurium-andraeanum|alocasia|hedera-helix",true,high-conf,false,552,
anthurium-andraeanum__01,anthurium-andraeanum,tta6,rotate_-90,rotate,Anthurium (Anthurium andraeanum),0.5770,Elephant Ear (Alocasia spp.),0.2633,0.3136,anthurium-andraeanum,"anthurium-andraeanum|alocasia|monstera-deliciosa",true,high-conf,false,136,
anthurium-andraeanum__01,anthurium-andraeanum,grid2x2,rotate_-90,rotate,Anthurium (Anthurium andraeanum),0.7047,Elephant Ear (Alocasia spp.),0.1876,0.5171,anthurium-andraeanum,"anthurium-andraeanum|alocasia|monstera-deliciosa",true,high-conf,false,183,
anthurium-andraeanum__01,anthurium-andraeanum,grid2x2_3x3,rotate_-90,rotate,Anthurium (Anthurium andraeanum),0.4734,Elephant Ear (Alocasia spp.),0.2352,0.2382,anthurium-andraeanum,"anthurium-andraeanum|alocasia|ctenanthe",true,low-conf,false,395,
anthurium-andraeanum__01,anthurium-andraeanum,tta6,bright_up,brightness,Anthurium (Anthurium andraeanum),0.7390,Rubber Plant (Ficus elastica),0.1406,0.5984,anthurium-andraeanum,"anthurium-andraeanum|ficus-elastica|monstera-deliciosa",true,high-conf,false,100,
anthurium-andraeanum__01,anthurium-andraeanum,grid2x2,bright_up,brightness,Anthurium (Anthurium andraeanum),0.6743,Ctenanthe,0.0847,0.5896,anthurium-andraeanum,"anthurium-andraeanum|ctenanthe|ficus-elastica",true,high-conf,false,270,
anthurium-andraeanum__01,anthurium-andraeanum,grid2x2_3x3,bright_up,brightness,Anthurium (Anthurium andraeanum),0.4536,Ctenanthe,0.1504,0.3032,anthurium-andraeanum,"anthurium-andraeanum|ctenanthe|tradescantia",true,high-conf,false,377,
anthurium-andraeanum__01,anthurium-andraeanum,tta6,bright_down,brightness,Anthurium (Anthurium andraeanum),0.9835,Monstera Deliciosa (Monstera deliciosa),0.0161,0.9675,anthurium-andraeanum,"anthurium-andraeanum|monstera-deliciosa|alocasia",true,high-conf,false,129,
anthurium-andraeanum__01,anthurium-andraeanum,grid2x2,bright_down,brightness,Anthurium (Anthurium andraeanum),0.9890,Monstera Deliciosa (Monstera deliciosa),0.0100,0.9790,anthurium-andraeanum,"anthurium-andraeanum|monstera-deliciosa|epipremnum-aureum",true,high-conf,false,171,
anthurium-andraeanum__01,anthurium-andraeanum,grid2x2_3x3,bright_down,brightness,Anthurium (Anthurium andraeanum),0.7393,Ctenanthe,0.1022,0.6372,anthurium-andraeanum,"anthurium-andraeanum|ctenanthe|pachira-aquatica",true,high-conf,false,469,
anthurium-andraeanum__01,anthurium-andraeanum,tta6,contrast_up,contrast,Anthurium (Anthurium andraeanum),0.5955,Monstera Deliciosa (Monstera deliciosa),0.3030,0.2925,anthurium-andraeanum,"anthurium-andraeanum|monstera-deliciosa|alocasia",true,low-conf,false,119,
anthurium-andraeanum__01,anthurium-andraeanum,grid2x2,contrast_up,contrast,Anthurium (Anthurium andraeanum),0.6459,Monstera Deliciosa (Monstera deliciosa),0.1946,0.4513,anthurium-andraeanum,"anthurium-andraeanum|monstera-deliciosa|alocasia",true,high-conf,false,184,
anthurium-andraeanum__01,anthurium-andraeanum,grid2x2_3x3,contrast_up,contrast,Anthurium (Anthurium andraeanum),0.4968,Elephant Ear (Alocasia spp.),0.1126,0.3842,anthurium-andraeanum,"anthurium-andraeanum|alocasia|ctenanthe",true,high-conf,false,474,
anthurium-andraeanum__01,anthurium-andraeanum,tta6,contrast_down,contrast,Anthurium (Anthurium andraeanum),0.9808,Jade plant (Crassula ovata),0.0151,0.9658,anthurium-andraeanum,"anthurium-andraeanum|crassula-ovata|ficus-elastica",true,high-conf,false,205,
anthurium-andraeanum__01,anthurium-andraeanum,grid2x2,contrast_down,contrast,Anthurium (Anthurium andraeanum),0.9875,Jade plant (Crassula ovata),0.0090,0.9784,anthurium-andraeanum,"anthurium-andraeanum|crassula-ovata|ficus-elastica",true,high-conf,false,317,
anthurium-andraeanum__01,anthurium-andraeanum,grid2x2_3x3,contrast_down,contrast,Anthurium (Anthurium andraeanum),0.7756,Ctenanthe,0.1095,0.6661,anthurium-andraeanum,"anthurium-andraeanum|ctenanthe|tradescantia",true,high-conf,false,563,
asparagus-setaceus__01,asparagus-setaceus,tta6,clean,clean,Parlor Palm (Chamaedorea elegans),0.4538,Asparagus Fern (Asparagus setaceus),0.3346,0.1192,chamaedorea-elegans,"chamaedorea-elegans|asparagus-setaceus|nephrolepis-exaltata",true,low-conf,false,219,
asparagus-setaceus__01,asparagus-setaceus,grid2x2,clean,clean,Parlor Palm (Chamaedorea elegans),0.4724,Asparagus Fern (Asparagus setaceus),0.2225,0.2499,chamaedorea-elegans,"chamaedorea-elegans|asparagus-setaceus|nephrolepis-exaltata",true,low-conf,false,311,
asparagus-setaceus__01,asparagus-setaceus,grid2x2_3x3,clean,clean,Parlor Palm (Chamaedorea elegans),0.4645,Asparagus Fern (Asparagus setaceus),0.2017,0.2628,chamaedorea-elegans,"chamaedorea-elegans|asparagus-setaceus|spathiphyllum-wallisii",true,low-conf,false,458,
asparagus-setaceus__01,asparagus-setaceus,tta6,blur,blur,Boston Fern (Nephrolepis exaltata),0.7459,Asparagus Fern (Asparagus setaceus),0.2541,0.4919,nephrolepis-exaltata,"nephrolepis-exaltata|asparagus-setaceus|pachira-aquatica",true,high-conf,true,120,
asparagus-setaceus__01,asparagus-setaceus,grid2x2,blur,blur,Boston Fern (Nephrolepis exaltata),0.4638,Asparagus Fern (Asparagus setaceus),0.4602,0.0037,nephrolepis-exaltata,"nephrolepis-exaltata|asparagus-setaceus|hedera-helix",true,low-conf,false,245,
asparagus-setaceus__01,asparagus-setaceus,grid2x2_3x3,blur,blur,Asparagus Fern (Asparagus setaceus),0.5767,Boston Fern (Nephrolepis exaltata),0.2442,0.3325,asparagus-setaceus,"asparagus-setaceus|nephrolepis-exaltata|hedera-helix",true,high-conf,false,427,
asparagus-setaceus__01,asparagus-setaceus,tta6,crop_center_zoom,crop,Parlor Palm (Chamaedorea elegans),0.9969,Boston Fern (Nephrolepis exaltata),0.0017,0.9952,chamaedorea-elegans,"chamaedorea-elegans|nephrolepis-exaltata|asparagus-setaceus",true,high-conf,true,155,
asparagus-setaceus__01,asparagus-setaceus,grid2x2,crop_center_zoom,crop,Parlor Palm (Chamaedorea elegans),0.8032,Asparagus Fern (Asparagus setaceus),0.0941,0.7091,chamaedorea-elegans,"chamaedorea-elegans|asparagus-setaceus|dracaena",true,high-conf,true,169,
asparagus-setaceus__01,asparagus-setaceus,grid2x2_3x3,crop_center_zoom,crop,Parlor Palm (Chamaedorea elegans),0.6737,Asparagus Fern (Asparagus setaceus),0.1564,0.5172,chamaedorea-elegans,"chamaedorea-elegans|asparagus-setaceus|aspidistra-elatior",true,high-conf,true,342,
asparagus-setaceus__01,asparagus-setaceus,tta6,crop_offcenter_zoom,crop,Parlor Palm (Chamaedorea elegans),0.8241,Peace lily,0.1376,0.6865,chamaedorea-elegans,"chamaedorea-elegans|spathiphyllum-wallisii|asparagus-setaceus",true,high-conf,true,100,
asparagus-setaceus__01,asparagus-setaceus,grid2x2,crop_offcenter_zoom,crop,Parlor Palm (Chamaedorea elegans),0.7677,Peace lily,0.1117,0.6559,chamaedorea-elegans,"chamaedorea-elegans|spathiphyllum-wallisii|hedera-helix",true,high-conf,true,197,
asparagus-setaceus__01,asparagus-setaceus,grid2x2_3x3,crop_offcenter_zoom,crop,Parlor Palm (Chamaedorea elegans),0.6677,Peace lily,0.1057,0.5620,chamaedorea-elegans,"chamaedorea-elegans|spathiphyllum-wallisii|hedera-helix",true,high-conf,true,306,
asparagus-setaceus__01,asparagus-setaceus,tta6,rotate_+15,rotate,English Ivy (Hedera helix),0.3569,Asparagus Fern (Asparagus setaceus),0.1685,0.1884,hedera-helix,"hedera-helix|asparagus-setaceus|chamaedorea-elegans",true,low-conf,false,103,
asparagus-setaceus__01,asparagus-setaceus,grid2x2,rotate_+15,rotate,Asparagus Fern (Asparagus setaceus),0.2144,English Ivy (Hedera helix),0.2142,0.0002,asparagus-setaceus,"asparagus-setaceus|hedera-helix|chamaedorea-elegans",true,low-conf,false,172,
asparagus-setaceus__01,asparagus-setaceus,grid2x2_3x3,rotate_+15,rotate,Parlor Palm (Chamaedorea elegans),0.2821,Asparagus Fern (Asparagus setaceus),0.1504,0.1317,chamaedorea-elegans,"chamaedorea-elegans|asparagus-setaceus|hedera-helix",true,low-conf,false,487,
asparagus-setaceus__01,asparagus-setaceus,tta6,rotate_-15,rotate,Asparagus Fern (Asparagus setaceus),0.4385,Boston Fern (Nephrolepis exaltata),0.3318,0.1068,asparagus-setaceus,"asparagus-setaceus|nephrolepis-exaltata|zamioculcas-zamiifolia",true,low-conf,false,153,
asparagus-setaceus__01,asparagus-setaceus,grid2x2,rotate_-15,rotate,Boston Fern (Nephrolepis exaltata),0.2937,Asparagus Fern (Asparagus setaceus),0.2788,0.0149,nephrolepis-exaltata,"nephrolepis-exaltata|asparagus-setaceus|chamaedorea-elegans",true,low-conf,false,209,
asparagus-setaceus__01,asparagus-setaceus,grid2x2_3x3,rotate_-15,rotate,Parlor Palm (Chamaedorea elegans),0.2704,Boston Fern (Nephrolepis exaltata),0.1583,0.1121,chamaedorea-elegans,"chamaedorea-elegans|nephrolepis-exaltata|asparagus-setaceus",true,low-conf,false,635,
asparagus-setaceus__01,asparagus-setaceus,tta6,rotate_+90,rotate,Areca Palm (Dypsis lutescens),0.4930,Schefflera,0.1735,0.3195,dypsis-lutescens,"dypsis-lutescens|schefflera|chamaedorea-elegans",true,high-conf,true,145,
asparagus-setaceus__01,asparagus-setaceus,grid2x2,rotate_+90,rotate,Areca Palm (Dypsis lutescens),0.3608,Asparagus Fern (Asparagus setaceus),0.1325,0.2283,dypsis-lutescens,"dypsis-lutescens|asparagus-setaceus|spathiphyllum-wallisii",true,low-conf,false,172,
asparagus-setaceus__01,asparagus-setaceus,grid2x2_3x3,rotate_+90,rotate,Areca Palm (Dypsis lutescens),0.2654,Peace lily,0.2238,0.0417,dypsis-lutescens,"dypsis-lutescens|spathiphyllum-wallisii|chamaedorea-elegans",true,low-conf,false,423,
asparagus-setaceus__01,asparagus-setaceus,tta6,rotate_-90,rotate,Parlor Palm (Chamaedorea elegans),0.4990,Asparagus Fern (Asparagus setaceus),0.4985,0.0004,chamaedorea-elegans,"chamaedorea-elegans|asparagus-setaceus|nephrolepis-exaltata",true,low-conf,false,97,
asparagus-setaceus__01,asparagus-setaceus,grid2x2,rotate_-90,rotate,Parlor Palm (Chamaedorea elegans),0.5953,Asparagus Fern (Asparagus setaceus),0.3995,0.1958,chamaedorea-elegans,"chamaedorea-elegans|asparagus-setaceus|spathiphyllum-wallisii",true,low-conf,false,217,
asparagus-setaceus__01,asparagus-setaceus,grid2x2_3x3,rotate_-90,rotate,Parlor Palm (Chamaedorea elegans),0.5021,Asparagus Fern (Asparagus setaceus),0.3433,0.1589,chamaedorea-elegans,"chamaedorea-elegans|asparagus-setaceus|spathiphyllum-wallisii",true,low-conf,false,376,
asparagus-setaceus__01,asparagus-setaceus,tta6,bright_up,brightness,Parlor Palm (Chamaedorea elegans),0.3626,Asparagus Fern (Asparagus setaceus),0.3335,0.0291,chamaedorea-elegans,"chamaedorea-elegans|asparagus-setaceus|nephrolepis-exaltata",true,low-conf,false,106,
asparagus-setaceus__01,asparagus-setaceus,grid2x2,bright_up,brightness,Parlor Palm (Chamaedorea elegans),0.4179,Boston Fern (Nephrolepis exaltata),0.2676,0.1503,chamaedorea-elegans,"chamaedorea-elegans|nephrolepis-exaltata|asparagus-setaceus",true,low-conf,false,157,
asparagus-setaceus__01,asparagus-setaceus,grid2x2_3x3,bright_up,brightness,Parlor Palm (Chamaedorea elegans),0.4886,Asparagus Fern (Asparagus setaceus),0.1908,0.2978,chamaedorea-elegans,"chamaedorea-elegans|asparagus-setaceus|nephrolepis-exaltata",true,low-conf,false,307,
asparagus-setaceus__01,asparagus-setaceus,tta6,bright_down,brightness,Asparagus Fern (Asparagus setaceus),0.3509,Parlor Palm (Chamaedorea elegans),0.3461,0.0048,asparagus-setaceus,"asparagus-setaceus|chamaedorea-elegans|nephrolepis-exaltata",true,low-conf,false,231,
asparagus-setaceus__01,asparagus-setaceus,grid2x2,bright_down,brightness,Parlor Palm (Chamaedorea elegans),0.5028,Boston Fern (Nephrolepis exaltata),0.2339,0.2689,chamaedorea-elegans,"chamaedorea-elegans|nephrolepis-exaltata|asparagus-setaceus",true,low-conf,false,548,
asparagus-setaceus__01,asparagus-setaceus,grid2x2_3x3,bright_down,brightness,Parlor Palm (Chamaedorea elegans),0.4752,Asparagus Fern (Asparagus setaceus),0.1875,0.2877,chamaedorea-elegans,"chamaedorea-elegans|asparagus-setaceus|nephrolepis-exaltata",true,low-conf,false,440,
asparagus-setaceus__01,asparagus-setaceus,tta6,contrast_up,contrast,Parlor Palm (Chamaedorea elegans),0.3680,Asparagus Fern (Asparagus setaceus),0.3337,0.0343,chamaedorea-elegans,"chamaedorea-elegans|asparagus-setaceus|nephrolepis-exaltata",true,low-conf,false,196,
asparagus-setaceus__01,asparagus-setaceus,grid2x2,contrast_up,contrast,Parlor Palm (Chamaedorea elegans),0.4097,Boston Fern (Nephrolepis exaltata),0.2437,0.1660,chamaedorea-elegans,"chamaedorea-elegans|nephrolepis-exaltata|asparagus-setaceus",true,low-conf,false,226,
asparagus-setaceus__01,asparagus-setaceus,grid2x2_3x3,contrast_up,contrast,Parlor Palm (Chamaedorea elegans),0.4709,Boston Fern (Nephrolepis exaltata),0.1283,0.3426,chamaedorea-elegans,"chamaedorea-elegans|nephrolepis-exaltata|spathiphyllum-wallisii",true,high-conf,true,609,
asparagus-setaceus__01,asparagus-setaceus,tta6,contrast_down,contrast,Asparagus Fern (Asparagus setaceus),0.6071,Boston Fern (Nephrolepis exaltata),0.2929,0.3142,asparagus-setaceus,"asparagus-setaceus|nephrolepis-exaltata|chamaedorea-elegans",true,high-conf,false,172,
asparagus-setaceus__01,asparagus-setaceus,grid2x2,contrast_down,contrast,Asparagus Fern (Asparagus setaceus),0.5481,Parlor Palm (Chamaedorea elegans),0.2685,0.2796,asparagus-setaceus,"asparagus-setaceus|chamaedorea-elegans|nephrolepis-exaltata",true,low-conf,false,289,
asparagus-setaceus__01,asparagus-setaceus,grid2x2_3x3,contrast_down,contrast,Asparagus Fern (Asparagus setaceus),0.4511,Parlor Palm (Chamaedorea elegans),0.2976,0.1535,asparagus-setaceus,"asparagus-setaceus|chamaedorea-elegans|nephrolepis-exaltata",true,low-conf,false,409,
aspidistra-elatior__01,aspidistra-elatior,tta6,clean,clean,Tradescantia,0.6923,Bird of Paradise (Strelitzia reginae),0.1612,0.5311,tradescantia,"tradescantia|strelitzia-reginae|aspidistra-elatior",true,high-conf,true,152,
aspidistra-elatior__01,aspidistra-elatior,grid2x2,clean,clean,Tradescantia,0.4851,Cast Iron Plant (Aspidistra elatior),0.1790,0.3060,tradescantia,"tradescantia|aspidistra-elatior|ficus-elastica",true,high-conf,true,261,
aspidistra-elatior__01,aspidistra-elatior,grid2x2_3x3,clean,clean,Tradescantia,0.4210,Cast Iron Plant (Aspidistra elatior),0.2080,0.2130,tradescantia,"tradescantia|aspidistra-elatior|pachira-aquatica",true,low-conf,false,438,
aspidistra-elatior__01,aspidistra-elatior,tta6,blur,blur,Tradescantia,0.5927,Peace lily,0.2355,0.3573,tradescantia,"tradescantia|spathiphyllum-wallisii|hedera-helix",true,high-conf,true,107,
aspidistra-elatior__01,aspidistra-elatior,grid2x2,blur,blur,Tradescantia,0.6237,English Ivy (Hedera helix),0.1433,0.4804,tradescantia,"tradescantia|hedera-helix|spathiphyllum-wallisii",true,high-conf,true,273,
aspidistra-elatior__01,aspidistra-elatior,grid2x2_3x3,blur,blur,Tradescantia,0.4484,English Ivy (Hedera helix),0.1945,0.2539,tradescantia,"tradescantia|hedera-helix|spathiphyllum-wallisii",true,low-conf,false,416,
aspidistra-elatior__01,aspidistra-elatior,tta6,crop_center_zoom,crop,Cast Iron Plant (Aspidistra elatior),0.9670,Tradescantia,0.0326,0.9344,aspidistra-elatior,"aspidistra-elatior|tradescantia|dracaena",true,high-conf,false,172,
aspidistra-elatior__01,aspidistra-elatior,grid2x2,crop_center_zoom,crop,Cast Iron Plant (Aspidistra elatior),0.7010,Tradescantia,0.1989,0.5021,aspidistra-elatior,"aspidistra-elatior|tradescantia|dracaena-trifasciata",true,high-conf,false,219,
aspidistra-elatior__01,aspidistra-elatior,grid2x2_3x3,crop_center_zoom,crop,Cast Iron Plant (Aspidistra elatior),0.6008,Tradescantia,0.1596,0.4412,aspidistra-elatior,"aspidistra-elatior|tradescantia|dracaena-trifasciata",true,high-conf,false,781,
aspidistra-elatior__01,aspidistra-elatior,tta6,crop_offcenter_zoom,crop,Monstera Deliciosa (Monstera deliciosa),0.5935,Cast Iron Plant (Aspidistra elatior),0.2107,0.3828,monstera-deliciosa,"monstera-deliciosa|aspidistra-elatior|pachira-aquatica",true,high-conf,true,183,
aspidistra-elatior__01,aspidistra-elatior,grid2x2,crop_offcenter_zoom,crop,Monstera Deliciosa (Monstera deliciosa),0.3561,Cast Iron Plant (Aspidistra elatior),0.3121,0.0440,monstera-deliciosa,"monstera-deliciosa|aspidistra-elatior|pachira-aquatica",true,low-conf,false,197,
aspidistra-elatior__01,aspidistra-elatior,grid2x2_3x3,crop_offcenter_zoom,crop,Cast Iron Plant (Aspidistra elatior),0.2800,Monstera Deliciosa (Monstera deliciosa),0.1919,0.0881,aspidistra-elatior,"aspidistra-elatior|monstera-deliciosa|pachira-aquatica",true,low-conf,false,442,
aspidistra-elatior__01,aspidistra-elatior,tta6,rotate_+15,rotate,Cast Iron Plant (Aspidistra elatior),0.5544,Tradescantia,0.2246,0.3298,aspidistra-elatior,"aspidistra-elatior|tradescantia|spathiphyllum-wallisii",true,high-conf,false,154,
aspidistra-elatior__01,aspidistra-elatior,grid2x2,rotate_+15,rotate,Cast Iron Plant (Aspidistra elatior),0.4323,Tradescantia,0.3351,0.0972,aspidistra-elatior,"aspidistra-elatior|tradescantia|spathiphyllum-wallisii",true,low-conf,false,238,
aspidistra-elatior__01,aspidistra-elatior,grid2x2_3x3,rotate_+15,rotate,Tradescantia,0.2755,Cast Iron Plant (Aspidistra elatior),0.2407,0.0348,tradescantia,"tradescantia|aspidistra-elatior|spathiphyllum-wallisii",true,low-conf,false,463,
aspidistra-elatior__01,aspidistra-elatior,tta6,rotate_-15,rotate,Tradescantia,0.7508,Cast Iron Plant (Aspidistra elatior),0.1369,0.6139,tradescantia,"tradescantia|aspidistra-elatior|dracaena-trifasciata",true,high-conf,true,153,
aspidistra-elatior__01,aspidistra-elatior,grid2x2,rotate_-15,rotate,Tradescantia,0.6460,Cast Iron Plant (Aspidistra elatior),0.1549,0.4910,tradescantia,"tradescantia|aspidistra-elatior|dracaena-trifasciata",true,high-conf,true,266,
aspidistra-elatior__01,aspidistra-elatior,grid2x2_3x3,rotate_-15,rotate,Tradescantia,0.4588,Cast Iron Plant (Aspidistra elatior),0.2337,0.2250,tradescantia,"tradescantia|aspidistra-elatior|dracaena-trifasciata",true,low-conf,false,384,
aspidistra-elatior__01,aspidistra-elatior,tta6,rotate_+90,rotate,Tradescantia,0.4087,Parlor Palm (Chamaedorea elegans),0.3747,0.0340,tradescantia,"tradescantia|chamaedorea-elegans|strelitzia-reginae",true,low-conf,false,136,
aspidistra-elatior__01,aspidistra-elatior,grid2x2,rotate_+90,rotate,Tradescantia,0.4434,Parlor Palm (Chamaedorea elegans),0.3242,0.1192,tradescantia,"tradescantia|chamaedorea-elegans|ficus-elastica",true,low-conf,false,223,
aspidistra-elatior__01,aspidistra-elatior,grid2x2_3x3,rotate_+90,rotate,Tradescantia,0.4107,Parlor Palm (Chamaedorea elegans),0.2082,0.2024,tradescantia,"tradescantia|chamaedorea-elegans|ficus-elastica",true,low-conf,false,350,
aspidistra-elatior__01,aspidistra-elatior,tta6,rotate_-90,rotate,Aloe Vera,0.8425,Tradescantia,0.0662,0.7763,aloe-vera,"aloe-vera|tradescantia|aspidistra-elatior",true,high-conf,true,122,
aspidistra-elatior__01,aspidistra-elatior,grid2x2,rotate_-90,rotate,Aloe Vera,0.5055,Tradescantia,0.1848,0.3207,aloe-vera,"aloe-vera|tradescantia|ficus-elastica",true,high-conf,true,192,
aspidistra-elatior__01,aspidistra-elatior,grid2x2_3x3,rotate_-90,rotate,Tradescantia,0.3000,Aloe Vera,0.2661,0.0339,tradescantia,"tradescantia|aloe-vera|aspidistra-elatior",true,low-conf,false,348,
aspidistra-elatior__01,aspidistra-elatior,tta6,bright_up,brightness,Tradescantia,0.7371,Cast Iron Plant (Aspidistra elatior),0.2441,0.4930,tradescantia,"tradescantia|aspidistra-elatior|strelitzia-reginae",true,high-conf,true,122,
aspidistra-elatior__01,aspidistra-elatior,grid2x2,bright_up,brightness,Tradescantia,0.5368,Cast Iron Plant (Aspidistra elatior),0.2464,0.2904,tradescantia,"tradescantia|aspidistra-elatior|ficus-elastica",true,low-conf,false,255,
aspidistra-elatior__01,aspidistra-elatior,grid2x2_3x3,bright_up,brightness,Tradescantia,0.4500,Cast Iron Plant (Aspidistra elatior),0.2419,0.2081,tradescantia,"tradescantia|aspidistra-elatior|pachira-aquatica",true,low-conf,false,334,
aspidistra-elatior__01,aspidistra-elatior,tta6,bright_down,brightness,Tradescantia,0.4987,Cast Iron Plant (Aspidistra elatior),0.3323,0.1664,tradescantia,"tradescantia|aspidistra-elatior|strelitzia-reginae",true,low-conf,false,161,
aspidistra-elatior__01,aspidistra-elatior,grid2x2,bright_down,brightness,Tradescantia,0.3432,Cast Iron Plant (Aspidistra elatior),0.2994,0.0438,tradescantia,"tradescantia|aspidistra-elatior|chamaedorea-elegans",true,low-conf,false,241,
aspidistra-elatior__01,aspidistra-elatior,grid2x2_3x3,bright_down,brightness,Cast Iron Plant (Aspidistra elatior),0.3266,Tradescantia,0.2931,0.0335,aspidistra-elatior,"aspidistra-elatior|tradescantia|pachira-aquatica",true,low-conf,false,452,
aspidistra-elatior__01,aspidistra-elatior,tta6,contrast_up,contrast,Cast Iron Plant (Aspidistra elatior),0.4903,Tradescantia,0.4472,0.0431,aspidistra-elatior,"aspidistra-elatior|tradescantia|strelitzia-reginae",true,low-conf,false,97,
aspidistra-elatior__01,aspidistra-elatior,grid2x2,contrast_up,contrast,Cast Iron Plant (Aspidistra elatior),0.3942,Tradescantia,0.3706,0.0236,aspidistra-elatior,"aspidistra-elatior|tradescantia|chamaedorea-elegans",true,low-conf,false,193,
aspidistra-elatior__01,aspidistra-elatior,grid2x2_3x3,contrast_up,contrast,Cast Iron Plant (Aspidistra elatior),0.3642,Tradescantia,0.2584,0.1058,aspidistra-elatior,"aspidistra-elatior|tradescantia|pachira-aquatica",true,low-conf,false,547,
aspidistra-elatior__01,aspidistra-elatior,tta6,contrast_down,contrast,Tradescantia,0.4886,Cast Iron Plant (Aspidistra elatior),0.2976,0.1910,tradescantia,"tradescantia|aspidistra-elatior|spathiphyllum-wallisii",true,low-conf,false,130,
aspidistra-elatior__01,aspidistra-elatior,grid2x2,contrast_down,contrast,Tradescantia,0.3892,Cast Iron Plant (Aspidistra elatior),0.2787,0.1105,tradescantia,"tradescantia|aspidistra-elatior|monstera-deliciosa",true,low-conf,false,218,
aspidistra-elatior__01,aspidistra-elatior,grid2x2_3x3,contrast_down,contrast,Tradescantia,0.3066,Cast Iron Plant (Aspidistra elatior),0.2923,0.0143,tradescantia,"tradescantia|aspidistra-elatior|pachira-aquatica",true,low-conf,false,322,
asplenium-nidus__01,asplenium-nidus,tta6,clean,clean,Birds Nest Fern (Asplenium nidus),0.5022,Schefflera,0.3365,0.1658,asplenium-nidus,"asplenium-nidus|schefflera|chamaedorea-elegans",true,low-conf,false,109,
asplenium-nidus__01,asplenium-nidus,grid2x2,clean,clean,Birds Nest Fern (Asplenium nidus),0.3938,Schefflera,0.2019,0.1919,asplenium-nidus,"asplenium-nidus|schefflera|pachira-aquatica",true,low-conf,false,169,
asplenium-nidus__01,asplenium-nidus,grid2x2_3x3,clean,clean,Money Tree (Pachira aquatica),0.2686,Birds Nest Fern (Asplenium nidus),0.2076,0.0610,pachira-aquatica,"pachira-aquatica|asplenium-nidus|schlumbergera-bridgesii",true,low-conf,false,306,
asplenium-nidus__01,asplenium-nidus,tta6,blur,blur,Money Tree (Pachira aquatica),0.4875,Snake plant (Sanseviera),0.1667,0.3208,pachira-aquatica,"pachira-aquatica|dracaena-trifasciata|epipremnum-aureum",true,high-conf,true,104,
asplenium-nidus__01,asplenium-nidus,grid2x2,blur,blur,Money Tree (Pachira aquatica),0.4227,Snake plant (Sanseviera),0.1926,0.2300,pachira-aquatica,"pachira-aquatica|dracaena-trifasciata|goeppertia-orbifolia",true,low-conf,false,244,
asplenium-nidus__01,asplenium-nidus,grid2x2_3x3,blur,blur,Money Tree (Pachira aquatica),0.3311,Snake plant (Sanseviera),0.1632,0.1679,pachira-aquatica,"pachira-aquatica|dracaena-trifasciata|goeppertia-orbifolia",true,low-conf,false,638,
asplenium-nidus__01,asplenium-nidus,tta6,crop_center_zoom,crop,Birds Nest Fern (Asplenium nidus),0.5689,Tradescantia,0.1531,0.4158,asplenium-nidus,"asplenium-nidus|tradescantia|epipremnum-aureum",true,high-conf,false,217,
asplenium-nidus__01,asplenium-nidus,grid2x2,crop_center_zoom,crop,Birds Nest Fern (Asplenium nidus),0.3420,Money Tree (Pachira aquatica),0.1201,0.2219,asplenium-nidus,"asplenium-nidus|pachira-aquatica|tradescantia",true,low-conf,false,369,
asplenium-nidus__01,asplenium-nidus,grid2x2_3x3,crop_center_zoom,crop,Money Tree (Pachira aquatica),0.2078,Birds Nest Fern (Asplenium nidus),0.1964,0.0114,pachira-aquatica,"pachira-aquatica|asplenium-nidus|hedera-helix",true,low-conf,false,388,
asplenium-nidus__01,asplenium-nidus,tta6,crop_offcenter_zoom,crop,Money Tree (Pachira aquatica),0.4786,Tradescantia,0.3120,0.1666,pachira-aquatica,"pachira-aquatica|tradescantia|zamioculcas-zamiifolia",true,low-conf,false,122,
asplenium-nidus__01,asplenium-nidus,grid2x2,crop_offcenter_zoom,crop,Money Tree (Pachira aquatica),0.5038,Tradescantia,0.1909,0.3130,pachira-aquatica,"pachira-aquatica|tradescantia|zamioculcas-zamiifolia",true,high-conf,true,228,
asplenium-nidus__01,asplenium-nidus,grid2x2_3x3,crop_offcenter_zoom,crop,Money Tree (Pachira aquatica),0.5021,Tradescantia,0.1464,0.3557,pachira-aquatica,"pachira-aquatica|tradescantia|hedera-helix",true,high-conf,true,301,
asplenium-nidus__01,asplenium-nidus,tta6,rotate_+15,rotate,Chinese evergreen (Aglaonema),0.4864,Pothos (Ivy arum),0.2948,0.1916,aglaonema,"aglaonema|epipremnum-aureum|asplenium-nidus",true,low-conf,false,102,
asplenium-nidus__01,asplenium-nidus,grid2x2,rotate_+15,rotate,Chinese evergreen (Aglaonema),0.3021,Pothos (Ivy arum),0.1831,0.1190,aglaonema,"aglaonema|epipremnum-aureum|asplenium-nidus",true,low-conf,false,159,
asplenium-nidus__01,asplenium-nidus,grid2x2_3x3,rotate_+15,rotate,Chinese evergreen (Aglaonema),0.1595,Pothos (Ivy arum),0.1478,0.0118,aglaonema,"aglaonema|epipremnum-aureum|hedera-helix",true,low-conf,false,277,
asplenium-nidus__01,asplenium-nidus,tta6,rotate_-15,rotate,Pothos (Ivy arum),0.4714,Christmas Cactus (Schlumbergera bridgesii),0.3061,0.1653,epipremnum-aureum,"epipremnum-aureum|schlumbergera-bridgesii|tradescantia",true,low-conf,false,96,
asplenium-nidus__01,asplenium-nidus,grid2x2,rotate_-15,rotate,Christmas Cactus (Schlumbergera bridgesii),0.3598,Pothos (Ivy arum),0.2979,0.0619,schlumbergera-bridgesii,"schlumbergera-bridgesii|epipremnum-aureum|tradescantia",true,low-conf,false,400,
asplenium-nidus__01,asplenium-nidus,grid2x2_3x3,rotate_-15,rotate,Christmas Cactus (Schlumbergera bridgesii),0.3341,Pothos (Ivy arum),0.1731,0.1610,schlumbergera-bridgesii,"schlumbergera-bridgesii|epipremnum-aureum|tradescantia",true,low-conf,false,512,
asplenium-nidus__01,asplenium-nidus,tta6,rotate_+90,rotate,Chinese evergreen (Aglaonema),0.2758,Birds Nest Fern (Asplenium nidus),0.2355,0.0403,aglaonema,"aglaonema|asplenium-nidus|ctenanthe",true,low-conf,false,100,
asplenium-nidus__01,asplenium-nidus,grid2x2,rotate_+90,rotate,Birds Nest Fern (Asplenium nidus),0.2479,Chinese evergreen (Aglaonema),0.1682,0.0797,asplenium-nidus,"asplenium-nidus|aglaonema|tradescantia",true,low-conf,false,155,
asplenium-nidus__01,asplenium-nidus,grid2x2_3x3,rotate_+90,rotate,Calathea,0.1662,Chinese evergreen (Aglaonema),0.1445,0.0218,goeppertia-orbifolia,"goeppertia-orbifolia|aglaonema|asplenium-nidus",true,low-conf,false,325,
asplenium-nidus__01,asplenium-nidus,tta6,rotate_-90,rotate,Birds Nest Fern (Asplenium nidus),0.9902,Jade plant (Crassula ovata),0.0089,0.9813,asplenium-nidus,"asplenium-nidus|crassula-ovata|ctenanthe",true,high-conf,false,194,
asplenium-nidus__01,asplenium-nidus,grid2x2,rotate_-90,rotate,Birds Nest Fern (Asplenium nidus),0.7812,Christmas Cactus (Schlumbergera bridgesii),0.1800,0.6012,asplenium-nidus,"asplenium-nidus|schlumbergera-bridgesii|goeppertia-orbifolia",true,high-conf,false,291,
asplenium-nidus__01,asplenium-nidus,grid2x2_3x3,rotate_-90,rotate,Birds Nest Fern (Asplenium nidus),0.4740,Christmas Cactus (Schlumbergera bridgesii),0.1374,0.3366,asplenium-nidus,"asplenium-nidus|schlumbergera-bridgesii|goeppertia-orbifolia",true,high-conf,false,291,
asplenium-nidus__01,asplenium-nidus,tta6,bright_up,brightness,Birds Nest Fern (Asplenium nidus),0.4654,Schefflera,0.3240,0.1414,asplenium-nidus,"asplenium-nidus|schefflera|aglaonema",true,low-conf,false,88,
asplenium-nidus__01,asplenium-nidus,grid2x2,bright_up,brightness,Birds Nest Fern (Asplenium nidus),0.2886,Schefflera,0.1944,0.0942,asplenium-nidus,"asplenium-nidus|schefflera|epipremnum-aureum",true,low-conf,false,168,
asplenium-nidus__01,asplenium-nidus,grid2x2_3x3,bright_up,brightness,Money Tree (Pachira aquatica),0.1818,Birds Nest Fern (Asplenium nidus),0.1519,0.0299,pachira-aquatica,"pachira-aquatica|asplenium-nidus|schlumbergera-bridgesii",true,low-conf,false,706,
asplenium-nidus__01,asplenium-nidus,tta6,bright_down,brightness,Parlor Palm (Chamaedorea elegans),0.3240,Birds Nest Fern (Asplenium nidus),0.3130,0.0110,chamaedorea-elegans,"chamaedorea-elegans|asplenium-nidus|schefflera",true,low-conf,false,222,
asplenium-nidus__01,asplenium-nidus,grid2x2,bright_down,brightness,Birds Nest Fern (Asplenium nidus),0.2878,Parlor Palm (Chamaedorea elegans),0.1944,0.0934,asplenium-nidus,"asplenium-nidus|chamaedorea-elegans|schefflera",true,low-conf,false,208,
asplenium-nidus__01,asplenium-nidus,grid2x2_3x3,bright_down,brightness,Money Tree (Pachira aquatica),0.3101,Birds Nest Fern (Asplenium nidus),0.1515,0.1586,pachira-aquatica,"pachira-aquatica|asplenium-nidus|schlumbergera-bridgesii",true,low-conf,false,298,
asplenium-nidus__01,asplenium-nidus,tta6,contrast_up,contrast,Birds Nest Fern (Asplenium nidus),0.5826,Chinese evergreen (Aglaonema),0.3138,0.2688,asplenium-nidus,"asplenium-nidus|aglaonema|pachira-aquatica",true,low-conf,false,147,
asplenium-nidus__01,asplenium-nidus,grid2x2,contrast_up,contrast,Birds Nest Fern (Asplenium nidus),0.4495,Chinese evergreen (Aglaonema),0.1883,0.2612,asplenium-nidus,"asplenium-nidus|aglaonema|pachira-aquatica",true,low-conf,false,209,
asplenium-nidus__01,asplenium-nidus,grid2x2_3x3,contrast_up,contrast,Money Tree (Pachira aquatica),0.2503,Birds Nest Fern (Asplenium nidus),0.2367,0.0136,pachira-aquatica,"pachira-aquatica|asplenium-nidus|schlumbergera-bridgesii",true,low-conf,false,310,
asplenium-nidus__01,asplenium-nidus,tta6,contrast_down,contrast,Schefflera,0.6020,Birds Nest Fern (Asplenium nidus),0.1784,0.4237,schefflera,"schefflera|asplenium-nidus|tradescantia",true,high-conf,true,89,
asplenium-nidus__01,asplenium-nidus,grid2x2,contrast_down,contrast,Schefflera,0.3612,Pothos (Ivy arum),0.1937,0.1675,schefflera,"schefflera|epipremnum-aureum|asplenium-nidus",true,low-conf,false,164,
asplenium-nidus__01,asplenium-nidus,grid2x2_3x3,contrast_down,contrast,Schefflera,0.1907,Money Tree (Pachira aquatica),0.1589,0.0319,schefflera,"schefflera|pachira-aquatica|schlumbergera-bridgesii",true,low-conf,false,348,
beaucarnea-recurvata__01,beaucarnea-recurvata,tta6,clean,clean,Dracaena,0.5078,Yucca,0.3658,0.1420,dracaena,"dracaena|yucca|cycas-revoluta",true,low-conf,false,102,
beaucarnea-recurvata__01,beaucarnea-recurvata,grid2x2,clean,clean,Dracaena,0.5939,Yucca,0.2287,0.3652,dracaena,"dracaena|yucca|beaucarnea-recurvata",true,high-conf,true,238,
beaucarnea-recurvata__01,beaucarnea-recurvata,grid2x2_3x3,clean,clean,Dracaena,0.4469,Ponytail Palm (Beaucarnea recurvata),0.1769,0.2700,dracaena,"dracaena|beaucarnea-recurvata|asparagus-setaceus",true,low-conf,false,500,
beaucarnea-recurvata__01,beaucarnea-recurvata,tta6,blur,blur,Cast Iron Plant (Aspidistra elatior),0.6450,Asparagus Fern (Asparagus setaceus),0.3540,0.2910,aspidistra-elatior,"aspidistra-elatior|asparagus-setaceus|dracaena",true,low-conf,false,237,
beaucarnea-recurvata__01,beaucarnea-recurvata,grid2x2,blur,blur,Cast Iron Plant (Aspidistra elatior),0.5315,Asparagus Fern (Asparagus setaceus),0.4260,0.1054,aspidistra-elatior,"aspidistra-elatior|asparagus-setaceus|ficus-elastica",true,low-conf,false,269,
beaucarnea-recurvata__01,beaucarnea-recurvata,grid2x2_3x3,blur,blur,Cast Iron Plant (Aspidistra elatior),0.4336,Asparagus Fern (Asparagus setaceus),0.3884,0.0452,aspidistra-elatior,"aspidistra-elatior|asparagus-setaceus|strelitzia-reginae",true,low-conf,false,474,
beaucarnea-recurvata__01,beaucarnea-recurvata,tta6,crop_center_zoom,crop,Dracaena,0.9997,Areca Palm (Dypsis lutescens),0.0002,0.9995,dracaena,"dracaena|dypsis-lutescens|beaucarnea-recurvata",true,high-conf,true,120,
beaucarnea-recurvata__01,beaucarnea-recurvata,grid2x2,crop_center_zoom,crop,Dracaena,0.7068,Asparagus Fern (Asparagus setaceus),0.0985,0.6083,dracaena,"dracaena|asparagus-setaceus|beaucarnea-recurvata",true,high-conf,true,202,
beaucarnea-recurvata__01,beaucarnea-recurvata,grid2x2_3x3,crop_center_zoom,crop,Dracaena,0.3966,Ponytail Palm (Beaucarnea recurvata),0.1188,0.2778,dracaena,"dracaena|beaucarnea-recurvata|asparagus-setaceus",true,low-conf,false,331,
beaucarnea-recurvata__01,beaucarnea-recurvata,tta6,crop_offcenter_zoom,crop,Dracaena,0.9926,Areca Palm (Dypsis lutescens),0.0066,0.9860,dracaena,"dracaena|dypsis-lutescens|yucca",true,high-conf,true,97,
beaucarnea-recurvata__01,beaucarnea-recurvata,grid2x2,crop_offcenter_zoom,crop,Dracaena,0.6026,Areca Palm (Dypsis lutescens),0.1007,0.5019,dracaena,"dracaena|dypsis-lutescens|beaucarnea-recurvata",true,high-conf,true,190,
beaucarnea-recurvata__01,beaucarnea-recurvata,grid2x2_3x3,crop_offcenter_zoom,crop,Dracaena,0.3694,Asparagus Fern (Asparagus setaceus),0.2078,0.1617,dracaena,"dracaena|asparagus-setaceus|beaucarnea-recurvata",true,low-conf,false,292,
beaucarnea-recurvata__01,beaucarnea-recurvata,tta6,rotate_+15,rotate,Dracaena,0.6647,Cast Iron Plant (Aspidistra elatior),0.2010,0.4637,dracaena,"dracaena|aspidistra-elatior|yucca",true,high-conf,true,117,
beaucarnea-recurvata__01,beaucarnea-recurvata,grid2x2,rotate_+15,rotate,Dracaena,0.4123,Asparagus Fern (Asparagus setaceus),0.2347,0.1776,dracaena,"dracaena|asparagus-setaceus|aspidistra-elatior",true,low-conf,false,166,
beaucarnea-recurvata__01,beaucarnea-recurvata,grid2x2_3x3,rotate_+15,rotate,Asparagus Fern (Asparagus setaceus),0.2434,Dracaena,0.2387,0.0047,asparagus-setaceus,"asparagus-setaceus|dracaena|aspidistra-elatior",true,low-conf,false,287,
beaucarnea-recurvata__01,beaucarnea-recurvata,tta6,rotate_-15,rotate,Sago Palm (Cycas revoluta),0.5597,Dracaena,0.2921,0.2676,cycas-revoluta,"cycas-revoluta|dracaena|yucca",true,low-conf,false,106,
beaucarnea-recurvata__01,beaucarnea-recurvata,grid2x2,rotate_-15,rotate,Sago Palm (Cycas revoluta),0.3358,Dracaena,0.2735,0.0623,cycas-revoluta,"cycas-revoluta|dracaena|aspidistra-elatior",true,low-conf,false,157,
beaucarnea-recurvata__01,beaucarnea-recurvata,grid2x2_3x3,rotate_-15,rotate,Cast Iron Plant (Aspidistra elatior),0.2747,Sago Palm (Cycas revoluta),0.1767,0.0980,aspidistra-elatior,"aspidistra-elatior|cycas-revoluta|dracaena",true,low-conf,false,275,
beaucarnea-recurvata__01,beaucarnea-recurvata,tta6,rotate_+90,rotate,Asparagus Fern (Asparagus setaceus),0.6448,Dracaena,0.2984,0.3465,asparagus-setaceus,"asparagus-setaceus|dracaena|dypsis-lutescens",true,high-conf,true,168,
beaucarnea-recurvata__01,beaucarnea-recurvata,grid2x2,rotate_+90,rotate,Asparagus Fern (Asparagus setaceus),0.5010,Dracaena,0.1791,0.3220,asparagus-setaceus,"asparagus-setaceus|dracaena|yucca",true,high-conf,true,192,
beaucarnea-recurvata__01,beaucarnea-recurvata,grid2x2_3x3,rotate_+90,rotate,Asparagus Fern (Asparagus setaceus),0.3681,Dracaena,0.1563,0.2118,asparagus-setaceus,"asparagus-setaceus|dracaena|aspidistra-elatior",true,low-conf,false,481,
beaucarnea-recurvata__01,beaucarnea-recurvata,tta6,rotate_-90,rotate,Dracaena,0.5812,Yucca,0.1836,0.3976,dracaena,"dracaena|yucca|beaucarnea-recurvata",true,high-conf,true,101,
beaucarnea-recurvata__01,beaucarnea-recurvata,grid2x2,rotate_-90,rotate,Dracaena,0.3670,Yucca,0.1935,0.1734,dracaena,"dracaena|yucca|asparagus-setaceus",true,low-conf,false,187,
beaucarnea-recurvata__01,beaucarnea-recurvata,grid2x2_3x3,rotate_-90,rotate,Dracaena,0.2728,Asparagus Fern (Asparagus setaceus),0.1922,0.0806,dracaena,"dracaena|asparagus-setaceus|beaucarnea-recurvata",true,low-conf,false,325,
beaucarnea-recurvata__01,beaucarnea-recurvata,tta6,bright_up,brightness,Dracaena,0.5403,Yucca,0.4350,0.1053,dracaena,"dracaena|yucca|cycas-revoluta",true,low-conf,false,96,
beaucarnea-recurvata__01,beaucarnea-recurvata,grid2x2,bright_up,brightness,Dracaena,0.6233,Yucca,0.2610,0.3623,dracaena,"dracaena|yucca|beaucarnea-recurvata",true,high-conf,true,170,
beaucarnea-recurvata__01,beaucarnea-recurvata,grid2x2_3x3,bright_up,brightness,Dracaena,0.4695,Asparagus Fern (Asparagus setaceus),0.2559,0.2136,dracaena,"dracaena|asparagus-setaceus|yucca",true,low-conf,false,299,
beaucarnea-recurvata__01,beaucarnea-recurvata,tta6,bright_down,brightness,Dracaena,0.5447,Yucca,0.3675,0.1773,dracaena,"dracaena|yucca|cycas-revoluta",true,low-conf,false,91,
beaucarnea-recurvata__01,beaucarnea-recurvata,grid2x2,bright_down,brightness,Dracaena,0.4962,Yucca,0.2589,0.2374,dracaena,"dracaena|yucca|beaucarnea-recurvata",true,low-conf,false,158,
beaucarnea-recurvata__01,beaucarnea-recurvata,grid2x2_3x3,bright_down,brightness,Dracaena,0.3612,Ponytail Palm (Beaucarnea recurvata),0.2258,0.1354,dracaena,"dracaena|beaucarnea-recurvata|asparagus-setaceus",true,low-conf,false,314,
beaucarnea-recurvata__01,beaucarnea-recurvata,tta6,contrast_up,contrast,Dracaena,0.6731,Yucca,0.3246,0.3486,dracaena,"dracaena|yucca|cycas-revoluta",true,high-conf,true,85,
beaucarnea-recurvata__01,beaucarnea-recurvata,grid2x2,contrast_up,contrast,Dracaena,0.7031,Yucca,0.1947,0.5083,dracaena,"dracaena|yucca|beaucarnea-recurvata",true,high-conf,true,168,
beaucarnea-recurvata__01,beaucarnea-recurvata,grid2x2_3x3,contrast_up,contrast,Dracaena,0.4996,Asparagus Fern (Asparagus setaceus),0.1793,0.3203,dracaena,"dracaena|asparagus-setaceus|beaucarnea-recurvata",true,high-conf,true,290,
beaucarnea-recurvata__01,beaucarnea-recurvata,tta6,contrast_down,contrast,Yucca,0.3542,Dracaena,0.3414,0.0129,yucca,"yucca|dracaena|cycas-revoluta",true,low-conf,false,84,
beaucarnea-recurvata__01,beaucarnea-recurvata,grid2x2,contrast_down,contrast,Dracaena,0.4242,Yucca,0.2281,0.1961,dracaena,"dracaena|yucca|cycas-revoluta",true,low-conf,false,160,
beaucarnea-recurvata__01,beaucarnea-recurvata,grid2x2_3x3,contrast_down,contrast,Dracaena,0.3424,Asparagus Fern (Asparagus setaceus),0.2445,0.0978,dracaena,"dracaena|asparagus-setaceus|beaucarnea-recurvata",true,low-conf,false,282,
begonia__01,begonia,tta6,clean,clean,Anthurium (Anthurium andraeanum),0.9917,Elephant Ear (Alocasia spp.),0.0083,0.9834,anthurium-andraeanum,"anthurium-andraeanum|alocasia|begonia",true,high-conf,true,95,
begonia__01,begonia,grid2x2,clean,clean,Anthurium (Anthurium andraeanum),0.6506,Elephant Ear (Alocasia spp.),0.2033,0.4473,anthurium-andraeanum,"anthurium-andraeanum|alocasia|tradescantia",true,high-conf,true,159,
begonia__01,begonia,grid2x2_3x3,clean,clean,Anthurium (Anthurium andraeanum),0.3474,Elephant Ear (Alocasia spp.),0.2156,0.1318,anthurium-andraeanum,"anthurium-andraeanum|alocasia|tradescantia",true,low-conf,false,272,
begonia__01,begonia,tta6,blur,blur,Anthurium (Anthurium andraeanum),0.9893,Elephant Ear (Alocasia spp.),0.0085,0.9808,anthurium-andraeanum,"anthurium-andraeanum|alocasia|pilea-peperomioides",true,high-conf,true,89,
begonia__01,begonia,grid2x2,blur,blur,Anthurium (Anthurium andraeanum),0.5941,English Ivy (Hedera helix),0.1348,0.4592,anthurium-andraeanum,"anthurium-andraeanum|hedera-helix|pachira-aquatica",true,high-conf,true,160,
begonia__01,begonia,grid2x2_3x3,blur,blur,Anthurium (Anthurium andraeanum),0.3127,Calathea,0.1479,0.1648,anthurium-andraeanum,"anthurium-andraeanum|goeppertia-orbifolia|hedera-helix",true,low-conf,false,287,
begonia__01,begonia,tta6,crop_center_zoom,crop,Anthurium (Anthurium andraeanum),0.7542,Elephant Ear (Alocasia spp.),0.2455,0.5087,anthurium-andraeanum,"anthurium-andraeanum|alocasia|hedera-helix",true,high-conf,true,96,
begonia__01,begonia,grid2x2,crop_center_zoom,crop,Anthurium (Anthurium andraeanum),0.5243,Elephant Ear (Alocasia spp.),0.3470,0.1773,anthurium-andraeanum,"anthurium-andraeanum|alocasia|schlumbergera-bridgesii",true,low-conf,false,182,
begonia__01,begonia,grid2x2_3x3,crop_center_zoom,crop,Anthurium (Anthurium andraeanum),0.3677,Elephant Ear (Alocasia spp.),0.3436,0.0241,anthurium-andraeanum,"anthurium-andraeanum|alocasia|dionaea-muscipula",true,low-conf,false,288,
begonia__01,begonia,tta6,crop_offcenter_zoom,crop,Anthurium (Anthurium andraeanum),0.6996,Christmas Cactus (Schlumbergera bridgesii),0.2477,0.4519,anthurium-andraeanum,"anthurium-andraeanum|schlumbergera-bridgesii|tradescantia",true,high-conf,true,99,
begonia__01,begonia,grid2x2,crop_offcenter_zoom,crop,Anthurium (Anthurium andraeanum),0.5181,Christmas Cactus (Schlumbergera bridgesii),0.1492,0.3689,anthurium-andraeanum,"anthurium-andraeanum|schlumbergera-bridgesii|tradescantia",true,high-conf,true,166,
begonia__01,begonia,grid2x2_3x3,crop_offcenter_zoom,crop,Anthurium (Anthurium andraeanum),0.3255,Christmas Cactus (Schlumbergera bridgesii),0.1811,0.1444,anthurium-andraeanum,"anthurium-andraeanum|schlumbergera-bridgesii|tradescantia",true,low-conf,false,289,
begonia__01,begonia,tta6,rotate_+15,rotate,Anthurium (Anthurium andraeanum),0.9880,Elephant Ear (Alocasia spp.),0.0117,0.9763,anthurium-andraeanum,"anthurium-andraeanum|alocasia|hedera-helix",true,high-conf,true,99,
begonia__01,begonia,grid2x2,rotate_+15,rotate,Anthurium (Anthurium andraeanum),0.8420,English Ivy (Hedera helix),0.1165,0.7255,anthurium-andraeanum,"anthurium-andraeanum|hedera-helix|alocasia",true,high-conf,true,173,
begonia__01,begonia,grid2x2_3x3,rotate_+15,rotate,Anthurium (Anthurium andraeanum),0.5165,Snake plant (Sanseviera),0.1495,0.3670,anthurium-andraeanum,"anthurium-andraeanum|dracaena-trifasciata|hedera-helix",true,high-conf,true,272,
begonia__01,begonia,tta6,rotate_-15,rotate,Anthurium (Anthurium andraeanum),0.8488,Elephant Ear (Alocasia spp.),0.1512,0.6976,anthurium-andraeanum,"anthurium-andraeanum|alocasia|hedera-helix",true,high-conf,true,123,
begonia__01,begonia,grid2x2,rotate_-15,rotate,Anthurium (Anthurium andraeanum),0.6417,English Ivy (Hedera helix),0.1738,0.4679,anthurium-andraeanum,"anthurium-andraeanum|hedera-helix|alocasia",true,high-conf,true,217,
begonia__01,begonia,grid2x2_3x3,rotate_-15,rotate,Anthurium (Anthurium andraeanum),0.3668,English Ivy (Hedera helix),0.2496,0.1173,anthurium-andraeanum,"anthurium-andraeanum|hedera-helix|alocasia",true,low-conf,false,367,
begonia__01,begonia,tta6,rotate_+90,rotate,Anthurium (Anthurium andraeanum),0.8653,Elephant Ear (Alocasia spp.),0.1248,0.7405,anthurium-andraeanum,"anthurium-andraeanum|alocasia|begonia",true,high-conf,true,91,
begonia__01,begonia,grid2x2,rotate_+90,rotate,Anthurium (Anthurium andraeanum),0.5351,Elephant Ear (Alocasia spp.),0.2737,0.2614,anthurium-andraeanum,"anthurium-andraeanum|alocasia|tradescantia",true,low-conf,false,196,
begonia__01,begonia,grid2x2_3x3,rotate_+90,rotate,Elephant Ear (Alocasia spp.),0.3073,Anthurium (Anthurium andraeanum),0.2931,0.0142,alocasia,"alocasia|anthurium-andraeanum|tradescantia",true,low-conf,false,325,
begonia__01,begonia,tta6,rotate_-90,rotate,Anthurium (Anthurium andraeanum),0.9938,Elephant Ear (Alocasia spp.),0.0062,0.9876,anthurium-andraeanum,"anthurium-andraeanum|alocasia|begonia",true,high-conf,true,109,
begonia__01,begonia,grid2x2,rotate_-90,rotate,Anthurium (Anthurium andraeanum),0.6968,Elephant Ear (Alocasia spp.),0.2036,0.4932,anthurium-andraeanum,"anthurium-andraeanum|alocasia|tradescantia",true,high-conf,true,157,
begonia__01,begonia,grid2x2_3x3,rotate_-90,rotate,Anthurium (Anthurium andraeanum),0.3813,Elephant Ear (Alocasia spp.),0.2082,0.1731,anthurium-andraeanum,"anthurium-andraeanum|alocasia|tradescantia",true,low-conf,false,394,
begonia__01,begonia,tta6,bright_up,brightness,Anthurium (Anthurium andraeanum),0.9996,Elephant Ear (Alocasia spp.),0.0004,0.9992,anthurium-andraeanum,"anthurium-andraeanum|alocasia|pilea-peperomioides",true,high-conf,true,95,
begonia__01,begonia,grid2x2,bright_up,brightness,Anthurium (Anthurium andraeanum),0.6423,Elephant Ear (Alocasia spp.),0.1605,0.4817,anthurium-andraeanum,"anthurium-andraeanum|alocasia|tradescantia",true,high-conf,true,148,
begonia__01,begonia,grid2x2_3x3,bright_up,brightness,Anthurium (Anthurium andraeanum),0.3776,Tradescantia,0.1549,0.2228,anthurium-andraeanum,"anthurium-andraeanum|tradescantia|alocasia",true,low-conf,false,409,
begonia__01,begonia,tta6,bright_down,brightness,Anthurium (Anthurium andraeanum),0.9885,Elephant Ear (Alocasia spp.),0.0115,0.9771,anthurium-andraeanum,"anthurium-andraeanum|alocasia|begonia",true,high-conf,true,114,
begonia__01,begonia,grid2x2,bright_down,brightness,Anthurium (Anthurium andraeanum),0.6610,Elephant Ear (Alocasia spp.),0.1754,0.4856,anthurium-andraeanum,"anthurium-andraeanum|alocasia|schlumbergera-bridgesii",true,high-conf,true,182,
begonia__01,begonia,grid2x2_3x3,bright_down,brightness,Anthurium (Anthurium andraeanum),0.3877,Elephant Ear (Alocasia spp.),0.1968,0.1909,anthurium-andraeanum,"anthurium-andraeanum|alocasia|hedera-helix",true,low-conf,false,442,
begonia__01,begonia,tta6,contrast_up,contrast,Anthurium (Anthurium andraeanum),0.8641,Elephant Ear (Alocasia spp.),0.1359,0.7283,anthurium-andraeanum,"anthurium-andraeanum|alocasia|begonia",true,high-conf,true,121,
begonia__01,begonia,grid2x2,contrast_up,contrast,Anthurium (Anthurium andraeanum),0.5842,Elephant Ear (Alocasia spp.),0.2815,0.3027,anthurium-andraeanum,"anthurium-andraeanum|alocasia|tradescantia",true,high-conf,true,239,
begonia__01,begonia,grid2x2_3x3,contrast_up,contrast,Anthurium (Anthurium andraeanum),0.3450,Elephant Ear (Alocasia spp.),0.2908,0.0542,anthurium-andraeanum,"anthurium-andraeanum|alocasia|pachira-aquatica",true,low-conf,false,349,
begonia__01,begonia,tta6,contrast_down,contrast,Anthurium (Anthurium andraeanum),1.0000,Begonia (Begonia spp.),0.0000,1.0000,anthurium-andraeanum,"anthurium-andraeanum|begonia|pachira-aquatica",true,high-conf,true,113,
begonia__01,begonia,grid2x2,contrast_down,contrast,Anthurium (Anthurium andraeanum),0.6681,English Ivy (Hedera helix),0.1316,0.5365,anthurium-andraeanum,"anthurium-andraeanum|hedera-helix|dionaea-muscipula",true,high-conf,true,234,
begonia__01,begonia,grid2x2_3x3,contrast_down,contrast,Anthurium (Anthurium andraeanum),0.3845,English Ivy (Hedera helix),0.1733,0.2112,anthurium-andraeanum,"anthurium-andraeanum|hedera-helix|tradescantia",true,low-conf,false,351,
chamaedorea-elegans__01,chamaedorea-elegans,tta6,clean,clean,Parlor Palm (Chamaedorea elegans),0.9988,ZZ Plant (Zamioculcas zamiifolia),0.0011,0.9977,chamaedorea-elegans,"chamaedorea-elegans|zamioculcas-zamiifolia|nephrolepis-exaltata",true,high-conf,false,123,
chamaedorea-elegans__01,chamaedorea-elegans,grid2x2,clean,clean,Parlor Palm (Chamaedorea elegans),0.7069,Aloe Vera,0.2000,0.5069,chamaedorea-elegans,"chamaedorea-elegans|aloe-vera|pachira-aquatica",true,high-conf,false,201,
chamaedorea-elegans__01,chamaedorea-elegans,grid2x2_3x3,clean,clean,Parlor Palm (Chamaedorea elegans),0.4388,Aloe Vera,0.3909,0.0478,chamaedorea-elegans,"chamaedorea-elegans|aloe-vera|goeppertia-orbifolia",true,low-conf,false,345,
chamaedorea-elegans__01,chamaedorea-elegans,tta6,blur,blur,Parlor Palm (Chamaedorea elegans),0.7508,Calathea,0.2221,0.5287,chamaedorea-elegans,"chamaedorea-elegans|goeppertia-orbifolia|pachira-aquatica",true,high-conf,false,131,
chamaedorea-elegans__01,chamaedorea-elegans,grid2x2,blur,blur,Parlor Palm (Chamaedorea elegans),0.5502,Calathea,0.3329,0.2174,chamaedorea-elegans,"chamaedorea-elegans|goeppertia-orbifolia|aloe-vera",true,low-conf,false,230,
chamaedorea-elegans__01,chamaedorea-elegans,grid2x2_3x3,blur,blur,Parlor Palm (Chamaedorea elegans),0.3965,Calathea,0.2837,0.1127,chamaedorea-elegans,"chamaedorea-elegans|goeppertia-orbifolia|aloe-vera",true,low-conf,false,427,
chamaedorea-elegans__01,chamaedorea-elegans,tta6,crop_center_zoom,crop,Parlor Palm (Chamaedorea elegans),0.9966,ZZ Plant (Zamioculcas zamiifolia),0.0033,0.9932,chamaedorea-elegans,"chamaedorea-elegans|zamioculcas-zamiifolia|aloe-vera",true,high-conf,false,160,
chamaedorea-elegans__01,chamaedorea-elegans,grid2x2,crop_center_zoom,crop,Parlor Palm (Chamaedorea elegans),0.7572,Aloe Vera,0.2056,0.5516,chamaedorea-elegans,"chamaedorea-elegans|aloe-vera|zamioculcas-zamiifolia",true,high-conf,false,183,
chamaedorea-elegans__01,chamaedorea-elegans,grid2x2_3x3,crop_center_zoom,crop,Aloe Vera,0.4187,Parlor Palm (Chamaedorea elegans),0.4044,0.0143,aloe-vera,"aloe-vera|chamaedorea-elegans|goeppertia-orbifolia",true,low-conf,false,314,
chamaedorea-elegans__01,chamaedorea-elegans,tta6,crop_offcenter_zoom,crop,Parlor Palm (Chamaedorea elegans),0.6997,Aloe Vera,0.2997,0.4000,chamaedorea-elegans,"chamaedorea-elegans|aloe-vera|zamioculcas-zamiifolia",true,high-conf,false,124,
chamaedorea-elegans__01,chamaedorea-elegans,grid2x2,crop_offcenter_zoom,crop,Aloe Vera,0.5317,Parlor Palm (Chamaedorea elegans),0.4653,0.0664,aloe-vera,"aloe-vera|chamaedorea-elegans|zamioculcas-zamiifolia",true,low-conf,false,208,
chamaedorea-elegans__01,chamaedorea-elegans,grid2x2_3x3,crop_offcenter_zoom,crop,Aloe Vera,0.7239,Parlor Palm (Chamaedorea elegans),0.2517,0.4722,aloe-vera,"aloe-vera|chamaedorea-elegans|hedera-helix",true,high-conf,true,435,
chamaedorea-elegans__01,chamaedorea-elegans,tta6,rotate_+15,rotate,Parlor Palm (Chamaedorea elegans),0.8904,Elephant Ear (Alocasia spp.),0.0852,0.8052,chamaedorea-elegans,"chamaedorea-elegans|alocasia|goeppertia-orbifolia",true,high-conf,false,140,
chamaedorea-elegans__01,chamaedorea-elegans,grid2x2,rotate_+15,rotate,Parlor Palm (Chamaedorea elegans),0.6275,Aloe Vera,0.1944,0.4331,chamaedorea-elegans,"chamaedorea-elegans|aloe-vera|pachira-aquatica",true,high-conf,false,208,
chamaedorea-elegans__01,chamaedorea-elegans,grid2x2_3x3,rotate_+15,rotate,Parlor Palm (Chamaedorea elegans),0.4360,Aloe Vera,0.2864,0.1496,chamaedorea-elegans,"chamaedorea-elegans|aloe-vera|pachira-aquatica",true,low-conf,false,463,
chamaedorea-elegans__01,chamaedorea-elegans,tta6,rotate_-15,rotate,Parlor Palm (Chamaedorea elegans),0.5773,Boston Fern (Nephrolepis exaltata),0.4216,0.1557,chamaedorea-elegans,"chamaedorea-elegans|nephrolepis-exaltata|zamioculcas-zamiifolia",true,low-conf,false,106,
chamaedorea-elegans__01,chamaedorea-elegans,grid2x2,rotate_-15,rotate,Parlor Palm (Chamaedorea elegans),0.5340,Boston Fern (Nephrolepis exaltata),0.2701,0.2639,chamaedorea-elegans,"chamaedorea-elegans|nephrolepis-exaltata|aloe-vera",true,low-conf,false,201,
chamaedorea-elegans__01,chamaedorea-elegans,grid2x2_3x3,rotate_-15,rotate,Aloe Vera,0.3642,Parlor Palm (Chamaedorea elegans),0.2872,0.0771,aloe-vera,"aloe-vera|chamaedorea-elegans|nephrolepis-exaltata",true,low-conf,false,342,
chamaedorea-elegans__01,chamaedorea-elegans,tta6,rotate_+90,rotate,Parlor Palm (Chamaedorea elegans),1.0000,Chinese evergreen (Aglaonema),0.0000,0.9999,chamaedorea-elegans,"chamaedorea-elegans|aglaonema|pachira-aquatica",true,high-conf,false,91,
chamaedorea-elegans__01,chamaedorea-elegans,grid2x2,rotate_+90,rotate,Parlor Palm (Chamaedorea elegans),0.7975,Aloe Vera,0.1122,0.6852,chamaedorea-elegans,"chamaedorea-elegans|aloe-vera|zamioculcas-zamiifolia",true,high-conf,false,169,
chamaedorea-elegans__01,chamaedorea-elegans,grid2x2_3x3,rotate_+90,rotate,Parlor Palm (Chamaedorea elegans),0.5287,Aloe Vera,0.3007,0.2280,chamaedorea-elegans,"chamaedorea-elegans|aloe-vera|zamioculcas-zamiifolia",true,low-conf,false,379,
chamaedorea-elegans__01,chamaedorea-elegans,tta6,rotate_-90,rotate,Parlor Palm (Chamaedorea elegans),0.9999,Monstera Deliciosa (Monstera deliciosa),0.0000,0.9999,chamaedorea-elegans,"chamaedorea-elegans|monstera-deliciosa|zamioculcas-zamiifolia",true,high-conf,false,104,
chamaedorea-elegans__01,chamaedorea-elegans,grid2x2,rotate_-90,rotate,Parlor Palm (Chamaedorea elegans),0.8254,Aloe Vera,0.0985,0.7269,chamaedorea-elegans,"chamaedorea-elegans|aloe-vera|zamioculcas-zamiifolia",true,high-conf,false,190,
chamaedorea-elegans__01,chamaedorea-elegans,grid2x2_3x3,rotate_-90,rotate,Parlor Palm (Chamaedorea elegans),0.5209,Aloe Vera,0.3322,0.1887,chamaedorea-elegans,"chamaedorea-elegans|aloe-vera|zamioculcas-zamiifolia",true,low-conf,false,369,
chamaedorea-elegans__01,chamaedorea-elegans,tta6,bright_up,brightness,Parlor Palm (Chamaedorea elegans),0.9993,ZZ Plant (Zamioculcas zamiifolia),0.0006,0.9987,chamaedorea-elegans,"chamaedorea-elegans|zamioculcas-zamiifolia|nephrolepis-exaltata",true,high-conf,false,99,
chamaedorea-elegans__01,chamaedorea-elegans,grid2x2,bright_up,brightness,Parlor Palm (Chamaedorea elegans),0.7988,Aloe Vera,0.2000,0.5988,chamaedorea-elegans,"chamaedorea-elegans|aloe-vera|pachira-aquatica",true,high-conf,false,219,
chamaedorea-elegans__01,chamaedorea-elegans,grid2x2_3x3,bright_up,brightness,Parlor Palm (Chamaedorea elegans),0.4981,Aloe Vera,0.3770,0.1211,chamaedorea-elegans,"chamaedorea-elegans|aloe-vera|goeppertia-orbifolia",true,low-conf,false,309,
chamaedorea-elegans__01,chamaedorea-elegans,tta6,bright_down,brightness,Parlor Palm (Chamaedorea elegans),1.0000,ZZ Plant (Zamioculcas zamiifolia),0.0000,0.9999,chamaedorea-elegans,"chamaedorea-elegans|zamioculcas-zamiifolia|beaucarnea-recurvata",true,high-conf,false,101,
chamaedorea-elegans__01,chamaedorea-elegans,grid2x2,bright_down,brightness,Parlor Palm (Chamaedorea elegans),0.6968,Aloe Vera,0.1999,0.4969,chamaedorea-elegans,"chamaedorea-elegans|aloe-vera|pachira-aquatica",true,high-conf,false,157,
chamaedorea-elegans__01,chamaedorea-elegans,grid2x2_3x3,bright_down,brightness,Parlor Palm (Chamaedorea elegans),0.4126,Aloe Vera,0.3656,0.0470,chamaedorea-elegans,"chamaedorea-elegans|aloe-vera|zamioculcas-zamiifolia",true,low-conf,false,347,
chamaedorea-elegans__01,chamaedorea-elegans,tta6,contrast_up,contrast,Parlor Palm (Chamaedorea elegans),1.0000,ZZ Plant (Zamioculcas zamiifolia),0.0000,1.0000,chamaedorea-elegans,"chamaedorea-elegans|zamioculcas-zamiifolia|nephrolepis-exaltata",true,high-conf,false,167,
chamaedorea-elegans__01,chamaedorea-elegans,grid2x2,contrast_up,contrast,Parlor Palm (Chamaedorea elegans),0.7211,Aloe Vera,0.1998,0.5212,chamaedorea-elegans,"chamaedorea-elegans|aloe-vera|pachira-aquatica",true,high-conf,false,200,
chamaedorea-elegans__01,chamaedorea-elegans,grid2x2_3x3,contrast_up,contrast,Parlor Palm (Chamaedorea elegans),0.4370,Aloe Vera,0.3939,0.0432,chamaedorea-elegans,"chamaedorea-elegans|aloe-vera|goeppertia-orbifolia",true,low-conf,false,337,
chamaedorea-elegans__01,chamaedorea-elegans,tta6,contrast_down,contrast,Parlor Palm (Chamaedorea elegans),0.9993,ZZ Plant (Zamioculcas zamiifolia),0.0006,0.9988,chamaedorea-elegans,"chamaedorea-elegans|zamioculcas-zamiifolia|nephrolepis-exaltata",true,high-conf,false,95,
chamaedorea-elegans__01,chamaedorea-elegans,grid2x2,contrast_down,contrast,Parlor Palm (Chamaedorea elegans),0.7161,Aloe Vera,0.1999,0.5161,chamaedorea-elegans,"chamaedorea-elegans|aloe-vera|pachira-aquatica",true,high-conf,false,148,
chamaedorea-elegans__01,chamaedorea-elegans,grid2x2_3x3,contrast_down,contrast,Parlor Palm (Chamaedorea elegans),0.5047,Aloe Vera,0.3053,0.1994,chamaedorea-elegans,"chamaedorea-elegans|aloe-vera|pachira-aquatica",true,low-conf,false,310,
crassula-ovata,crassula-ovata,tta6,clean,clean,Jade plant (Crassula ovata),0.8596,Money Tree (Pachira aquatica),0.1403,0.7193,crassula-ovata,"crassula-ovata|pachira-aquatica|tradescantia",true,high-conf,false,90,
crassula-ovata,crassula-ovata,grid2x2,clean,clean,Jade plant (Crassula ovata),0.9072,Money Tree (Pachira aquatica),0.0842,0.8229,crassula-ovata,"crassula-ovata|pachira-aquatica|schlumbergera-bridgesii",true,high-conf,false,151,
crassula-ovata,crassula-ovata,grid2x2_3x3,clean,clean,Jade plant (Crassula ovata),0.9208,Money Tree (Pachira aquatica),0.0443,0.8765,crassula-ovata,"crassula-ovata|pachira-aquatica|tradescantia",true,high-conf,false,306,
crassula-ovata,crassula-ovata,tta6,blur,blur,Money Tree (Pachira aquatica),0.7400,Jade plant (Crassula ovata),0.2446,0.4954,pachira-aquatica,"pachira-aquatica|crassula-ovata|schlumbergera-bridgesii",true,high-conf,true,88,
crassula-ovata,crassula-ovata,grid2x2,blur,blur,Jade plant (Crassula ovata),0.4733,Money Tree (Pachira aquatica),0.4451,0.0282,crassula-ovata,"crassula-ovata|pachira-aquatica|pilea-peperomioides",true,low-conf,false,143,
crassula-ovata,crassula-ovata,grid2x2_3x3,blur,blur,Jade plant (Crassula ovata),0.5837,Money Tree (Pachira aquatica),0.2867,0.2970,crassula-ovata,"crassula-ovata|pachira-aquatica|schlumbergera-bridgesii",true,low-conf,false,298,
crassula-ovata,crassula-ovata,tta6,crop_center_zoom,crop,Jade plant (Crassula ovata),0.9994,Money Tree (Pachira aquatica),0.0006,0.9988,crassula-ovata,"crassula-ovata|pachira-aquatica|tradescantia",true,high-conf,false,95,
crassula-ovata,crassula-ovata,grid2x2,crop_center_zoom,crop,Jade plant (Crassula ovata),0.9023,Christmas Cactus (Schlumbergera bridgesii),0.0959,0.8065,crassula-ovata,"crassula-ovata|schlumbergera-bridgesii|tradescantia",true,high-conf,false,145,
crassula-ovata,crassula-ovata,grid2x2_3x3,crop_center_zoom,crop,Jade plant (Crassula ovata),0.6925,Tradescantia,0.1363,0.5562,crassula-ovata,"crassula-ovata|tradescantia|schlumbergera-bridgesii",true,high-conf,false,379,
crassula-ovata,crassula-ovata,tta6,crop_offcenter_zoom,crop,Jade plant (Crassula ovata),1.0000,Money Tree (Pachira aquatica),0.0000,1.0000,crassula-ovata,"crassula-ovata|pachira-aquatica|tradescantia",true,high-conf,false,106,
crassula-ovata,crassula-ovata,grid2x2,crop_offcenter_zoom,crop,Jade plant (Crassula ovata),0.9174,Christmas Cactus (Schlumbergera bridgesii),0.0824,0.8350,crassula-ovata,"crassula-ovata|schlumbergera-bridgesii|pachira-aquatica",true,high-conf,false,173,
crassula-ovata,crassula-ovata,grid2x2_3x3,crop_offcenter_zoom,crop,Jade plant (Crassula ovata),0.8023,Christmas Cactus (Schlumbergera bridgesii),0.1443,0.6580,crassula-ovata,"crassula-ovata|schlumbergera-bridgesii|tradescantia",true,high-conf,false,329,
crassula-ovata,crassula-ovata,tta6,rotate_+15,rotate,Jade plant (Crassula ovata),0.9984,Money Tree (Pachira aquatica),0.0016,0.9968,crassula-ovata,"crassula-ovata|pachira-aquatica|tradescantia",true,high-conf,false,95,
crassula-ovata,crassula-ovata,grid2x2,rotate_+15,rotate,Jade plant (Crassula ovata),0.9706,Christmas Cactus (Schlumbergera bridgesii),0.0279,0.9427,crassula-ovata,"crassula-ovata|schlumbergera-bridgesii|pachira-aquatica",true,high-conf,false,175,
crassula-ovata,crassula-ovata,grid2x2_3x3,rotate_+15,rotate,Jade plant (Crassula ovata),0.8417,Christmas Cactus (Schlumbergera bridgesii),0.1573,0.6844,crassula-ovata,"crassula-ovata|schlumbergera-bridgesii|pachira-aquatica",true,high-conf,false,304,
crassula-ovata,crassula-ovata,tta6,rotate_-15,rotate,Jade plant (Crassula ovata),0.9852,Money Tree (Pachira aquatica),0.0110,0.9742,crassula-ovata,"crassula-ovata|pachira-aquatica|pilea-peperomioides",true,high-conf,false,97,
crassula-ovata,crassula-ovata,grid2x2,rotate_-15,rotate,Jade plant (Crassula ovata),0.9905,Money Tree (Pachira aquatica),0.0066,0.9839,crassula-ovata,"crassula-ovata|pachira-aquatica|pilea-peperomioides",true,high-conf,false,189,
crassula-ovata,crassula-ovata,grid2x2_3x3,rotate_-15,rotate,Jade plant (Crassula ovata),0.7850,Christmas Cactus (Schlumbergera bridgesii),0.2103,0.5747,crassula-ovata,"crassula-ovata|schlumbergera-bridgesii|pachira-aquatica",true,high-conf,false,342,
crassula-ovata,crassula-ovata,tta6,rotate_+90,rotate,Jade plant (Crassula ovata),0.9999,Money Tree (Pachira aquatica),0.0001,0.9998,crassula-ovata,"crassula-ovata|pachira-aquatica|kalanchoe",true,high-conf,false,92,
crassula-ovata,crassula-ovata,grid2x2,rotate_+90,rotate,Jade plant (Crassula ovata),1.0000,Money Tree (Pachira aquatica),0.0000,0.9999,crassula-ovata,"crassula-ovata|pachira-aquatica|kalanchoe",true,high-conf,false,162,
crassula-ovata,crassula-ovata,grid2x2_3x3,rotate_+90,rotate,Jade plant (Crassula ovata),0.9990,Christmas Cactus (Schlumbergera bridgesii),0.0007,0.9984,crassula-ovata,"crassula-ovata|schlumbergera-bridgesii|ficus-elastica",true,high-conf,false,270,
crassula-ovata,crassula-ovata,tta6,rotate_-90,rotate,Jade plant (Crassula ovata),0.9898,Money Tree (Pachira aquatica),0.0101,0.9797,crassula-ovata,"crassula-ovata|pachira-aquatica|pilea-peperomioides",true,high-conf,false,84,
crassula-ovata,crassula-ovata,grid2x2,rotate_-90,rotate,Jade plant (Crassula ovata),0.9938,Money Tree (Pachira aquatica),0.0061,0.9878,crassula-ovata,"crassula-ovata|pachira-aquatica|schlumbergera-bridgesii",true,high-conf,false,155,
crassula-ovata,crassula-ovata,grid2x2_3x3,rotate_-90,rotate,Jade plant (Crassula ovata),0.9811,Christmas Cactus (Schlumbergera bridgesii),0.0156,0.9655,crassula-ovata,"crassula-ovata|schlumbergera-bridgesii|pachira-aquatica",true,high-conf,false,290,
crassula-ovata,crassula-ovata,tta6,bright_up,brightness,Jade plant (Crassula ovata),0.9975,Money Tree (Pachira aquatica),0.0025,0.9950,crassula-ovata,"crassula-ovata|pachira-aquatica|tradescantia",true,high-conf,false,85,
crassula-ovata,crassula-ovata,grid2x2,bright_up,brightness,Jade plant (Crassula ovata),0.9982,Money Tree (Pachira aquatica),0.0015,0.9967,crassula-ovata,"crassula-ovata|pachira-aquatica|tradescantia",true,high-conf,false,173,
crassula-ovata,crassula-ovata,grid2x2_3x3,bright_up,brightness,Jade plant (Crassula ovata),0.9701,Christmas Cactus (Schlumbergera bridgesii),0.0235,0.9465,crassula-ovata,"crassula-ovata|schlumbergera-bridgesii|tradescantia",true,high-conf,false,281,
crassula-ovata,crassula-ovata,tta6,bright_down,brightness,Jade plant (Crassula ovata),0.8260,Money Tree (Pachira aquatica),0.1740,0.6521,crassula-ovata,"crassula-ovata|pachira-aquatica|tradescantia",true,high-conf,false,95,
crassula-ovata,crassula-ovata,grid2x2,bright_down,brightness,Jade plant (Crassula ovata),0.8824,Money Tree (Pachira aquatica),0.1044,0.7780,crassula-ovata,"crassula-ovata|pachira-aquatica|schlumbergera-bridgesii",true,high-conf,false,168,
crassula-ovata,crassula-ovata,grid2x2_3x3,bright_down,brightness,Jade plant (Crassula ovata),0.8874,Money Tree (Pachira aquatica),0.0550,0.8324,crassula-ovata,"crassula-ovata|pachira-aquatica|tradescantia",true,high-conf,false,303,
crassula-ovata,crassula-ovata,tta6,contrast_up,contrast,Jade plant (Crassula ovata),0.9931,Money Tree (Pachira aquatica),0.0069,0.9862,crassula-ovata,"crassula-ovata|pachira-aquatica|schefflera",true,high-conf,false,108,
crassula-ovata,crassula-ovata,grid2x2,contrast_up,contrast,Jade plant (Crassula ovata),0.9954,Money Tree (Pachira aquatica),0.0042,0.9913,crassula-ovata,"crassula-ovata|pachira-aquatica|tradescantia",true,high-conf,false,202,
crassula-ovata,crassula-ovata,grid2x2_3x3,contrast_up,contrast,Jade plant (Crassula ovata),0.9458,Tradescantia,0.0510,0.8948,crassula-ovata,"crassula-ovata|tradescantia|pachira-aquatica",true,high-conf,false,321,
crassula-ovata,crassula-ovata,tta6,contrast_down,contrast,Jade plant (Crassula ovata),0.7810,Money Tree (Pachira aquatica),0.2189,0.5622,crassula-ovata,"crassula-ovata|pachira-aquatica|tradescantia",true,high-conf,false,151,
crassula-ovata,crassula-ovata,grid2x2,contrast_down,contrast,Jade plant (Crassula ovata),0.7866,Money Tree (Pachira aquatica),0.1314,0.6553,crassula-ovata,"crassula-ovata|pachira-aquatica|schlumbergera-bridgesii",true,high-conf,false,184,
crassula-ovata,crassula-ovata,grid2x2_3x3,contrast_down,contrast,Jade plant (Crassula ovata),0.8101,Christmas Cactus (Schlumbergera bridgesii),0.1204,0.6897,crassula-ovata,"crassula-ovata|schlumbergera-bridgesii|pachira-aquatica",true,high-conf,false,367,
crassula-ovata__01,crassula-ovata,tta6,clean,clean,Snake plant (Sanseviera),0.5837,ZZ Plant (Zamioculcas zamiifolia),0.4089,0.1748,dracaena-trifasciata,"dracaena-trifasciata|zamioculcas-zamiifolia|crassula-ovata",true,low-conf,false,121,
crassula-ovata__01,crassula-ovata,grid2x2,clean,clean,Snake plant (Sanseviera),0.4503,ZZ Plant (Zamioculcas zamiifolia),0.2469,0.2034,dracaena-trifasciata,"dracaena-trifasciata|zamioculcas-zamiifolia|pachira-aquatica",true,low-conf,false,256,
crassula-ovata__01,crassula-ovata,grid2x2_3x3,clean,clean,Snake plant (Sanseviera),0.4357,Money Tree (Pachira aquatica),0.2496,0.1862,dracaena-trifasciata,"dracaena-trifasciata|pachira-aquatica|zamioculcas-zamiifolia",true,low-conf,false,301,
crassula-ovata__01,crassula-ovata,tta6,blur,blur,Snake plant (Sanseviera),0.6714,ZZ Plant (Zamioculcas zamiifolia),0.3198,0.3516,dracaena-trifasciata,"dracaena-trifasciata|zamioculcas-zamiifolia|pachira-aquatica",true,high-conf,true,124,
crassula-ovata__01,crassula-ovata,grid2x2,blur,blur,Snake plant (Sanseviera),0.4045,ZZ Plant (Zamioculcas zamiifolia),0.3918,0.0127,dracaena-trifasciata,"dracaena-trifasciata|zamioculcas-zamiifolia|pachira-aquatica",true,low-conf,false,247,
crassula-ovata__01,crassula-ovata,grid2x2_3x3,blur,blur,ZZ Plant (Zamioculcas zamiifolia),0.3267,Snake plant (Sanseviera),0.2770,0.0497,zamioculcas-zamiifolia,"zamioculcas-zamiifolia|dracaena-trifasciata|pachira-aquatica",true,low-conf,false,456,
crassula-ovata__01,crassula-ovata,tta6,crop_center_zoom,crop,Snake plant (Sanseviera),0.5421,ZZ Plant (Zamioculcas zamiifolia),0.3833,0.1588,dracaena-trifasciata,"dracaena-trifasciata|zamioculcas-zamiifolia|pachira-aquatica",true,low-conf,false,122,
crassula-ovata__01,crassula-ovata,grid2x2,crop_center_zoom,crop,Snake plant (Sanseviera),0.4317,ZZ Plant (Zamioculcas zamiifolia),0.3125,0.1192,dracaena-trifasciata,"dracaena-trifasciata|zamioculcas-zamiifolia|pachira-aquatica",true,low-conf,false,264,
crassula-ovata__01,crassula-ovata,grid2x2_3x3,crop_center_zoom,crop,Snake plant (Sanseviera),0.4191,Money Tree (Pachira aquatica),0.2375,0.1817,dracaena-trifasciata,"dracaena-trifasciata|pachira-aquatica|zamioculcas-zamiifolia",true,low-conf,false,352,
crassula-ovata__01,crassula-ovata,tta6,crop_offcenter_zoom,crop,Money Tree (Pachira aquatica),0.5183,ZZ Plant (Zamioculcas zamiifolia),0.4772,0.0411,pachira-aquatica,"pachira-aquatica|zamioculcas-zamiifolia|dracaena-trifasciata",true,low-conf,false,106,
crassula-ovata__01,crassula-ovata,grid2x2,crop_offcenter_zoom,crop,Money Tree (Pachira aquatica),0.6428,ZZ Plant (Zamioculcas zamiifolia),0.3410,0.3019,pachira-aquatica,"pachira-aquatica|zamioculcas-zamiifolia|schlumbergera-bridgesii",true,high-conf,true,177,
crassula-ovata__01,crassula-ovata,grid2x2_3x3,crop_offcenter_zoom,crop,Money Tree (Pachira aquatica),0.5992,ZZ Plant (Zamioculcas zamiifolia),0.1814,0.4178,pachira-aquatica,"pachira-aquatica|zamioculcas-zamiifolia|dracaena-trifasciata",true,high-conf,true,303,
crassula-ovata__01,crassula-ovata,tta6,rotate_+15,rotate,Snake plant (Sanseviera),0.7410,ZZ Plant (Zamioculcas zamiifolia),0.2550,0.4860,dracaena-trifasciata,"dracaena-trifasciata|zamioculcas-zamiifolia|monstera-deliciosa",true,high-conf,true,103,
crassula-ovata__01,crassula-ovata,grid2x2,rotate_+15,rotate,Snake plant (Sanseviera),0.7365,ZZ Plant (Zamioculcas zamiifolia),0.1590,0.5775,dracaena-trifasciata,"dracaena-trifasciata|zamioculcas-zamiifolia|pachira-aquatica",true,high-conf,true,163,
crassula-ovata__01,crassula-ovata,grid2x2_3x3,rotate_+15,rotate,Snake plant (Sanseviera),0.5960,Money Tree (Pachira aquatica),0.1702,0.4258,dracaena-trifasciata,"dracaena-trifasciata|pachira-aquatica|zamioculcas-zamiifolia",true,high-conf,true,306,
crassula-ovata__01,crassula-ovata,tta6,rotate_-15,rotate,Snake plant (Sanseviera),0.9840,ZZ Plant (Zamioculcas zamiifolia),0.0112,0.9728,dracaena-trifasciata,"dracaena-trifasciata|zamioculcas-zamiifolia|monstera-deliciosa",true,high-conf,true,101,
crassula-ovata__01,crassula-ovata,grid2x2,rotate_-15,rotate,Snake plant (Sanseviera),0.7898,Money Tree (Pachira aquatica),0.1700,0.6198,dracaena-trifasciata,"dracaena-trifasciata|pachira-aquatica|zamioculcas-zamiifolia",true,high-conf,true,170,
crassula-ovata__01,crassula-ovata,grid2x2_3x3,rotate_-15,rotate,Snake plant (Sanseviera),0.5499,Money Tree (Pachira aquatica),0.2753,0.2746,dracaena-trifasciata,"dracaena-trifasciata|pachira-aquatica|schlumbergera-bridgesii",true,low-conf,false,307,
crassula-ovata__01,crassula-ovata,tta6,rotate_+90,rotate,Snake plant (Sanseviera),0.7628,ZZ Plant (Zamioculcas zamiifolia),0.2066,0.5562,dracaena-trifasciata,"dracaena-trifasciata|zamioculcas-zamiifolia|pilea-peperomioides",true,high-conf,true,104,
crassula-ovata__01,crassula-ovata,grid2x2,rotate_+90,rotate,Snake plant (Sanseviera),0.5587,Money Tree (Pachira aquatica),0.2746,0.2841,dracaena-trifasciata,"dracaena-trifasciata|pachira-aquatica|zamioculcas-zamiifolia",true,low-conf,false,173,
crassula-ovata__01,crassula-ovata,grid2x2_3x3,rotate_+90,rotate,Snake plant (Sanseviera),0.3832,Money Tree (Pachira aquatica),0.3397,0.0435,dracaena-trifasciata,"dracaena-trifasciata|pachira-aquatica|monstera-deliciosa",true,low-conf,false,317,
crassula-ovata__01,crassula-ovata,tta6,rotate_-90,rotate,Snake plant (Sanseviera),0.9368,ZZ Plant (Zamioculcas zamiifolia),0.0456,0.8913,dracaena-trifasciata,"dracaena-trifasciata|zamioculcas-zamiifolia|pachira-aquatica",true,high-conf,true,102,
crassula-ovata__01,crassula-ovata,grid2x2,rotate_-90,rotate,Snake plant (Sanseviera),0.8083,Money Tree (Pachira aquatica),0.1136,0.6947,dracaena-trifasciata,"dracaena-trifasciata|pachira-aquatica|monstera-deliciosa",true,high-conf,true,163,
crassula-ovata__01,crassula-ovata,grid2x2_3x3,rotate_-90,rotate,Snake plant (Sanseviera),0.6321,Money Tree (Pachira aquatica),0.1652,0.4669,dracaena-trifasciata,"dracaena-trifasciata|pachira-aquatica|schlumbergera-bridgesii",true,high-conf,true,274,
crassula-ovata__01,crassula-ovata,tta6,bright_up,brightness,ZZ Plant (Zamioculcas zamiifolia),0.5363,Snake plant (Sanseviera),0.4624,0.0739,zamioculcas-zamiifolia,"zamioculcas-zamiifolia|dracaena-trifasciata|monstera-deliciosa",true,low-conf,false,101,
crassula-ovata__01,crassula-ovata,grid2x2,bright_up,brightness,Snake plant (Sanseviera),0.4408,ZZ Plant (Zamioculcas zamiifolia),0.3836,0.0572,dracaena-trifasciata,"dracaena-trifasciata|zamioculcas-zamiifolia|pachira-aquatica",true,low-conf,false,168,
crassula-ovata__01,crassula-ovata,grid2x2_3x3,bright_up,brightness,Snake plant (Sanseviera),0.4292,ZZ Plant (Zamioculcas zamiifolia),0.2714,0.1578,dracaena-trifasciata,"dracaena-trifasciata|zamioculcas-zamiifolia|pachira-aquatica",true,low-conf,false,299,
crassula-ovata__01,crassula-ovata,tta6,bright_down,brightness,ZZ Plant (Zamioculcas zamiifolia),0.6368,Snake plant (Sanseviera),0.3629,0.2739,zamioculcas-zamiifolia,"zamioculcas-zamiifolia|dracaena-trifasciata|monstera-deliciosa",true,low-conf,false,98,
crassula-ovata__01,crassula-ovata,grid2x2,bright_down,brightness,ZZ Plant (Zamioculcas zamiifolia),0.4808,Snake plant (Sanseviera),0.3177,0.1631,zamioculcas-zamiifolia,"zamioculcas-zamiifolia|dracaena-trifasciata|pachira-aquatica",true,low-conf,false,147,
crassula-ovata__01,crassula-ovata,grid2x2_3x3,bright_down,brightness,Snake plant (Sanseviera),0.3753,ZZ Plant (Zamioculcas zamiifolia),0.3576,0.0176,dracaena-trifasciata,"dracaena-trifasciata|zamioculcas-zamiifolia|pachira-aquatica",true,low-conf,false,273,
crassula-ovata__01,crassula-ovata,tta6,contrast_up,contrast,ZZ Plant (Zamioculcas zamiifolia),0.7319,Snake plant (Sanseviera),0.2629,0.4690,zamioculcas-zamiifolia,"zamioculcas-zamiifolia|dracaena-trifasciata|monstera-deliciosa",true,high-conf,true,97,
crassula-ovata__01,crassula-ovata,grid2x2,contrast_up,contrast,ZZ Plant (Zamioculcas zamiifolia),0.5392,Snake plant (Sanseviera),0.2576,0.2816,zamioculcas-zamiifolia,"zamioculcas-zamiifolia|dracaena-trifasciata|pachira-aquatica",true,low-conf,false,161,
crassula-ovata__01,crassula-ovata,grid2x2_3x3,contrast_up,contrast,ZZ Plant (Zamioculcas zamiifolia),0.3888,Snake plant (Sanseviera),0.3460,0.0428,zamioculcas-zamiifolia,"zamioculcas-zamiifolia|dracaena-trifasciata|pachira-aquatica",true,low-conf,false,292,
crassula-ovata__01,crassula-ovata,tta6,contrast_down,contrast,ZZ Plant (Zamioculcas zamiifolia),0.6696,Snake plant (Sanseviera),0.3303,0.3393,zamioculcas-zamiifolia,"zamioculcas-zamiifolia|dracaena-trifasciata|monstera-deliciosa",true,high-conf,true,95,
crassula-ovata__01,crassula-ovata,grid2x2,contrast_down,contrast,ZZ Plant (Zamioculcas zamiifolia),0.4737,Snake plant (Sanseviera),0.2988,0.1750,zamioculcas-zamiifolia,"zamioculcas-zamiifolia|dracaena-trifasciata|pachira-aquatica",true,low-conf,false,156,
crassula-ovata__01,crassula-ovata,grid2x2_3x3,contrast_down,contrast,Snake plant (Sanseviera),0.2840,ZZ Plant (Zamioculcas zamiifolia),0.2668,0.0172,dracaena-trifasciata,"dracaena-trifasciata|zamioculcas-zamiifolia|pachira-aquatica",true,low-conf,false,278,
ctenanthe__01,ctenanthe,tta6,clean,clean,Calathea,1.0000,Money Tree (Pachira aquatica),0.0000,1.0000,goeppertia-orbifolia,"goeppertia-orbifolia|pachira-aquatica|nephrolepis-exaltata",true,high-conf,true,112,
ctenanthe__01,ctenanthe,grid2x2,clean,clean,Calathea,0.9433,Ctenanthe,0.0559,0.8875,goeppertia-orbifolia,"goeppertia-orbifolia|ctenanthe|maranta-leuconeura",true,high-conf,true,166,
ctenanthe__01,ctenanthe,grid2x2_3x3,clean,clean,Calathea,0.7385,Ctenanthe,0.1304,0.6081,goeppertia-orbifolia,"goeppertia-orbifolia|ctenanthe|tradescantia",true,high-conf,true,317,
ctenanthe__01,ctenanthe,tta6,blur,blur,Calathea,1.0000,Money Tree (Pachira aquatica),0.0000,1.0000,goeppertia-orbifolia,"goeppertia-orbifolia|pachira-aquatica|alocasia",true,high-conf,true,89,
ctenanthe__01,ctenanthe,grid2x2,blur,blur,Calathea,0.9888,Prayer Plant (Maranta leuconeura),0.0111,0.9777,goeppertia-orbifolia,"goeppertia-orbifolia|maranta-leuconeura|pachira-aquatica",true,high-conf,true,162,
ctenanthe__01,ctenanthe,grid2x2_3x3,blur,blur,Calathea,0.7701,Schefflera,0.0543,0.7159,goeppertia-orbifolia,"goeppertia-orbifolia|schefflera|tradescantia",true,high-conf,true,307,
ctenanthe__01,ctenanthe,tta6,crop_center_zoom,crop,Calathea,0.7946,Boston Fern (Nephrolepis exaltata),0.2012,0.5934,goeppertia-orbifolia,"goeppertia-orbifolia|nephrolepis-exaltata|pachira-aquatica",true,high-conf,true,108,
ctenanthe__01,ctenanthe,grid2x2,crop_center_zoom,crop,Calathea,0.8038,Boston Fern (Nephrolepis exaltata),0.1207,0.6831,goeppertia-orbifolia,"goeppertia-orbifolia|nephrolepis-exaltata|tradescantia",true,high-conf,true,172,
ctenanthe__01,ctenanthe,grid2x2_3x3,crop_center_zoom,crop,Calathea,0.6451,Tradescantia,0.0891,0.5560,goeppertia-orbifolia,"goeppertia-orbifolia|tradescantia|schefflera",true,high-conf,true,292,
ctenanthe__01,ctenanthe,tta6,crop_offcenter_zoom,crop,Calathea,0.9911,Boston Fern (Nephrolepis exaltata),0.0087,0.9824,goeppertia-orbifolia,"goeppertia-orbifolia|nephrolepis-exaltata|maranta-leuconeura",true,high-conf,true,86,
ctenanthe__01,ctenanthe,grid2x2,crop_offcenter_zoom,crop,Calathea,0.8559,Tradescantia,0.0805,0.7755,goeppertia-orbifolia,"goeppertia-orbifolia|tradescantia|ctenanthe",true,high-conf,true,150,
ctenanthe__01,ctenanthe,grid2x2_3x3,crop_offcenter_zoom,crop,Calathea,0.6827,Ctenanthe,0.0995,0.5832,goeppertia-orbifolia,"goeppertia-orbifolia|ctenanthe|tradescantia",true,high-conf,true,463,
ctenanthe__01,ctenanthe,tta6,rotate_+15,rotate,Calathea,1.0000,Ctenanthe,0.0000,1.0000,goeppertia-orbifolia,"goeppertia-orbifolia|ctenanthe|pachira-aquatica",true,high-conf,true,174,
ctenanthe__01,ctenanthe,grid2x2,rotate_+15,rotate,Calathea,0.9996,Elephant Ear (Alocasia spp.),0.0002,0.9994,goeppertia-orbifolia,"goeppertia-orbifolia|alocasia|maranta-leuconeura",true,high-conf,true,290,
ctenanthe__01,ctenanthe,grid2x2_3x3,rotate_+15,rotate,Calathea,0.8616,Ctenanthe,0.0540,0.8076,goeppertia-orbifolia,"goeppertia-orbifolia|ctenanthe|nephrolepis-exaltata",true,high-conf,true,461,
ctenanthe__01,ctenanthe,tta6,rotate_-15,rotate,Calathea,0.9996,Money Tree (Pachira aquatica),0.0004,0.9993,goeppertia-orbifolia,"goeppertia-orbifolia|pachira-aquatica|schefflera",true,high-conf,true,155,
ctenanthe__01,ctenanthe,grid2x2,rotate_-15,rotate,Calathea,0.9997,Money Tree (Pachira aquatica),0.0002,0.9995,goeppertia-orbifolia,"goeppertia-orbifolia|pachira-aquatica|schefflera",true,high-conf,true,211,
ctenanthe__01,ctenanthe,grid2x2_3x3,rotate_-15,rotate,Calathea,0.8392,Boston Fern (Nephrolepis exaltata),0.0494,0.7897,goeppertia-orbifolia,"goeppertia-orbifolia|nephrolepis-exaltata|maranta-leuconeura",true,high-conf,true,371,
ctenanthe__01,ctenanthe,tta6,rotate_+90,rotate,Calathea,0.9980,Ctenanthe,0.0015,0.9965,goeppertia-orbifolia,"goeppertia-orbifolia|ctenanthe|maranta-leuconeura",true,high-conf,true,126,
ctenanthe__01,ctenanthe,grid2x2,rotate_+90,rotate,Calathea,0.8980,Tradescantia,0.0995,0.7985,goeppertia-orbifolia,"goeppertia-orbifolia|tradescantia|ctenanthe",true,high-conf,true,223,
ctenanthe__01,ctenanthe,grid2x2_3x3,rotate_+90,rotate,Calathea,0.6565,Ctenanthe,0.0687,0.5878,goeppertia-orbifolia,"goeppertia-orbifolia|ctenanthe|tradescantia",true,high-conf,true,346,
ctenanthe__01,ctenanthe,tta6,rotate_-90,rotate,Calathea,0.9999,Ctenanthe,0.0001,0.9999,goeppertia-orbifolia,"goeppertia-orbifolia|ctenanthe|maranta-leuconeura",true,high-conf,true,149,
ctenanthe__01,ctenanthe,grid2x2,rotate_-90,rotate,Calathea,0.9734,Ctenanthe,0.0264,0.9470,goeppertia-orbifolia,"goeppertia-orbifolia|ctenanthe|maranta-leuconeura",true,high-conf,true,195,
ctenanthe__01,ctenanthe,grid2x2_3x3,rotate_-90,rotate,Calathea,0.7569,Ctenanthe,0.1171,0.6398,goeppertia-orbifolia,"goeppertia-orbifolia|ctenanthe|maranta-leuconeura",true,high-conf,true,363,
ctenanthe__01,ctenanthe,tta6,bright_up,brightness,Calathea,1.0000,Boston Fern (Nephrolepis exaltata),0.0000,1.0000,goeppertia-orbifolia,"goeppertia-orbifolia|nephrolepis-exaltata|pachira-aquatica",true,high-conf,true,107,
ctenanthe__01,ctenanthe,grid2x2,bright_up,brightness,Calathea,0.9855,Ctenanthe,0.0134,0.9721,goeppertia-orbifolia,"goeppertia-orbifolia|ctenanthe|tradescantia",true,high-conf,true,217,
ctenanthe__01,ctenanthe,grid2x2_3x3,bright_up,brightness,Calathea,0.7735,Tradescantia,0.0947,0.6788,goeppertia-orbifolia,"goeppertia-orbifolia|tradescantia|ctenanthe",true,high-conf,true,431,
ctenanthe__01,ctenanthe,tta6,bright_down,brightness,Calathea,1.0000,Boston Fern (Nephrolepis exaltata),0.0000,1.0000,goeppertia-orbifolia,"goeppertia-orbifolia|nephrolepis-exaltata|ctenanthe",true,high-conf,true,105,
ctenanthe__01,ctenanthe,grid2x2,bright_down,brightness,Calathea,0.9797,Prayer Plant (Maranta leuconeura),0.0176,0.9621,goeppertia-orbifolia,"goeppertia-orbifolia|maranta-leuconeura|ctenanthe",true,high-conf,true,232,
ctenanthe__01,ctenanthe,grid2x2_3x3,bright_down,brightness,Calathea,0.7672,Ctenanthe,0.1047,0.6625,goeppertia-orbifolia,"goeppertia-orbifolia|ctenanthe|tradescantia",true,high-conf,true,325,
ctenanthe__01,ctenanthe,tta6,contrast_up,contrast,Calathea,1.0000,Money Tree (Pachira aquatica),0.0000,1.0000,goeppertia-orbifolia,"goeppertia-orbifolia|pachira-aquatica|ctenanthe",true,high-conf,true,118,
ctenanthe__01,ctenanthe,grid2x2,contrast_up,contrast,Calathea,0.9272,Ctenanthe,0.0695,0.8577,goeppertia-orbifolia,"goeppertia-orbifolia|ctenanthe|maranta-leuconeura",true,high-conf,true,229,
ctenanthe__01,ctenanthe,grid2x2_3x3,contrast_up,contrast,Calathea,0.7476,Ctenanthe,0.1444,0.6032,goeppertia-orbifolia,"goeppertia-orbifolia|ctenanthe|tradescantia",true,high-conf,true,392,
ctenanthe__01,ctenanthe,tta6,contrast_down,contrast,Calathea,1.0000,Money Tree (Pachira aquatica),0.0000,1.0000,goeppertia-orbifolia,"goeppertia-orbifolia|pachira-aquatica|nephrolepis-exaltata",true,high-conf,true,106,
ctenanthe__01,ctenanthe,grid2x2,contrast_down,contrast,Calathea,0.9630,Ctenanthe,0.0370,0.9260,goeppertia-orbifolia,"goeppertia-orbifolia|ctenanthe|tradescantia",true,high-conf,true,178,
ctenanthe__01,ctenanthe,grid2x2_3x3,contrast_down,contrast,Calathea,0.7772,Tradescantia,0.0527,0.7246,goeppertia-orbifolia,"goeppertia-orbifolia|tradescantia|dracaena",true,high-conf,true,348,
cycas-revoluta__01,cycas-revoluta,tta6,clean,clean,Sago Palm (Cycas revoluta),0.9980,Areca Palm (Dypsis lutescens),0.0009,0.9971,cycas-revoluta,"cycas-revoluta|dypsis-lutescens|crassula-ovata",true,high-conf,false,99,
cycas-revoluta__01,cycas-revoluta,grid2x2,clean,clean,Sago Palm (Cycas revoluta),0.8404,Money Tree (Pachira aquatica),0.0895,0.7509,cycas-revoluta,"cycas-revoluta|pachira-aquatica|ctenanthe",true,high-conf,false,189,
cycas-revoluta__01,cycas-revoluta,grid2x2_3x3,clean,clean,Sago Palm (Cycas revoluta),0.6603,Ctenanthe,0.1125,0.5478,cycas-revoluta,"cycas-revoluta|ctenanthe|ficus-elastica",true,high-conf,false,369,
cycas-revoluta__01,cycas-revoluta,tta6,blur,blur,Calathea,0.9605,Ctenanthe,0.0228,0.9377,goeppertia-orbifolia,"goeppertia-orbifolia|ctenanthe|dypsis-lutescens",true,high-conf,true,98,
cycas-revoluta__01,cycas-revoluta,grid2x2,blur,blur,Calathea,0.5988,Areca Palm (Dypsis lutescens),0.1766,0.4222,goeppertia-orbifolia,"goeppertia-orbifolia|dypsis-lutescens|pachira-aquatica",true,high-conf,true,173,
cycas-revoluta__01,cycas-revoluta,grid2x2_3x3,blur,blur,Calathea,0.4318,Cast Iron Plant (Aspidistra elatior),0.1501,0.2817,goeppertia-orbifolia,"goeppertia-orbifolia|aspidistra-elatior|dypsis-lutescens",true,low-conf,false,533,
cycas-revoluta__01,cycas-revoluta,tta6,crop_center_zoom,crop,Sago Palm (Cycas revoluta),0.8794,Areca Palm (Dypsis lutescens),0.0869,0.7925,cycas-revoluta,"cycas-revoluta|dypsis-lutescens|pachira-aquatica",true,high-conf,false,148,
cycas-revoluta__01,cycas-revoluta,grid2x2,crop_center_zoom,crop,Sago Palm (Cycas revoluta),0.7791,Money Tree (Pachira aquatica),0.0640,0.7151,cycas-revoluta,"cycas-revoluta|pachira-aquatica|dypsis-lutescens",true,high-conf,false,233,
cycas-revoluta__01,cycas-revoluta,grid2x2_3x3,crop_center_zoom,crop,Sago Palm (Cycas revoluta),0.5273,Ctenanthe,0.1260,0.4012,cycas-revoluta,"cycas-revoluta|ctenanthe|ficus-elastica",true,high-conf,false,432,
cycas-revoluta__01,cycas-revoluta,tta6,crop_offcenter_zoom,crop,Sago Palm (Cycas revoluta),0.9335,Yucca,0.0585,0.8750,cycas-revoluta,"cycas-revoluta|yucca|dypsis-lutescens",true,high-conf,false,190,
cycas-revoluta__01,cycas-revoluta,grid2x2,crop_offcenter_zoom,crop,Sago Palm (Cycas revoluta),0.7489,Areca Palm (Dypsis lutescens),0.1900,0.5590,cycas-revoluta,"cycas-revoluta|dypsis-lutescens|yucca",true,high-conf,false,243,
cycas-revoluta__01,cycas-revoluta,grid2x2_3x3,crop_offcenter_zoom,crop,Sago Palm (Cycas revoluta),0.4486,Ctenanthe,0.1834,0.2652,cycas-revoluta,"cycas-revoluta|ctenanthe|dypsis-lutescens",true,low-conf,false,772,
cycas-revoluta__01,cycas-revoluta,tta6,rotate_+15,rotate,Sago Palm (Cycas revoluta),0.9326,Schefflera,0.0565,0.8761,cycas-revoluta,"cycas-revoluta|schefflera|monstera-deliciosa",true,high-conf,false,156,
cycas-revoluta__01,cycas-revoluta,grid2x2,rotate_+15,rotate,Sago Palm (Cycas revoluta),0.8544,Money Tree (Pachira aquatica),0.0802,0.7742,cycas-revoluta,"cycas-revoluta|pachira-aquatica|schefflera",true,high-conf,false,288,
cycas-revoluta__01,cycas-revoluta,grid2x2_3x3,rotate_+15,rotate,Sago Palm (Cycas revoluta),0.5502,Ctenanthe,0.1546,0.3956,cycas-revoluta,"cycas-revoluta|ctenanthe|aspidistra-elatior",true,high-conf,false,532,
cycas-revoluta__01,cycas-revoluta,tta6,rotate_-15,rotate,Sago Palm (Cycas revoluta),0.8753,Monstera Deliciosa (Monstera deliciosa),0.1184,0.7568,cycas-revoluta,"cycas-revoluta|monstera-deliciosa|schefflera",true,high-conf,false,166,
cycas-revoluta__01,cycas-revoluta,grid2x2,rotate_-15,rotate,Sago Palm (Cycas revoluta),0.7330,Monstera Deliciosa (Monstera deliciosa),0.1984,0.5346,cycas-revoluta,"cycas-revoluta|monstera-deliciosa|schefflera",true,high-conf,false,256,
cycas-revoluta__01,cycas-revoluta,grid2x2_3x3,rotate_-15,rotate,Sago Palm (Cycas revoluta),0.5533,Monstera Deliciosa (Monstera deliciosa),0.1545,0.3988,cycas-revoluta,"cycas-revoluta|monstera-deliciosa|ctenanthe",true,high-conf,false,546,
cycas-revoluta__01,cycas-revoluta,tta6,rotate_+90,rotate,Sago Palm (Cycas revoluta),1.0000,Monstera Deliciosa (Monstera deliciosa),0.0000,0.9999,cycas-revoluta,"cycas-revoluta|monstera-deliciosa|yucca",true,high-conf,false,163,
cycas-revoluta__01,cycas-revoluta,grid2x2,rotate_+90,rotate,Sago Palm (Cycas revoluta),0.8216,Monstera Deliciosa (Monstera deliciosa),0.0906,0.7310,cycas-revoluta,"cycas-revoluta|monstera-deliciosa|ficus-elastica",true,high-conf,false,264,
cycas-revoluta__01,cycas-revoluta,grid2x2_3x3,rotate_+90,rotate,Sago Palm (Cycas revoluta),0.5385,Ctenanthe,0.1592,0.3793,cycas-revoluta,"cycas-revoluta|ctenanthe|ficus-elastica",true,high-conf,false,470,
cycas-revoluta__01,cycas-revoluta,tta6,rotate_-90,rotate,Sago Palm (Cycas revoluta),0.9815,Monstera Deliciosa (Monstera deliciosa),0.0085,0.9730,cycas-revoluta,"cycas-revoluta|monstera-deliciosa|nephrolepis-exaltata",true,high-conf,false,125,
cycas-revoluta__01,cycas-revoluta,grid2x2,rotate_-90,rotate,Sago Palm (Cycas revoluta),0.6742,Money Tree (Pachira aquatica),0.1000,0.5741,cycas-revoluta,"cycas-revoluta|pachira-aquatica|ctenanthe",true,high-conf,false,221,
cycas-revoluta__01,cycas-revoluta,grid2x2_3x3,rotate_-90,rotate,Sago Palm (Cycas revoluta),0.5320,Ctenanthe,0.2101,0.3219,cycas-revoluta,"cycas-revoluta|ctenanthe|pachira-aquatica",true,high-conf,false,520,
cycas-revoluta__01,cycas-revoluta,tta6,bright_up,brightness,Sago Palm (Cycas revoluta),0.9993,Jade plant (Crassula ovata),0.0002,0.9991,cycas-revoluta,"cycas-revoluta|crassula-ovata|dypsis-lutescens",true,high-conf,false,182,
cycas-revoluta__01,cycas-revoluta,grid2x2,bright_up,brightness,Sago Palm (Cycas revoluta),0.8566,Money Tree (Pachira aquatica),0.0974,0.7592,cycas-revoluta,"cycas-revoluta|pachira-aquatica|ficus-elastica",true,high-conf,false,205,
cycas-revoluta__01,cycas-revoluta,grid2x2_3x3,bright_up,brightness,Sago Palm (Cycas revoluta),0.6917,Rubber Plant (Ficus elastica),0.1093,0.5823,cycas-revoluta,"cycas-revoluta|ficus-elastica|ctenanthe",true,high-conf,false,369,
cycas-revoluta__01,cycas-revoluta,tta6,bright_down,brightness,Sago Palm (Cycas revoluta),0.9999,Areca Palm (Dypsis lutescens),0.0000,0.9999,cycas-revoluta,"cycas-revoluta|dypsis-lutescens|yucca",true,high-conf,false,146,
cycas-revoluta__01,cycas-revoluta,grid2x2,bright_down,brightness,Sago Palm (Cycas revoluta),0.8946,Money Tree (Pachira aquatica),0.0991,0.7956,cycas-revoluta,"cycas-revoluta|pachira-aquatica|yucca",true,high-conf,false,257,
cycas-revoluta__01,cycas-revoluta,grid2x2_3x3,bright_down,brightness,Sago Palm (Cycas revoluta),0.6322,Areca Palm (Dypsis lutescens),0.1054,0.5268,cycas-revoluta,"cycas-revoluta|dypsis-lutescens|ctenanthe",true,high-conf,false,525,
cycas-revoluta__01,cycas-revoluta,tta6,contrast_up,contrast,Sago Palm (Cycas revoluta),0.9992,Monstera Deliciosa (Monstera deliciosa),0.0004,0.9988,cycas-revoluta,"cycas-revoluta|monstera-deliciosa|dypsis-lutescens",true,high-conf,false,108,
cycas-revoluta__01,cycas-revoluta,grid2x2,contrast_up,contrast,Sago Palm (Cycas revoluta),0.8226,Money Tree (Pachira aquatica),0.0988,0.7238,cycas-revoluta,"cycas-revoluta|pachira-aquatica|dypsis-lutescens",true,high-conf,false,228,
cycas-revoluta__01,cycas-revoluta,grid2x2_3x3,contrast_up,contrast,Sago Palm (Cycas revoluta),0.6609,Bird of Paradise (Strelitzia reginae),0.0914,0.5696,cycas-revoluta,"cycas-revoluta|strelitzia-reginae|dypsis-lutescens",true,high-conf,false,564,
cycas-revoluta__01,cycas-revoluta,tta6,contrast_down,contrast,Sago Palm (Cycas revoluta),0.9990,Areca Palm (Dypsis lutescens),0.0007,0.9984,cycas-revoluta,"cycas-revoluta|dypsis-lutescens|crassula-ovata",true,high-conf,false,148,
cycas-revoluta__01,cycas-revoluta,grid2x2,contrast_down,contrast,Sago Palm (Cycas revoluta),0.8424,Money Tree (Pachira aquatica),0.0987,0.7436,cycas-revoluta,"cycas-revoluta|pachira-aquatica|ctenanthe",true,high-conf,false,238,
cycas-revoluta__01,cycas-revoluta,grid2x2_3x3,contrast_down,contrast,Sago Palm (Cycas revoluta),0.6974,Ctenanthe,0.1004,0.5970,cycas-revoluta,"cycas-revoluta|ctenanthe|dypsis-lutescens",true,high-conf,false,382,
dieffenbachia__01,dieffenbachia,tta6,clean,clean,Dumb Cane (Dieffenbachia spp.),0.8811,Monstera Deliciosa (Monstera deliciosa),0.0882,0.7928,dieffenbachia,"dieffenbachia|monstera-deliciosa|aspidistra-elatior",true,high-conf,false,122,
dieffenbachia__01,dieffenbachia,grid2x2,clean,clean,Dumb Cane (Dieffenbachia spp.),0.5834,Cast Iron Plant (Aspidistra elatior),0.1366,0.4468,dieffenbachia,"dieffenbachia|aspidistra-elatior|maranta-leuconeura",true,high-conf,false,191,
dieffenbachia__01,dieffenbachia,grid2x2_3x3,clean,clean,Dumb Cane (Dieffenbachia spp.),0.3733,Cast Iron Plant (Aspidistra elatior),0.1804,0.1929,dieffenbachia,"dieffenbachia|aspidistra-elatior|goeppertia-orbifolia",true,low-conf,false,376,
dieffenbachia__01,dieffenbachia,tta6,blur,blur,Dumb Cane (Dieffenbachia spp.),0.3532,Cast Iron Plant (Aspidistra elatior),0.3313,0.0219,dieffenbachia,"dieffenbachia|aspidistra-elatior|goeppertia-orbifolia",true,low-conf,false,100,
dieffenbachia__01,dieffenbachia,grid2x2,blur,blur,Dumb Cane (Dieffenbachia spp.),0.2517,Calathea,0.2322,0.0195,dieffenbachia,"dieffenbachia|goeppertia-orbifolia|aspidistra-elatior",true,low-conf,false,222,
dieffenbachia__01,dieffenbachia,grid2x2_3x3,blur,blur,Calathea,0.3653,Dumb Cane (Dieffenbachia spp.),0.1919,0.1734,goeppertia-orbifolia,"goeppertia-orbifolia|dieffenbachia|aspidistra-elatior",true,low-conf,false,326,
dieffenbachia__01,dieffenbachia,tta6,crop_center_zoom,crop,Calathea,0.3974,Monstera Deliciosa (Monstera deliciosa),0.3326,0.0649,goeppertia-orbifolia,"goeppertia-orbifolia|monstera-deliciosa|dieffenbachia",true,low-conf,false,135,
dieffenbachia__01,dieffenbachia,grid2x2,crop_center_zoom,crop,Calathea,0.3119,Monstera Deliciosa (Monstera deliciosa),0.2070,0.1049,goeppertia-orbifolia,"goeppertia-orbifolia|monstera-deliciosa|dieffenbachia",true,low-conf,false,176,
dieffenbachia__01,dieffenbachia,grid2x2_3x3,crop_center_zoom,crop,Calathea,0.3684,Monstera Deliciosa (Monstera deliciosa),0.1163,0.2521,goeppertia-orbifolia,"goeppertia-orbifolia|monstera-deliciosa|dieffenbachia",true,low-conf,false,317,
dieffenbachia__01,dieffenbachia,tta6,crop_offcenter_zoom,crop,Cast Iron Plant (Aspidistra elatior),0.3688,Calathea,0.2921,0.0767,aspidistra-elatior,"aspidistra-elatior|goeppertia-orbifolia|monstera-deliciosa",true,low-conf,false,141,
dieffenbachia__01,dieffenbachia,grid2x2,crop_offcenter_zoom,crop,Calathea,0.3619,Cast Iron Plant (Aspidistra elatior),0.2280,0.1338,goeppertia-orbifolia,"goeppertia-orbifolia|aspidistra-elatior|monstera-deliciosa",true,low-conf,false,191,
dieffenbachia__01,dieffenbachia,grid2x2_3x3,crop_offcenter_zoom,crop,Calathea,0.3233,Snake plant (Sanseviera),0.1553,0.1681,goeppertia-orbifolia,"goeppertia-orbifolia|dracaena-trifasciata|dieffenbachia",true,low-conf,false,453,
dieffenbachia__01,dieffenbachia,tta6,rotate_+15,rotate,Dumb Cane (Dieffenbachia spp.),0.5745,Calathea,0.1691,0.4054,dieffenbachia,"dieffenbachia|goeppertia-orbifolia|aspidistra-elatior",true,high-conf,false,130,
dieffenbachia__01,dieffenbachia,grid2x2,rotate_+15,rotate,Dumb Cane (Dieffenbachia spp.),0.4459,Calathea,0.1955,0.2504,dieffenbachia,"dieffenbachia|goeppertia-orbifolia|aspidistra-elatior",true,low-conf,false,255,
dieffenbachia__01,dieffenbachia,grid2x2_3x3,rotate_+15,rotate,Dumb Cane (Dieffenbachia spp.),0.3129,Calathea,0.1976,0.1153,dieffenbachia,"dieffenbachia|goeppertia-orbifolia|aspidistra-elatior",true,low-conf,false,331,
dieffenbachia__01,dieffenbachia,tta6,rotate_-15,rotate,Monstera Deliciosa (Monstera deliciosa),0.5937,Dumb Cane (Dieffenbachia spp.),0.2153,0.3784,monstera-deliciosa,"monstera-deliciosa|dieffenbachia|goeppertia-orbifolia",true,high-conf,true,191,
dieffenbachia__01,dieffenbachia,grid2x2,rotate_-15,rotate,Monstera Deliciosa (Monstera deliciosa),0.4313,Dumb Cane (Dieffenbachia spp.),0.2346,0.1967,monstera-deliciosa,"monstera-deliciosa|dieffenbachia|dracaena-trifasciata",true,low-conf,false,212,
dieffenbachia__01,dieffenbachia,grid2x2_3x3,rotate_-15,rotate,Dumb Cane (Dieffenbachia spp.),0.2629,Monstera Deliciosa (Monstera deliciosa),0.2310,0.0318,dieffenbachia,"dieffenbachia|monstera-deliciosa|goeppertia-orbifolia",true,low-conf,false,353,
dieffenbachia__01,dieffenbachia,tta6,rotate_+90,rotate,Dumb Cane (Dieffenbachia spp.),0.9909,Monstera Deliciosa (Monstera deliciosa),0.0043,0.9866,dieffenbachia,"dieffenbachia|monstera-deliciosa|maranta-leuconeura",true,high-conf,false,197,
dieffenbachia__01,dieffenbachia,grid2x2,rotate_+90,rotate,Dumb Cane (Dieffenbachia spp.),0.8449,Monstera Deliciosa (Monstera deliciosa),0.0556,0.7893,dieffenbachia,"dieffenbachia|monstera-deliciosa|goeppertia-orbifolia",true,high-conf,false,372,
dieffenbachia__01,dieffenbachia,grid2x2_3x3,rotate_+90,rotate,Dumb Cane (Dieffenbachia spp.),0.5744,Cast Iron Plant (Aspidistra elatior),0.1071,0.4673,dieffenbachia,"dieffenbachia|aspidistra-elatior|dracaena-trifasciata",true,high-conf,false,531,
dieffenbachia__01,dieffenbachia,tta6,rotate_-90,rotate,Dumb Cane (Dieffenbachia spp.),0.9828,Monstera Deliciosa (Monstera deliciosa),0.0091,0.9736,dieffenbachia,"dieffenbachia|monstera-deliciosa|goeppertia-orbifolia",true,high-conf,false,207,
dieffenbachia__01,dieffenbachia,grid2x2,rotate_-90,rotate,Dumb Cane (Dieffenbachia spp.),0.8164,Monstera Deliciosa (Monstera deliciosa),0.1016,0.7148,dieffenbachia,"dieffenbachia|monstera-deliciosa|goeppertia-orbifolia",true,high-conf,false,237,
dieffenbachia__01,dieffenbachia,grid2x2_3x3,rotate_-90,rotate,Dumb Cane (Dieffenbachia spp.),0.5535,Monstera Deliciosa (Monstera deliciosa),0.1041,0.4494,dieffenbachia,"dieffenbachia|monstera-deliciosa|asparagus-setaceus",true,high-conf,false,327,
dieffenbachia__01,dieffenbachia,tta6,bright_up,brightness,Dumb Cane (Dieffenbachia spp.),0.8836,Monstera Deliciosa (Monstera deliciosa),0.0613,0.8223,dieffenbachia,"dieffenbachia|monstera-deliciosa|aspidistra-elatior",true,high-conf,false,100,
dieffenbachia__01,dieffenbachia,grid2x2,bright_up,brightness,Dumb Cane (Dieffenbachia spp.),0.6494,Cast Iron Plant (Aspidistra elatior),0.1349,0.5145,dieffenbachia,"dieffenbachia|aspidistra-elatior|anthurium-andraeanum",true,high-conf,false,195,
dieffenbachia__01,dieffenbachia,grid2x2_3x3,bright_up,brightness,Dumb Cane (Dieffenbachia spp.),0.3787,Cast Iron Plant (Aspidistra elatior),0.1444,0.2343,dieffenbachia,"dieffenbachia|aspidistra-elatior|dracaena-trifasciata",true,low-conf,false,346,
dieffenbachia__01,dieffenbachia,tta6,bright_down,brightness,Dumb Cane (Dieffenbachia spp.),0.7625,Monstera Deliciosa (Monstera deliciosa),0.1227,0.6398,dieffenbachia,"dieffenbachia|monstera-deliciosa|goeppertia-orbifolia",true,high-conf,false,104,
dieffenbachia__01,dieffenbachia,grid2x2,bright_down,brightness,Dumb Cane (Dieffenbachia spp.),0.4630,Cast Iron Plant (Aspidistra elatior),0.1106,0.3523,dieffenbachia,"dieffenbachia|aspidistra-elatior|goeppertia-orbifolia",true,high-conf,false,194,
dieffenbachia__01,dieffenbachia,grid2x2_3x3,bright_down,brightness,Dumb Cane (Dieffenbachia spp.),0.2971,Calathea,0.1483,0.1488,dieffenbachia,"dieffenbachia|goeppertia-orbifolia|aspidistra-elatior",true,low-conf,false,523,
dieffenbachia__01,dieffenbachia,tta6,contrast_up,contrast,Dumb Cane (Dieffenbachia spp.),0.8266,Monstera Deliciosa (Monstera deliciosa),0.1470,0.6795,dieffenbachia,"dieffenbachia|monstera-deliciosa|asplenium-nidus",true,high-conf,false,198,
dieffenbachia__01,dieffenbachia,grid2x2,contrast_up,contrast,Dumb Cane (Dieffenbachia spp.),0.5087,Cast Iron Plant (Aspidistra elatior),0.2191,0.2896,dieffenbachia,"dieffenbachia|aspidistra-elatior|monstera-deliciosa",true,low-conf,false,489,
dieffenbachia__01,dieffenbachia,grid2x2_3x3,contrast_up,contrast,Dumb Cane (Dieffenbachia spp.),0.3089,Cast Iron Plant (Aspidistra elatior),0.2468,0.0621,dieffenbachia,"dieffenbachia|aspidistra-elatior|dracaena-trifasciata",true,low-conf,false,372,
dieffenbachia__01,dieffenbachia,tta6,contrast_down,contrast,Dumb Cane (Dieffenbachia spp.),0.9651,Cast Iron Plant (Aspidistra elatior),0.0272,0.9380,dieffenbachia,"dieffenbachia|aspidistra-elatior|monstera-deliciosa",true,high-conf,false,119,
dieffenbachia__01,dieffenbachia,grid2x2,contrast_down,contrast,Dumb Cane (Dieffenbachia spp.),0.8096,Cast Iron Plant (Aspidistra elatior),0.1163,0.6933,dieffenbachia,"dieffenbachia|aspidistra-elatior|zamioculcas-zamiifolia",true,high-conf,false,222,
dieffenbachia__01,dieffenbachia,grid2x2_3x3,contrast_down,contrast,Dumb Cane (Dieffenbachia spp.),0.5210,Cast Iron Plant (Aspidistra elatior),0.1952,0.3259,dieffenbachia,"dieffenbachia|aspidistra-elatior|asparagus-setaceus",true,high-conf,false,541,
dionaea-muscipula__01,dionaea-muscipula,tta6,clean,clean,Birds Nest Fern (Asplenium nidus),0.3016,Asparagus Fern (Asparagus setaceus),0.2340,0.0676,asplenium-nidus,"asplenium-nidus|asparagus-setaceus|zamioculcas-zamiifolia",true,low-conf,false,263,
dionaea-muscipula__01,dionaea-muscipula,grid2x2,clean,clean,Elephant Ear (Alocasia spp.),0.3162,Birds Nest Fern (Asplenium nidus),0.1809,0.1353,alocasia,"alocasia|asplenium-nidus|asparagus-setaceus",true,low-conf,false,393,
dionaea-muscipula__01,dionaea-muscipula,grid2x2_3x3,clean,clean,Elephant Ear (Alocasia spp.),0.4222,Asparagus Fern (Asparagus setaceus),0.1181,0.3041,alocasia,"alocasia|asparagus-setaceus|aloe-vera",true,low-conf,false,592,
dionaea-muscipula__01,dionaea-muscipula,tta6,blur,blur,English Ivy (Hedera helix),0.9499,Peace lily,0.0407,0.9092,hedera-helix,"hedera-helix|spathiphyllum-wallisii|asparagus-setaceus",true,high-conf,true,203,
dionaea-muscipula__01,dionaea-muscipula,grid2x2,blur,blur,English Ivy (Hedera helix),0.7148,Asparagus Fern (Asparagus setaceus),0.1592,0.5556,hedera-helix,"hedera-helix|asparagus-setaceus|aloe-vera",true,high-conf,true,319,
dionaea-muscipula__01,dionaea-muscipula,grid2x2_3x3,blur,blur,English Ivy (Hedera helix),0.5617,Aloe Vera,0.1639,0.3978,hedera-helix,"hedera-helix|aloe-vera|asparagus-setaceus",true,high-conf,true,511,
dionaea-muscipula__01,dionaea-muscipula,tta6,crop_center_zoom,crop,Elephant Ear (Alocasia spp.),0.4512,Birds Nest Fern (Asplenium nidus),0.3756,0.0756,alocasia,"alocasia|asplenium-nidus|hedera-helix",true,low-conf,false,133,
dionaea-muscipula__01,dionaea-muscipula,grid2x2,crop_center_zoom,crop,Elephant Ear (Alocasia spp.),0.3930,Birds Nest Fern (Asplenium nidus),0.2255,0.1676,alocasia,"alocasia|asplenium-nidus|hedera-helix",true,low-conf,false,234,
dionaea-muscipula__01,dionaea-muscipula,grid2x2_3x3,crop_center_zoom,crop,Elephant Ear (Alocasia spp.),0.3326,English Ivy (Hedera helix),0.1322,0.2004,alocasia,"alocasia|hedera-helix|asplenium-nidus",true,low-conf,false,363,
dionaea-muscipula__01,dionaea-muscipula,tta6,crop_offcenter_zoom,crop,English Ivy (Hedera helix),0.6519,Birds Nest Fern (Asplenium nidus),0.3339,0.3180,hedera-helix,"hedera-helix|asplenium-nidus|dracaena-trifasciata",true,high-conf,true,111,
dionaea-muscipula__01,dionaea-muscipula,grid2x2,crop_offcenter_zoom,crop,English Ivy (Hedera helix),0.3914,Elephant Ear (Alocasia spp.),0.3018,0.0896,hedera-helix,"hedera-helix|alocasia|asplenium-nidus",true,low-conf,false,280,
dionaea-muscipula__01,dionaea-muscipula,grid2x2_3x3,crop_offcenter_zoom,crop,Elephant Ear (Alocasia spp.),0.4159,English Ivy (Hedera helix),0.2066,0.2092,alocasia,"alocasia|hedera-helix|asplenium-nidus",true,low-conf,false,625,
dionaea-muscipula__01,dionaea-muscipula,tta6,rotate_+15,rotate,English Ivy (Hedera helix),0.8756,Snake plant (Sanseviera),0.0974,0.7782,hedera-helix,"hedera-helix|dracaena-trifasciata|zamioculcas-zamiifolia",true,high-conf,true,218,
dionaea-muscipula__01,dionaea-muscipula,grid2x2,rotate_+15,rotate,English Ivy (Hedera helix),0.7405,Elephant Ear (Alocasia spp.),0.1401,0.6004,hedera-helix,"hedera-helix|alocasia|dracaena-trifasciata",true,high-conf,true,403,
dionaea-muscipula__01,dionaea-muscipula,grid2x2_3x3,rotate_+15,rotate,English Ivy (Hedera helix),0.6042,Elephant Ear (Alocasia spp.),0.1782,0.4260,hedera-helix,"hedera-helix|alocasia|dracaena-trifasciata",true,high-conf,true,643,
dionaea-muscipula__01,dionaea-muscipula,tta6,rotate_-15,rotate,Snake plant (Sanseviera),0.4986,Elephant Ear (Alocasia spp.),0.4469,0.0516,dracaena-trifasciata,"dracaena-trifasciata|alocasia|anthurium-andraeanum",true,low-conf,false,214,
dionaea-muscipula__01,dionaea-muscipula,grid2x2,rotate_-15,rotate,Elephant Ear (Alocasia spp.),0.4877,Snake plant (Sanseviera),0.3014,0.1862,alocasia,"alocasia|dracaena-trifasciata|tradescantia",true,low-conf,false,298,
dionaea-muscipula__01,dionaea-muscipula,grid2x2_3x3,rotate_-15,rotate,Elephant Ear (Alocasia spp.),0.3513,Snake plant (Sanseviera),0.2903,0.0609,alocasia,"alocasia|dracaena-trifasciata|hedera-helix",true,low-conf,false,402,
dionaea-muscipula__01,dionaea-muscipula,tta6,rotate_+90,rotate,ZZ Plant (Zamioculcas zamiifolia),0.3816,Elephant Ear (Alocasia spp.),0.1683,0.2134,zamioculcas-zamiifolia,"zamioculcas-zamiifolia|alocasia|dionaea-muscipula",true,low-conf,false,123,
dionaea-muscipula__01,dionaea-muscipula,grid2x2,rotate_+90,rotate,Elephant Ear (Alocasia spp.),0.3082,ZZ Plant (Zamioculcas zamiifolia),0.2644,0.0438,alocasia,"alocasia|zamioculcas-zamiifolia|hedera-helix",true,low-conf,false,233,
dionaea-muscipula__01,dionaea-muscipula,grid2x2_3x3,rotate_+90,rotate,Elephant Ear (Alocasia spp.),0.3726,ZZ Plant (Zamioculcas zamiifolia),0.1777,0.1949,alocasia,"alocasia|zamioculcas-zamiifolia|hedera-helix",true,low-conf,false,843,
dionaea-muscipula__01,dionaea-muscipula,tta6,rotate_-90,rotate,ZZ Plant (Zamioculcas zamiifolia),0.8643,Elephant Ear (Alocasia spp.),0.1350,0.7293,zamioculcas-zamiifolia,"zamioculcas-zamiifolia|alocasia|beaucarnea-recurvata",true,high-conf,true,195,
dionaea-muscipula__01,dionaea-muscipula,grid2x2,rotate_-90,rotate,ZZ Plant (Zamioculcas zamiifolia),0.5200,Elephant Ear (Alocasia spp.),0.2569,0.2631,zamioculcas-zamiifolia,"zamioculcas-zamiifolia|alocasia|dracaena-trifasciata",true,low-conf,false,225,
dionaea-muscipula__01,dionaea-muscipula,grid2x2_3x3,rotate_-90,rotate,Elephant Ear (Alocasia spp.),0.3416,ZZ Plant (Zamioculcas zamiifolia),0.3042,0.0374,alocasia,"alocasia|zamioculcas-zamiifolia|hedera-helix",true,low-conf,false,630,
dionaea-muscipula__01,dionaea-muscipula,tta6,bright_up,brightness,Elephant Ear (Alocasia spp.),0.4403,Birds Nest Fern (Asplenium nidus),0.2561,0.1842,alocasia,"alocasia|asplenium-nidus|zamioculcas-zamiifolia",true,low-conf,false,195,
dionaea-muscipula__01,dionaea-muscipula,grid2x2,bright_up,brightness,Elephant Ear (Alocasia spp.),0.4494,Birds Nest Fern (Asplenium nidus),0.1537,0.2958,alocasia,"alocasia|asplenium-nidus|aloe-vera",true,low-conf,false,295,
dionaea-muscipula__01,dionaea-muscipula,grid2x2_3x3,bright_up,brightness,Elephant Ear (Alocasia spp.),0.4528,Aloe Vera,0.1192,0.3336,alocasia,"alocasia|aloe-vera|hedera-helix",true,high-conf,true,449,
dionaea-muscipula__01,dionaea-muscipula,tta6,bright_down,brightness,Asparagus Fern (Asparagus setaceus),0.6206,English Ivy (Hedera helix),0.2082,0.4124,asparagus-setaceus,"asparagus-setaceus|hedera-helix|zamioculcas-zamiifolia",true,high-conf,true,102,
dionaea-muscipula__01,dionaea-muscipula,grid2x2,bright_down,brightness,Asparagus Fern (Asparagus setaceus),0.4205,Elephant Ear (Alocasia spp.),0.1483,0.2722,asparagus-setaceus,"asparagus-setaceus|alocasia|hedera-helix",true,low-conf,false,220,
dionaea-muscipula__01,dionaea-muscipula,grid2x2_3x3,bright_down,brightness,Asparagus Fern (Asparagus setaceus),0.3300,Elephant Ear (Alocasia spp.),0.1901,0.1399,asparagus-setaceus,"asparagus-setaceus|alocasia|hedera-helix",true,low-conf,false,470,
dionaea-muscipula__01,dionaea-muscipula,tta6,contrast_up,contrast,Venus Flytrap,0.5822,ZZ Plant (Zamioculcas zamiifolia),0.3141,0.2681,dionaea-muscipula,"dionaea-muscipula|zamioculcas-zamiifolia|asplenium-nidus",true,low-conf,false,149,
dionaea-muscipula__01,dionaea-muscipula,grid2x2,contrast_up,contrast,Venus Flytrap,0.4671,ZZ Plant (Zamioculcas zamiifolia),0.1904,0.2767,dionaea-muscipula,"dionaea-muscipula|zamioculcas-zamiifolia|alocasia",true,low-conf,false,310,
dionaea-muscipula__01,dionaea-muscipula,grid2x2_3x3,contrast_up,contrast,Venus Flytrap,0.3850,Elephant Ear (Alocasia spp.),0.3495,0.0355,dionaea-muscipula,"dionaea-muscipula|alocasia|zamioculcas-zamiifolia",true,low-conf,false,438,
dionaea-muscipula__01,dionaea-muscipula,tta6,contrast_down,contrast,Elephant Ear (Alocasia spp.),0.4499,English Ivy (Hedera helix),0.2429,0.2070,alocasia,"alocasia|hedera-helix|asplenium-nidus",true,low-conf,false,201,
dionaea-muscipula__01,dionaea-muscipula,grid2x2,contrast_down,contrast,Elephant Ear (Alocasia spp.),0.3717,English Ivy (Hedera helix),0.2646,0.1070,alocasia,"alocasia|hedera-helix|dracaena-trifasciata",true,low-conf,false,259,
dionaea-muscipula__01,dionaea-muscipula,grid2x2_3x3,contrast_down,contrast,English Ivy (Hedera helix),0.2346,Elephant Ear (Alocasia spp.),0.2345,0.0001,hedera-helix,"hedera-helix|alocasia|aloe-vera",true,low-conf,false,624,
dracaena-trifasciata,dracaena-trifasciata,tta6,clean,clean,Snake plant (Sanseviera),0.9911,Dracaena,0.0088,0.9824,dracaena-trifasciata,"dracaena-trifasciata|dracaena|tradescantia",true,high-conf,false,178,
dracaena-trifasciata,dracaena-trifasciata,grid2x2,clean,clean,Snake plant (Sanseviera),0.9398,Aloe Vera,0.0548,0.8850,dracaena-trifasciata,"dracaena-trifasciata|aloe-vera|dracaena",true,high-conf,false,353,
dracaena-trifasciata,dracaena-trifasciata,grid2x2_3x3,clean,clean,Snake plant (Sanseviera),0.9136,ZZ Plant (Zamioculcas zamiifolia),0.0524,0.8612,dracaena-trifasciata,"dracaena-trifasciata|zamioculcas-zamiifolia|aloe-vera",true,high-conf,false,439,
dracaena-trifasciata,dracaena-trifasciata,tta6,blur,blur,Parlor Palm (Chamaedorea elegans),0.7814,Dracaena,0.0838,0.6977,chamaedorea-elegans,"chamaedorea-elegans|dracaena|aloe-vera",true,high-conf,true,134,
dracaena-trifasciata,dracaena-trifasciata,grid2x2,blur,blur,Parlor Palm (Chamaedorea elegans),0.6454,Snake plant (Sanseviera),0.1686,0.4768,chamaedorea-elegans,"chamaedorea-elegans|dracaena-trifasciata|aloe-vera",true,high-conf,true,180,
dracaena-trifasciata,dracaena-trifasciata,grid2x2_3x3,blur,blur,Parlor Palm (Chamaedorea elegans),0.3402,Snake plant (Sanseviera),0.2461,0.0942,chamaedorea-elegans,"chamaedorea-elegans|dracaena-trifasciata|goeppertia-orbifolia",true,low-conf,false,411,
dracaena-trifasciata,dracaena-trifasciata,tta6,crop_center_zoom,crop,Snake plant (Sanseviera),0.9484,Tradescantia,0.0504,0.8980,dracaena-trifasciata,"dracaena-trifasciata|tradescantia|dracaena",true,high-conf,false,124,
dracaena-trifasciata,dracaena-trifasciata,grid2x2,crop_center_zoom,crop,Snake plant (Sanseviera),0.9674,Tradescantia,0.0303,0.9372,dracaena-trifasciata,"dracaena-trifasciata|tradescantia|beaucarnea-recurvata",true,high-conf,false,182,
dracaena-trifasciata,dracaena-trifasciata,grid2x2_3x3,crop_center_zoom,crop,Snake plant (Sanseviera),0.9829,Tradescantia,0.0159,0.9669,dracaena-trifasciata,"dracaena-trifasciata|tradescantia|beaucarnea-recurvata",true,high-conf,false,295,
dracaena-trifasciata,dracaena-trifasciata,tta6,crop_offcenter_zoom,crop,Snake plant (Sanseviera),1.0000,Dracaena,0.0000,1.0000,dracaena-trifasciata,"dracaena-trifasciata|dracaena|alocasia",true,high-conf,false,112,
dracaena-trifasciata,dracaena-trifasciata,grid2x2,crop_offcenter_zoom,crop,Snake plant (Sanseviera),1.0000,Boston Fern (Nephrolepis exaltata),0.0000,1.0000,dracaena-trifasciata,"dracaena-trifasciata|nephrolepis-exaltata|goeppertia-orbifolia",true,high-conf,false,256,
dracaena-trifasciata,dracaena-trifasciata,grid2x2_3x3,crop_offcenter_zoom,crop,Snake plant (Sanseviera),0.8946,Elephant Ear (Alocasia spp.),0.0526,0.8421,dracaena-trifasciata,"dracaena-trifasciata|alocasia|schlumbergera-bridgesii",true,high-conf,false,376,
dracaena-trifasciata,dracaena-trifasciata,tta6,rotate_+15,rotate,Snake plant (Sanseviera),0.9999,Tradescantia,0.0001,0.9998,dracaena-trifasciata,"dracaena-trifasciata|tradescantia|pachira-aquatica",true,high-conf,false,111,
dracaena-trifasciata,dracaena-trifasciata,grid2x2,rotate_+15,rotate,Snake plant (Sanseviera),0.8999,Money Tree (Pachira aquatica),0.0882,0.8118,dracaena-trifasciata,"dracaena-trifasciata|pachira-aquatica|pilea-peperomioides",true,high-conf,false,189,
dracaena-trifasciata,dracaena-trifasciata,grid2x2_3x3,rotate_+15,rotate,Snake plant (Sanseviera),0.8529,Money Tree (Pachira aquatica),0.0757,0.7772,dracaena-trifasciata,"dracaena-trifasciata|pachira-aquatica|hedera-helix",true,high-conf,false,327,
dracaena-trifasciata,dracaena-trifasciata,tta6,rotate_-15,rotate,Snake plant (Sanseviera),0.8245,Dracaena,0.1631,0.6614,dracaena-trifasciata,"dracaena-trifasciata|dracaena|tradescantia",true,high-conf,false,95,
dracaena-trifasciata,dracaena-trifasciata,grid2x2,rotate_-15,rotate,Snake plant (Sanseviera),0.6986,Tradescantia,0.1015,0.5971,dracaena-trifasciata,"dracaena-trifasciata|tradescantia|dracaena",true,high-conf,false,175,
dracaena-trifasciata,dracaena-trifasciata,grid2x2_3x3,rotate_-15,rotate,Snake plant (Sanseviera),0.7556,Tradescantia,0.1060,0.6497,dracaena-trifasciata,"dracaena-trifasciata|tradescantia|dracaena",true,high-conf,false,364,
dracaena-trifasciata,dracaena-trifasciata,tta6,rotate_+90,rotate,Dracaena,0.7167,Aloe Vera,0.1899,0.5267,dracaena,"dracaena|aloe-vera|dracaena-trifasciata",true,high-conf,true,124,
dracaena-trifasciata,dracaena-trifasciata,grid2x2,rotate_+90,rotate,Dracaena,0.4365,Snake plant (Sanseviera),0.3465,0.0900,dracaena,"dracaena|dracaena-trifasciata|aloe-vera",true,low-conf,false,188,
dracaena-trifasciata,dracaena-trifasciata,grid2x2_3x3,rotate_+90,rotate,Snake plant (Sanseviera),0.5546,Dracaena,0.2297,0.3248,dracaena-trifasciata,"dracaena-trifasciata|dracaena|aloe-vera",true,high-conf,false,345,
dracaena-trifasciata,dracaena-trifasciata,tta6,rotate_-90,rotate,Dracaena,0.6771,Snake plant (Sanseviera),0.3184,0.3588,dracaena,"dracaena|dracaena-trifasciata|pachira-aquatica",true,high-conf,true,107,
dracaena-trifasciata,dracaena-trifasciata,grid2x2,rotate_-90,rotate,Snake plant (Sanseviera),0.5054,Dracaena,0.4063,0.0990,dracaena-trifasciata,"dracaena-trifasciata|dracaena|yucca",true,low-conf,false,192,
dracaena-trifasciata,dracaena-trifasciata,grid2x2_3x3,rotate_-90,rotate,Snake plant (Sanseviera),0.6848,Dracaena,0.2139,0.4710,dracaena-trifasciata,"dracaena-trifasciata|dracaena|yucca",true,high-conf,false,426,
dracaena-trifasciata,dracaena-trifasciata,tta6,bright_up,brightness,Snake plant (Sanseviera),0.8872,Dracaena,0.1116,0.7756,dracaena-trifasciata,"dracaena-trifasciata|dracaena|tradescantia",true,high-conf,false,157,
dracaena-trifasciata,dracaena-trifasciata,grid2x2,bright_up,brightness,Snake plant (Sanseviera),0.8874,Dracaena,0.0670,0.8204,dracaena-trifasciata,"dracaena-trifasciata|dracaena|aloe-vera",true,high-conf,false,233,
dracaena-trifasciata,dracaena-trifasciata,grid2x2_3x3,bright_up,brightness,Snake plant (Sanseviera),0.8879,ZZ Plant (Zamioculcas zamiifolia),0.0526,0.8354,dracaena-trifasciata,"dracaena-trifasciata|zamioculcas-zamiifolia|dracaena",true,high-conf,false,697,
dracaena-trifasciata,dracaena-trifasciata,tta6,bright_down,brightness,Snake plant (Sanseviera),0.9282,Dracaena,0.0718,0.8564,dracaena-trifasciata,"dracaena-trifasciata|dracaena|aloe-vera",true,high-conf,false,156,
dracaena-trifasciata,dracaena-trifasciata,grid2x2,bright_down,brightness,Snake plant (Sanseviera),0.8591,Aloe Vera,0.0978,0.7613,dracaena-trifasciata,"dracaena-trifasciata|aloe-vera|dracaena",true,high-conf,false,275,
dracaena-trifasciata,dracaena-trifasciata,grid2x2_3x3,bright_down,brightness,Snake plant (Sanseviera),0.8667,ZZ Plant (Zamioculcas zamiifolia),0.0524,0.8143,dracaena-trifasciata,"dracaena-trifasciata|zamioculcas-zamiifolia|aloe-vera",true,high-conf,false,332,
dracaena-trifasciata,dracaena-trifasciata,tta6,contrast_up,contrast,Snake plant (Sanseviera),0.8334,Dracaena,0.1666,0.6667,dracaena-trifasciata,"dracaena-trifasciata|dracaena|aloe-vera",true,high-conf,false,102,
dracaena-trifasciata,dracaena-trifasciata,grid2x2,contrast_up,contrast,Snake plant (Sanseviera),0.8978,Dracaena,0.1000,0.7978,dracaena-trifasciata,"dracaena-trifasciata|dracaena|aloe-vera",true,high-conf,false,195,
dracaena-trifasciata,dracaena-trifasciata,grid2x2_3x3,contrast_up,contrast,Snake plant (Sanseviera),0.8909,Dracaena,0.0526,0.8383,dracaena-trifasciata,"dracaena-trifasciata|dracaena|zamioculcas-zamiifolia",true,high-conf,false,446,
dracaena-trifasciata,dracaena-trifasciata,tta6,contrast_down,contrast,Snake plant (Sanseviera),0.9997,Dracaena,0.0001,0.9996,dracaena-trifasciata,"dracaena-trifasciata|dracaena|tradescantia",true,high-conf,false,119,
dracaena-trifasciata,dracaena-trifasciata,grid2x2,contrast_down,contrast,Snake plant (Sanseviera),0.9025,Ponytail Palm (Beaucarnea recurvata),0.0790,0.8235,dracaena-trifasciata,"dracaena-trifasciata|beaucarnea-recurvata|aloe-vera",true,high-conf,false,271,
dracaena-trifasciata,dracaena-trifasciata,grid2x2_3x3,contrast_down,contrast,Snake plant (Sanseviera),0.8960,ZZ Plant (Zamioculcas zamiifolia),0.0523,0.8437,dracaena-trifasciata,"dracaena-trifasciata|zamioculcas-zamiifolia|beaucarnea-recurvata",true,high-conf,false,369,
dracaena-trifasciata__01,dracaena-trifasciata,tta6,clean,clean,Snake plant (Sanseviera),0.9950,Chinese evergreen (Aglaonema),0.0050,0.9900,dracaena-trifasciata,"dracaena-trifasciata|aglaonema|zamioculcas-zamiifolia",true,high-conf,false,147,
dracaena-trifasciata__01,dracaena-trifasciata,grid2x2,clean,clean,Snake plant (Sanseviera),0.9970,Chinese evergreen (Aglaonema),0.0030,0.9940,dracaena-trifasciata,"dracaena-trifasciata|aglaonema|zamioculcas-zamiifolia",true,high-conf,false,296,
dracaena-trifasciata__01,dracaena-trifasciata,grid2x2_3x3,clean,clean,Snake plant (Sanseviera),0.8932,Daffodils (Narcissus spp.),0.0525,0.8407,dracaena-trifasciata,"dracaena-trifasciata|alocasia|goeppertia-orbifolia",true,high-conf,false,369,
dracaena-trifasciata__01,dracaena-trifasciata,tta6,blur,blur,Snake plant (Sanseviera),0.6383,Ctenanthe,0.2745,0.3638,dracaena-trifasciata,"dracaena-trifasciata|ctenanthe|epipremnum-aureum",true,high-conf,false,120,
dracaena-trifasciata__01,dracaena-trifasciata,grid2x2,blur,blur,Snake plant (Sanseviera),0.6837,Ctenanthe,0.1660,0.5178,dracaena-trifasciata,"dracaena-trifasciata|ctenanthe|chamaedorea-elegans",true,high-conf,false,260,
dracaena-trifasciata__01,dracaena-trifasciata,grid2x2_3x3,blur,blur,Snake plant (Sanseviera),0.5858,Ctenanthe,0.1132,0.4726,dracaena-trifasciata,"dracaena-trifasciata|ctenanthe|asparagus-setaceus",true,high-conf,false,570,
dracaena-trifasciata__01,dracaena-trifasciata,tta6,crop_center_zoom,crop,Snake plant (Sanseviera),0.9999,Chinese evergreen (Aglaonema),0.0001,0.9998,dracaena-trifasciata,"dracaena-trifasciata|aglaonema|epipremnum-aureum",true,high-conf,false,145,
dracaena-trifasciata__01,dracaena-trifasciata,grid2x2,crop_center_zoom,crop,Snake plant (Sanseviera),0.9999,Chinese evergreen (Aglaonema),0.0001,0.9999,dracaena-trifasciata,"dracaena-trifasciata|aglaonema|ctenanthe",true,high-conf,false,171,
dracaena-trifasciata__01,dracaena-trifasciata,grid2x2_3x3,crop_center_zoom,crop,Snake plant (Sanseviera),0.9415,Tradescantia,0.0246,0.9170,dracaena-trifasciata,"dracaena-trifasciata|tradescantia|dionaea-muscipula",true,high-conf,false,550,
dracaena-trifasciata__01,dracaena-trifasciata,tta6,crop_offcenter_zoom,crop,Snake plant (Sanseviera),0.6875,Chinese evergreen (Aglaonema),0.3089,0.3787,dracaena-trifasciata,"dracaena-trifasciata|aglaonema|alocasia",true,high-conf,false,133,
dracaena-trifasciata__01,dracaena-trifasciata,grid2x2,crop_offcenter_zoom,crop,Snake plant (Sanseviera),0.7125,Chinese evergreen (Aglaonema),0.1853,0.5272,dracaena-trifasciata,"dracaena-trifasciata|aglaonema|hedera-helix",true,high-conf,false,264,
dracaena-trifasciata__01,dracaena-trifasciata,grid2x2_3x3,crop_offcenter_zoom,crop,Snake plant (Sanseviera),0.8320,Chinese evergreen (Aglaonema),0.0975,0.7345,dracaena-trifasciata,"dracaena-trifasciata|aglaonema|chamaedorea-elegans",true,high-conf,false,360,
dracaena-trifasciata__01,dracaena-trifasciata,tta6,rotate_+15,rotate,Snake plant (Sanseviera),0.9888,Chinese evergreen (Aglaonema),0.0107,0.9782,dracaena-trifasciata,"dracaena-trifasciata|aglaonema|epipremnum-aureum",true,high-conf,false,110,
dracaena-trifasciata__01,dracaena-trifasciata,grid2x2,rotate_+15,rotate,Snake plant (Sanseviera),0.9933,Chinese evergreen (Aglaonema),0.0064,0.9869,dracaena-trifasciata,"dracaena-trifasciata|aglaonema|epipremnum-aureum",true,high-conf,false,193,
dracaena-trifasciata__01,dracaena-trifasciata,grid2x2_3x3,rotate_+15,rotate,Snake plant (Sanseviera),0.8508,Tradescantia,0.0486,0.8022,dracaena-trifasciata,"dracaena-trifasciata|tradescantia|schlumbergera-bridgesii",true,high-conf,false,337,
dracaena-trifasciata__01,dracaena-trifasciata,tta6,rotate_-15,rotate,Snake plant (Sanseviera),1.0000,Chinese evergreen (Aglaonema),0.0000,0.9999,dracaena-trifasciata,"dracaena-trifasciata|aglaonema|alocasia",true,high-conf,false,103,
dracaena-trifasciata__01,dracaena-trifasciata,grid2x2,rotate_-15,rotate,Snake plant (Sanseviera),0.9998,Chinese evergreen (Aglaonema),0.0001,0.9997,dracaena-trifasciata,"dracaena-trifasciata|aglaonema|tradescantia",true,high-conf,false,180,
dracaena-trifasciata__01,dracaena-trifasciata,grid2x2_3x3,rotate_-15,rotate,Snake plant (Sanseviera),0.8771,Elephant Ear (Alocasia spp.),0.0526,0.8245,dracaena-trifasciata,"dracaena-trifasciata|alocasia|yucca",true,high-conf,false,421,
dracaena-trifasciata__01,dracaena-trifasciata,tta6,rotate_+90,rotate,Snake plant (Sanseviera),0.8288,Chinese evergreen (Aglaonema),0.1666,0.6622,dracaena-trifasciata,"dracaena-trifasciata|aglaonema|epipremnum-aureum",true,high-conf,false,116,
dracaena-trifasciata__01,dracaena-trifasciata,grid2x2,rotate_+90,rotate,Snake plant (Sanseviera),0.7706,Chinese evergreen (Aglaonema),0.1272,0.6434,dracaena-trifasciata,"dracaena-trifasciata|aglaonema|dionaea-muscipula",true,high-conf,false,227,
dracaena-trifasciata__01,dracaena-trifasciata,grid2x2_3x3,rotate_+90,rotate,Snake plant (Sanseviera),0.6648,Venus Flytrap,0.0994,0.5654,dracaena-trifasciata,"dracaena-trifasciata|dionaea-muscipula|aglaonema",true,high-conf,false,468,
dracaena-trifasciata__01,dracaena-trifasciata,tta6,rotate_-90,rotate,Snake plant (Sanseviera),0.7859,Chinese evergreen (Aglaonema),0.2132,0.5727,dracaena-trifasciata,"dracaena-trifasciata|aglaonema|epipremnum-aureum",true,high-conf,false,105,
dracaena-trifasciata__01,dracaena-trifasciata,grid2x2,rotate_-90,rotate,Snake plant (Sanseviera),0.8146,Chinese evergreen (Aglaonema),0.1672,0.6474,dracaena-trifasciata,"dracaena-trifasciata|aglaonema|alocasia",true,high-conf,false,184,
dracaena-trifasciata__01,dracaena-trifasciata,grid2x2_3x3,rotate_-90,rotate,Snake plant (Sanseviera),0.6652,Christmas Cactus (Schlumbergera bridgesii),0.0959,0.5693,dracaena-trifasciata,"dracaena-trifasciata|schlumbergera-bridgesii|aglaonema",true,high-conf,false,400,
dracaena-trifasciata__01,dracaena-trifasciata,tta6,bright_up,brightness,Snake plant (Sanseviera),0.9970,Chinese evergreen (Aglaonema),0.0030,0.9940,dracaena-trifasciata,"dracaena-trifasciata|aglaonema|zamioculcas-zamiifolia",true,high-conf,false,120,
dracaena-trifasciata__01,dracaena-trifasciata,grid2x2,bright_up,brightness,Snake plant (Sanseviera),0.9982,Chinese evergreen (Aglaonema),0.0018,0.9964,dracaena-trifasciata,"dracaena-trifasciata|aglaonema|ctenanthe",true,high-conf,false,207,
dracaena-trifasciata__01,dracaena-trifasciata,grid2x2_3x3,bright_up,brightness,Snake plant (Sanseviera),0.8944,Asparagus Fern (Asparagus setaceus),0.0519,0.8425,dracaena-trifasciata,"dracaena-trifasciata|asparagus-setaceus|goeppertia-orbifolia",true,high-conf,false,385,
dracaena-trifasciata__01,dracaena-trifasciata,tta6,bright_down,brightness,Snake plant (Sanseviera),1.0000,Chinese evergreen (Aglaonema),0.0000,1.0000,dracaena-trifasciata,"dracaena-trifasciata|aglaonema|zamioculcas-zamiifolia",true,high-conf,false,129,
dracaena-trifasciata__01,dracaena-trifasciata,grid2x2,bright_down,brightness,Snake plant (Sanseviera),1.0000,Chinese evergreen (Aglaonema),0.0000,1.0000,dracaena-trifasciata,"dracaena-trifasciata|aglaonema|ctenanthe",true,high-conf,false,198,
dracaena-trifasciata__01,dracaena-trifasciata,grid2x2_3x3,bright_down,brightness,Snake plant (Sanseviera),0.8947,Daffodils (Narcissus spp.),0.0526,0.8421,dracaena-trifasciata,"dracaena-trifasciata|goeppertia-orbifolia|schlumbergera-bridgesii",true,high-conf,false,372,
dracaena-trifasciata__01,dracaena-trifasciata,tta6,contrast_up,contrast,Snake plant (Sanseviera),1.0000,Chinese evergreen (Aglaonema),0.0000,1.0000,dracaena-trifasciata,"dracaena-trifasciata|aglaonema|zamioculcas-zamiifolia",true,high-conf,false,117,
dracaena-trifasciata__01,dracaena-trifasciata,grid2x2,contrast_up,contrast,Snake plant (Sanseviera),1.0000,Chinese evergreen (Aglaonema),0.0000,1.0000,dracaena-trifasciata,"dracaena-trifasciata|aglaonema|ctenanthe",true,high-conf,false,221,
dracaena-trifasciata__01,dracaena-trifasciata,grid2x2_3x3,contrast_up,contrast,Snake plant (Sanseviera),0.8948,Daffodils (Narcissus spp.),0.0526,0.8422,dracaena-trifasciata,"dracaena-trifasciata|goeppertia-orbifolia|schlumbergera-bridgesii",true,high-conf,false,356,
dracaena-trifasciata__01,dracaena-trifasciata,tta6,contrast_down,contrast,Snake plant (Sanseviera),0.9300,Chinese evergreen (Aglaonema),0.0700,0.8600,dracaena-trifasciata,"dracaena-trifasciata|aglaonema|epipremnum-aureum",true,high-conf,false,157,
dracaena-trifasciata__01,dracaena-trifasciata,grid2x2,contrast_down,contrast,Snake plant (Sanseviera),0.9579,Chinese evergreen (Aglaonema),0.0420,0.9159,dracaena-trifasciata,"dracaena-trifasciata|aglaonema|zamioculcas-zamiifolia",true,high-conf,false,249,
dracaena-trifasciata__01,dracaena-trifasciata,grid2x2_3x3,contrast_down,contrast,Snake plant (Sanseviera),0.8731,Calathea,0.0467,0.8264,dracaena-trifasciata,"dracaena-trifasciata|goeppertia-orbifolia|aglaonema",true,high-conf,false,474,
dracaena-trifasciata__02,dracaena-trifasciata,tta6,clean,clean,Snake plant (Sanseviera),0.9999,Chinese evergreen (Aglaonema),0.0001,0.9999,dracaena-trifasciata,"dracaena-trifasciata|aglaonema|dieffenbachia",true,high-conf,false,114,
dracaena-trifasciata__02,dracaena-trifasciata,grid2x2,clean,clean,Snake plant (Sanseviera),1.0000,Chinese evergreen (Aglaonema),0.0000,0.9999,dracaena-trifasciata,"dracaena-trifasciata|aglaonema|dieffenbachia",true,high-conf,false,289,
dracaena-trifasciata__02,dracaena-trifasciata,grid2x2_3x3,clean,clean,Snake plant (Sanseviera),1.0000,Chinese evergreen (Aglaonema),0.0000,1.0000,dracaena-trifasciata,"dracaena-trifasciata|aglaonema|dieffenbachia",true,high-conf,false,374,
dracaena-trifasciata__02,dracaena-trifasciata,tta6,blur,blur,Snake plant (Sanseviera),0.9791,Calathea,0.0209,0.9582,dracaena-trifasciata,"dracaena-trifasciata|goeppertia-orbifolia|dieffenbachia",true,high-conf,false,114,
dracaena-trifasciata__02,dracaena-trifasciata,grid2x2,blur,blur,Snake plant (Sanseviera),0.9807,Calathea,0.0125,0.9682,dracaena-trifasciata,"dracaena-trifasciata|goeppertia-orbifolia|strelitzia-reginae",true,high-conf,false,206,
dracaena-trifasciata__02,dracaena-trifasciata,grid2x2_3x3,blur,blur,Snake plant (Sanseviera),0.8183,Jade plant (Crassula ovata),0.0650,0.7533,dracaena-trifasciata,"dracaena-trifasciata|crassula-ovata|goeppertia-orbifolia",true,high-conf,false,318,
dracaena-trifasciata__02,dracaena-trifasciata,tta6,crop_center_zoom,crop,Snake plant (Sanseviera),0.9942,Chinese evergreen (Aglaonema),0.0058,0.9884,dracaena-trifasciata,"dracaena-trifasciata|aglaonema|dieffenbachia",true,high-conf,false,109,
dracaena-trifasciata__02,dracaena-trifasciata,grid2x2,crop_center_zoom,crop,Snake plant (Sanseviera),0.9965,Chinese evergreen (Aglaonema),0.0035,0.9930,dracaena-trifasciata,"dracaena-trifasciata|aglaonema|begonia",true,high-conf,false,205,
dracaena-trifasciata__02,dracaena-trifasciata,grid2x2_3x3,crop_center_zoom,crop,Snake plant (Sanseviera),0.8952,Asparagus Fern (Asparagus setaceus),0.0518,0.8434,dracaena-trifasciata,"dracaena-trifasciata|asparagus-setaceus|spathiphyllum-wallisii",true,high-conf,false,333,
dracaena-trifasciata__02,dracaena-trifasciata,tta6,crop_offcenter_zoom,crop,Snake plant (Sanseviera),0.9996,Chinese evergreen (Aglaonema),0.0004,0.9993,dracaena-trifasciata,"dracaena-trifasciata|aglaonema|dieffenbachia",true,high-conf,false,115,
dracaena-trifasciata__02,dracaena-trifasciata,grid2x2,crop_offcenter_zoom,crop,Snake plant (Sanseviera),0.9101,Asparagus Fern (Asparagus setaceus),0.0883,0.8218,dracaena-trifasciata,"dracaena-trifasciata|asparagus-setaceus|pachira-aquatica",true,high-conf,false,191,
dracaena-trifasciata__02,dracaena-trifasciata,grid2x2_3x3,crop_offcenter_zoom,crop,Snake plant (Sanseviera),0.9013,Asparagus Fern (Asparagus setaceus),0.0787,0.8227,dracaena-trifasciata,"dracaena-trifasciata|asparagus-setaceus|hedera-helix",true,high-conf,false,325,
dracaena-trifasciata__02,dracaena-trifasciata,tta6,rotate_+15,rotate,Snake plant (Sanseviera),1.0000,Chinese evergreen (Aglaonema),0.0000,1.0000,dracaena-trifasciata,"dracaena-trifasciata|aglaonema|begonia",true,high-conf,false,115,
dracaena-trifasciata__02,dracaena-trifasciata,grid2x2,rotate_+15,rotate,Snake plant (Sanseviera),1.0000,Chinese evergreen (Aglaonema),0.0000,1.0000,dracaena-trifasciata,"dracaena-trifasciata|aglaonema|begonia",true,high-conf,false,171,
dracaena-trifasciata__02,dracaena-trifasciata,grid2x2_3x3,rotate_+15,rotate,Snake plant (Sanseviera),1.0000,Asparagus Fern (Asparagus setaceus),0.0000,1.0000,dracaena-trifasciata,"dracaena-trifasciata|asparagus-setaceus|aglaonema",true,high-conf,false,524,
dracaena-trifasciata__02,dracaena-trifasciata,tta6,rotate_-15,rotate,Snake plant (Sanseviera),1.0000,Chinese evergreen (Aglaonema),0.0000,1.0000,dracaena-trifasciata,"dracaena-trifasciata|aglaonema|dieffenbachia",true,high-conf,false,137,
dracaena-trifasciata__02,dracaena-trifasciata,grid2x2,rotate_-15,rotate,Snake plant (Sanseviera),1.0000,Dumb Cane (Dieffenbachia spp.),0.0000,1.0000,dracaena-trifasciata,"dracaena-trifasciata|dieffenbachia|aglaonema",true,high-conf,false,163,
dracaena-trifasciata__02,dracaena-trifasciata,grid2x2_3x3,rotate_-15,rotate,Snake plant (Sanseviera),0.9958,Asparagus Fern (Asparagus setaceus),0.0020,0.9937,dracaena-trifasciata,"dracaena-trifasciata|asparagus-setaceus|hedera-helix",true,high-conf,false,472,
dracaena-trifasciata__02,dracaena-trifasciata,tta6,rotate_+90,rotate,Snake plant (Sanseviera),0.6889,Chinese evergreen (Aglaonema),0.3010,0.3879,dracaena-trifasciata,"dracaena-trifasciata|aglaonema|monstera-deliciosa",true,high-conf,false,96,
dracaena-trifasciata__02,dracaena-trifasciata,grid2x2,rotate_+90,rotate,Snake plant (Sanseviera),0.6134,Chinese evergreen (Aglaonema),0.1806,0.4328,dracaena-trifasciata,"dracaena-trifasciata|aglaonema|aspidistra-elatior",true,high-conf,false,195,
dracaena-trifasciata__02,dracaena-trifasciata,grid2x2_3x3,rotate_+90,rotate,Snake plant (Sanseviera),0.6838,Orchid,0.1027,0.5811,dracaena-trifasciata,"dracaena-trifasciata|phalaenopsis|aglaonema",true,high-conf,false,323,
dracaena-trifasciata__02,dracaena-trifasciata,tta6,rotate_-90,rotate,Snake plant (Sanseviera),0.9738,Chinese evergreen (Aglaonema),0.0262,0.9476,dracaena-trifasciata,"dracaena-trifasciata|aglaonema|aspidistra-elatior",true,high-conf,false,108,
dracaena-trifasciata__02,dracaena-trifasciata,grid2x2,rotate_-90,rotate,Snake plant (Sanseviera),0.8877,Cast Iron Plant (Aspidistra elatior),0.0960,0.7917,dracaena-trifasciata,"dracaena-trifasciata|aspidistra-elatior|aglaonema",true,high-conf,false,171,
dracaena-trifasciata__02,dracaena-trifasciata,grid2x2_3x3,rotate_-90,rotate,Snake plant (Sanseviera),0.8433,Cast Iron Plant (Aspidistra elatior),0.0854,0.7579,dracaena-trifasciata,"dracaena-trifasciata|aspidistra-elatior|phalaenopsis",true,high-conf,false,359,
dracaena-trifasciata__02,dracaena-trifasciata,tta6,bright_up,brightness,Snake plant (Sanseviera),1.0000,Dumb Cane (Dieffenbachia spp.),0.0000,1.0000,dracaena-trifasciata,"dracaena-trifasciata|dieffenbachia|aglaonema",true,high-conf,false,119,
dracaena-trifasciata__02,dracaena-trifasciata,grid2x2,bright_up,brightness,Snake plant (Sanseviera),1.0000,Dumb Cane (Dieffenbachia spp.),0.0000,1.0000,dracaena-trifasciata,"dracaena-trifasciata|dieffenbachia|aglaonema",true,high-conf,false,178,
dracaena-trifasciata__02,dracaena-trifasciata,grid2x2_3x3,bright_up,brightness,Snake plant (Sanseviera),1.0000,Asparagus Fern (Asparagus setaceus),0.0000,0.9999,dracaena-trifasciata,"dracaena-trifasciata|asparagus-setaceus|dieffenbachia",true,high-conf,false,361,
dracaena-trifasciata__02,dracaena-trifasciata,tta6,bright_down,brightness,Snake plant (Sanseviera),0.9989,Calathea,0.0011,0.9977,dracaena-trifasciata,"dracaena-trifasciata|goeppertia-orbifolia|dieffenbachia",true,high-conf,false,130,
dracaena-trifasciata__02,dracaena-trifasciata,grid2x2,bright_down,brightness,Snake plant (Sanseviera),0.9992,Calathea,0.0007,0.9986,dracaena-trifasciata,"dracaena-trifasciata|goeppertia-orbifolia|aspidistra-elatior",true,high-conf,false,184,
dracaena-trifasciata__02,dracaena-trifasciata,grid2x2_3x3,bright_down,brightness,Snake plant (Sanseviera),0.9891,Asparagus Fern (Asparagus setaceus),0.0105,0.9786,dracaena-trifasciata,"dracaena-trifasciata|asparagus-setaceus|goeppertia-orbifolia",true,high-conf,false,362,
dracaena-trifasciata__02,dracaena-trifasciata,tta6,contrast_up,contrast,Snake plant (Sanseviera),0.9996,Chinese evergreen (Aglaonema),0.0003,0.9993,dracaena-trifasciata,"dracaena-trifasciata|aglaonema|dieffenbachia",true,high-conf,false,104,
dracaena-trifasciata__02,dracaena-trifasciata,grid2x2,contrast_up,contrast,Snake plant (Sanseviera),0.9998,Chinese evergreen (Aglaonema),0.0002,0.9996,dracaena-trifasciata,"dracaena-trifasciata|aglaonema|dieffenbachia",true,high-conf,false,187,
dracaena-trifasciata__02,dracaena-trifasciata,grid2x2_3x3,contrast_up,contrast,Snake plant (Sanseviera),0.9998,Chinese evergreen (Aglaonema),0.0001,0.9998,dracaena-trifasciata,"dracaena-trifasciata|aglaonema|dieffenbachia",true,high-conf,false,442,
dracaena-trifasciata__02,dracaena-trifasciata,tta6,contrast_down,contrast,Snake plant (Sanseviera),1.0000,Chinese evergreen (Aglaonema),0.0000,1.0000,dracaena-trifasciata,"dracaena-trifasciata|aglaonema|dieffenbachia",true,high-conf,false,134,
dracaena-trifasciata__02,dracaena-trifasciata,grid2x2,contrast_down,contrast,Snake plant (Sanseviera),1.0000,Dumb Cane (Dieffenbachia spp.),0.0000,0.9999,dracaena-trifasciata,"dracaena-trifasciata|dieffenbachia|aglaonema",true,high-conf,false,230,
dracaena-trifasciata__02,dracaena-trifasciata,grid2x2_3x3,contrast_down,contrast,Snake plant (Sanseviera),0.9991,Asparagus Fern (Asparagus setaceus),0.0008,0.9983,dracaena-trifasciata,"dracaena-trifasciata|asparagus-setaceus|crassula-ovata",true,high-conf,false,403,
dracaena__01,dracaena,tta6,clean,clean,Parlor Palm (Chamaedorea elegans),0.9456,Peace lily,0.0233,0.9223,chamaedorea-elegans,"chamaedorea-elegans|spathiphyllum-wallisii|tradescantia",true,high-conf,true,124,
dracaena__01,dracaena,grid2x2,clean,clean,Parlor Palm (Chamaedorea elegans),0.5708,Tradescantia,0.0954,0.4754,chamaedorea-elegans,"chamaedorea-elegans|tradescantia|zamioculcas-zamiifolia",true,high-conf,true,221,
dracaena__01,dracaena,grid2x2_3x3,clean,clean,Parlor Palm (Chamaedorea elegans),0.3567,Calathea,0.1947,0.1619,chamaedorea-elegans,"chamaedorea-elegans|goeppertia-orbifolia|asplenium-nidus",true,low-conf,false,350,
dracaena__01,dracaena,tta6,blur,blur,English Ivy (Hedera helix),0.4186,Elephant Ear (Alocasia spp.),0.2819,0.1367,hedera-helix,"hedera-helix|alocasia|zamioculcas-zamiifolia",true,low-conf,false,122,
dracaena__01,dracaena,grid2x2,blur,blur,English Ivy (Hedera helix),0.2731,Elephant Ear (Alocasia spp.),0.2514,0.0217,hedera-helix,"hedera-helix|alocasia|goeppertia-orbifolia",true,low-conf,false,182,
dracaena__01,dracaena,grid2x2_3x3,blur,blur,Calathea,0.4093,English Ivy (Hedera helix),0.2383,0.1710,goeppertia-orbifolia,"goeppertia-orbifolia|hedera-helix|alocasia",true,low-conf,false,597,
dracaena__01,dracaena,tta6,crop_center_zoom,crop,Parlor Palm (Chamaedorea elegans),0.6979,Birds Nest Fern (Asplenium nidus),0.1132,0.5847,chamaedorea-elegans,"chamaedorea-elegans|asplenium-nidus|zamioculcas-zamiifolia",true,high-conf,true,125,
dracaena__01,dracaena,grid2x2,crop_center_zoom,crop,Parlor Palm (Chamaedorea elegans),0.4215,ZZ Plant (Zamioculcas zamiifolia),0.1341,0.2874,chamaedorea-elegans,"chamaedorea-elegans|zamioculcas-zamiifolia|tradescantia",true,low-conf,false,200,
dracaena__01,dracaena,grid2x2_3x3,crop_center_zoom,crop,Parlor Palm (Chamaedorea elegans),0.2221,Tradescantia,0.2023,0.0198,chamaedorea-elegans,"chamaedorea-elegans|tradescantia|zamioculcas-zamiifolia",true,low-conf,false,392,
dracaena__01,dracaena,tta6,crop_offcenter_zoom,crop,Parlor Palm (Chamaedorea elegans),0.4363,Peace lily,0.1533,0.2830,chamaedorea-elegans,"chamaedorea-elegans|spathiphyllum-wallisii|tradescantia",true,low-conf,false,148,
dracaena__01,dracaena,grid2x2,crop_offcenter_zoom,crop,Parlor Palm (Chamaedorea elegans),0.2618,Calathea,0.1866,0.0752,chamaedorea-elegans,"chamaedorea-elegans|goeppertia-orbifolia|zamioculcas-zamiifolia",true,low-conf,false,272,
dracaena__01,dracaena,grid2x2_3x3,crop_offcenter_zoom,crop,Calathea,0.2487,Parlor Palm (Chamaedorea elegans),0.1425,0.1062,goeppertia-orbifolia,"goeppertia-orbifolia|chamaedorea-elegans|aloe-vera",true,low-conf,false,547,
dracaena__01,dracaena,tta6,rotate_+15,rotate,Parlor Palm (Chamaedorea elegans),0.5959,ZZ Plant (Zamioculcas zamiifolia),0.2661,0.3298,chamaedorea-elegans,"chamaedorea-elegans|zamioculcas-zamiifolia|aspidistra-elatior",true,high-conf,true,139,
dracaena__01,dracaena,grid2x2,rotate_+15,rotate,Parlor Palm (Chamaedorea elegans),0.3990,ZZ Plant (Zamioculcas zamiifolia),0.2541,0.1449,chamaedorea-elegans,"chamaedorea-elegans|zamioculcas-zamiifolia|aloe-vera",true,low-conf,false,752,
dracaena__01,dracaena,grid2x2_3x3,rotate_+15,rotate,Parlor Palm (Chamaedorea elegans),0.2538,Aloe Vera,0.1842,0.0696,chamaedorea-elegans,"chamaedorea-elegans|aloe-vera|zamioculcas-zamiifolia",true,low-conf,false,892,
dracaena__01,dracaena,tta6,rotate_-15,rotate,Pothos (Ivy arum),0.3991,Tradescantia,0.2459,0.1532,epipremnum-aureum,"epipremnum-aureum|tradescantia|chamaedorea-elegans",true,low-conf,false,237,
dracaena__01,dracaena,grid2x2,rotate_-15,rotate,Tradescantia,0.3225,Pothos (Ivy arum),0.2406,0.0819,tradescantia,"tradescantia|epipremnum-aureum|zamioculcas-zamiifolia",true,low-conf,false,1008,
dracaena__01,dracaena,grid2x2_3x3,rotate_-15,rotate,Tradescantia,0.1998,ZZ Plant (Zamioculcas zamiifolia),0.1689,0.0309,tradescantia,"tradescantia|zamioculcas-zamiifolia|chamaedorea-elegans",true,low-conf,false,1029,
dracaena__01,dracaena,tta6,rotate_+90,rotate,Aloe Vera,0.7505,Parlor Palm (Chamaedorea elegans),0.1024,0.6481,aloe-vera,"aloe-vera|chamaedorea-elegans|zamioculcas-zamiifolia",true,high-conf,true,264,
dracaena__01,dracaena,grid2x2,rotate_+90,rotate,Aloe Vera,0.5685,ZZ Plant (Zamioculcas zamiifolia),0.1343,0.4343,aloe-vera,"aloe-vera|zamioculcas-zamiifolia|alocasia",true,high-conf,true,445,
dracaena__01,dracaena,grid2x2_3x3,rotate_+90,rotate,Aloe Vera,0.4388,Elephant Ear (Alocasia spp.),0.1849,0.2539,aloe-vera,"aloe-vera|alocasia|zamioculcas-zamiifolia",true,low-conf,false,733,
dracaena__01,dracaena,tta6,rotate_-90,rotate,ZZ Plant (Zamioculcas zamiifolia),0.6991,Parlor Palm (Chamaedorea elegans),0.1589,0.5403,zamioculcas-zamiifolia,"zamioculcas-zamiifolia|chamaedorea-elegans|aloe-vera",true,high-conf,true,261,
dracaena__01,dracaena,grid2x2,rotate_-90,rotate,ZZ Plant (Zamioculcas zamiifolia),0.4242,Parlor Palm (Chamaedorea elegans),0.1928,0.2314,zamioculcas-zamiifolia,"zamioculcas-zamiifolia|chamaedorea-elegans|aloe-vera",true,low-conf,false,430,
dracaena__01,dracaena,grid2x2_3x3,rotate_-90,rotate,ZZ Plant (Zamioculcas zamiifolia),0.3047,Aloe Vera,0.1837,0.1210,zamioculcas-zamiifolia,"zamioculcas-zamiifolia|aloe-vera|chamaedorea-elegans",true,low-conf,false,591,
dracaena__01,dracaena,tta6,bright_up,brightness,Parlor Palm (Chamaedorea elegans),0.6832,Tradescantia,0.3105,0.3727,chamaedorea-elegans,"chamaedorea-elegans|tradescantia|spathiphyllum-wallisii",true,high-conf,true,146,
dracaena__01,dracaena,grid2x2,bright_up,brightness,Parlor Palm (Chamaedorea elegans),0.4532,Tradescantia,0.3593,0.0939,chamaedorea-elegans,"chamaedorea-elegans|tradescantia|pachira-aquatica",true,low-conf,false,346,
dracaena__01,dracaena,grid2x2_3x3,bright_up,brightness,Parlor Palm (Chamaedorea elegans),0.3347,Tradescantia,0.2523,0.0824,chamaedorea-elegans,"chamaedorea-elegans|tradescantia|goeppertia-orbifolia",true,low-conf,false,485,
dracaena__01,dracaena,tta6,bright_down,brightness,Parlor Palm (Chamaedorea elegans),0.7738,Peace lily,0.1394,0.6345,chamaedorea-elegans,"chamaedorea-elegans|spathiphyllum-wallisii|goeppertia-orbifolia",true,high-conf,true,174,
dracaena__01,dracaena,grid2x2,bright_down,brightness,Parlor Palm (Chamaedorea elegans),0.4649,ZZ Plant (Zamioculcas zamiifolia),0.1840,0.2809,chamaedorea-elegans,"chamaedorea-elegans|zamioculcas-zamiifolia|goeppertia-orbifolia",true,low-conf,false,236,
dracaena__01,dracaena,grid2x2_3x3,bright_down,brightness,Calathea,0.2528,Parlor Palm (Chamaedorea elegans),0.2479,0.0049,goeppertia-orbifolia,"goeppertia-orbifolia|chamaedorea-elegans|zamioculcas-zamiifolia",true,low-conf,false,685,
dracaena__01,dracaena,tta6,contrast_up,contrast,Parlor Palm (Chamaedorea elegans),0.9781,Birds Nest Fern (Asplenium nidus),0.0169,0.9612,chamaedorea-elegans,"chamaedorea-elegans|asplenium-nidus|tradescantia",true,high-conf,true,207,
dracaena__01,dracaena,grid2x2,contrast_up,contrast,Parlor Palm (Chamaedorea elegans),0.6354,Calathea,0.1091,0.5263,chamaedorea-elegans,"chamaedorea-elegans|goeppertia-orbifolia|dracaena-trifasciata",true,high-conf,true,309,
dracaena__01,dracaena,grid2x2_3x3,contrast_up,contrast,Parlor Palm (Chamaedorea elegans),0.3382,Calathea,0.2478,0.0904,chamaedorea-elegans,"chamaedorea-elegans|goeppertia-orbifolia|alocasia",true,low-conf,false,609,
dracaena__01,dracaena,tta6,contrast_down,contrast,Parlor Palm (Chamaedorea elegans),0.5523,Lily of the valley (Convallaria majalis),0.3684,0.1839,chamaedorea-elegans,"chamaedorea-elegans|tradescantia|spathiphyllum-wallisii",true,low-conf,false,234,
dracaena__01,dracaena,grid2x2,contrast_down,contrast,Lily of the valley (Convallaria majalis),0.3635,Parlor Palm (Chamaedorea elegans),0.3475,0.0160,chamaedorea-elegans,"chamaedorea-elegans|tradescantia|pachira-aquatica",true,low-conf,false,299,
dracaena__01,dracaena,grid2x2_3x3,contrast_down,contrast,Lily of the valley (Convallaria majalis),0.2412,Parlor Palm (Chamaedorea elegans),0.2356,0.0057,chamaedorea-elegans,"chamaedorea-elegans|goeppertia-orbifolia|tradescantia",true,low-conf,false,509,
dypsis-lutescens__01,dypsis-lutescens,tta6,clean,clean,Areca Palm (Dypsis lutescens),0.4550,Money Tree (Pachira aquatica),0.2592,0.1958,dypsis-lutescens,"dypsis-lutescens|pachira-aquatica|goeppertia-orbifolia",true,low-conf,false,190,
dypsis-lutescens__01,dypsis-lutescens,grid2x2,clean,clean,Areca Palm (Dypsis lutescens),0.4500,Money Tree (Pachira aquatica),0.1555,0.2944,dypsis-lutescens,"dypsis-lutescens|pachira-aquatica|goeppertia-orbifolia",true,low-conf,false,267,
dypsis-lutescens__01,dypsis-lutescens,grid2x2_3x3,clean,clean,Areca Palm (Dypsis lutescens),0.2371,Money Tree (Pachira aquatica),0.1882,0.0489,dypsis-lutescens,"dypsis-lutescens|pachira-aquatica|goeppertia-orbifolia",true,low-conf,false,527,
dypsis-lutescens__01,dypsis-lutescens,tta6,blur,blur,Asparagus Fern (Asparagus setaceus),0.8380,Money Tree (Pachira aquatica),0.0720,0.7660,asparagus-setaceus,"asparagus-setaceus|pachira-aquatica|chamaedorea-elegans",true,high-conf,true,152,
dypsis-lutescens__01,dypsis-lutescens,grid2x2,blur,blur,Asparagus Fern (Asparagus setaceus),0.8021,Parlor Palm (Chamaedorea elegans),0.1215,0.6806,asparagus-setaceus,"asparagus-setaceus|chamaedorea-elegans|pachira-aquatica",true,high-conf,true,323,
dypsis-lutescens__01,dypsis-lutescens,grid2x2_3x3,blur,blur,Asparagus Fern (Asparagus setaceus),0.6605,Calathea,0.1392,0.5214,asparagus-setaceus,"asparagus-setaceus|goeppertia-orbifolia|chamaedorea-elegans",true,high-conf,true,543,
dypsis-lutescens__01,dypsis-lutescens,tta6,crop_center_zoom,crop,Money Tree (Pachira aquatica),0.6504,Monstera Deliciosa (Monstera deliciosa),0.2950,0.3554,pachira-aquatica,"pachira-aquatica|monstera-deliciosa|dypsis-lutescens",true,high-conf,true,162,
dypsis-lutescens__01,dypsis-lutescens,grid2x2,crop_center_zoom,crop,Money Tree (Pachira aquatica),0.5017,Monstera Deliciosa (Monstera deliciosa),0.1771,0.3246,pachira-aquatica,"pachira-aquatica|monstera-deliciosa|dypsis-lutescens",true,high-conf,true,253,
dypsis-lutescens__01,dypsis-lutescens,grid2x2_3x3,crop_center_zoom,crop,Money Tree (Pachira aquatica),0.4276,Calathea,0.2522,0.1754,pachira-aquatica,"pachira-aquatica|goeppertia-orbifolia|monstera-deliciosa",true,low-conf,false,447,
dypsis-lutescens__01,dypsis-lutescens,tta6,crop_offcenter_zoom,crop,Money Tree (Pachira aquatica),0.5213,Monstera Deliciosa (Monstera deliciosa),0.1822,0.3391,pachira-aquatica,"pachira-aquatica|monstera-deliciosa|dypsis-lutescens",true,high-conf,true,130,
dypsis-lutescens__01,dypsis-lutescens,grid2x2,crop_offcenter_zoom,crop,Money Tree (Pachira aquatica),0.4471,Monstera Deliciosa (Monstera deliciosa),0.1271,0.3200,pachira-aquatica,"pachira-aquatica|monstera-deliciosa|alocasia",true,low-conf,false,256,
dypsis-lutescens__01,dypsis-lutescens,grid2x2_3x3,crop_offcenter_zoom,crop,Money Tree (Pachira aquatica),0.3190,Calathea,0.1678,0.1511,pachira-aquatica,"pachira-aquatica|goeppertia-orbifolia|alocasia",true,low-conf,false,605,
dypsis-lutescens__01,dypsis-lutescens,tta6,rotate_+15,rotate,Areca Palm (Dypsis lutescens),0.5670,Money Tree (Pachira aquatica),0.3039,0.2631,dypsis-lutescens,"dypsis-lutescens|pachira-aquatica|dracaena",true,low-conf,false,144,
dypsis-lutescens__01,dypsis-lutescens,grid2x2,rotate_+15,rotate,Areca Palm (Dypsis lutescens),0.4969,Money Tree (Pachira aquatica),0.1824,0.3145,dypsis-lutescens,"dypsis-lutescens|pachira-aquatica|goeppertia-orbifolia",true,high-conf,false,300,
dypsis-lutescens__01,dypsis-lutescens,grid2x2_3x3,rotate_+15,rotate,Areca Palm (Dypsis lutescens),0.2833,Money Tree (Pachira aquatica),0.2052,0.0782,dypsis-lutescens,"dypsis-lutescens|pachira-aquatica|goeppertia-orbifolia",true,low-conf,false,778,
dypsis-lutescens__01,dypsis-lutescens,tta6,rotate_-15,rotate,Areca Palm (Dypsis lutescens),0.3031,Calathea,0.2433,0.0598,dypsis-lutescens,"dypsis-lutescens|goeppertia-orbifolia|maranta-leuconeura",true,low-conf,false,246,
dypsis-lutescens__01,dypsis-lutescens,grid2x2,rotate_-15,rotate,Areca Palm (Dypsis lutescens),0.2807,Calathea,0.2480,0.0328,dypsis-lutescens,"dypsis-lutescens|goeppertia-orbifolia|monstera-deliciosa",true,low-conf,false,554,
dypsis-lutescens__01,dypsis-lutescens,grid2x2_3x3,rotate_-15,rotate,Calathea,0.1998,Snake plant (Sanseviera),0.1691,0.0307,goeppertia-orbifolia,"goeppertia-orbifolia|dracaena-trifasciata|dypsis-lutescens",true,low-conf,false,869,
dypsis-lutescens__01,dypsis-lutescens,tta6,rotate_+90,rotate,Areca Palm (Dypsis lutescens),0.7567,Dracaena,0.2241,0.5325,dypsis-lutescens,"dypsis-lutescens|dracaena|pachira-aquatica",true,high-conf,false,271,
dypsis-lutescens__01,dypsis-lutescens,grid2x2,rotate_+90,rotate,Areca Palm (Dypsis lutescens),0.5603,Dracaena,0.3075,0.2528,dypsis-lutescens,"dypsis-lutescens|dracaena|ctenanthe",true,low-conf,false,502,
dypsis-lutescens__01,dypsis-lutescens,grid2x2_3x3,rotate_+90,rotate,Areca Palm (Dypsis lutescens),0.3169,Dracaena,0.1622,0.1547,dypsis-lutescens,"dypsis-lutescens|dracaena|ctenanthe",true,low-conf,false,831,
dypsis-lutescens__01,dypsis-lutescens,tta6,rotate_-90,rotate,Areca Palm (Dypsis lutescens),0.6298,Monstera Deliciosa (Monstera deliciosa),0.1175,0.5123,dypsis-lutescens,"dypsis-lutescens|monstera-deliciosa|asplenium-nidus",true,high-conf,false,251,
dypsis-lutescens__01,dypsis-lutescens,grid2x2,rotate_-90,rotate,Areca Palm (Dypsis lutescens),0.5562,Chinese evergreen (Aglaonema),0.1085,0.4477,dypsis-lutescens,"dypsis-lutescens|aglaonema|chamaedorea-elegans",true,high-conf,false,372,
dypsis-lutescens__01,dypsis-lutescens,grid2x2_3x3,rotate_-90,rotate,Areca Palm (Dypsis lutescens),0.3477,Peace lily,0.1153,0.2324,dypsis-lutescens,"dypsis-lutescens|spathiphyllum-wallisii|aglaonema",true,low-conf,false,744,
dypsis-lutescens__01,dypsis-lutescens,tta6,bright_up,brightness,Areca Palm (Dypsis lutescens),0.4042,Money Tree (Pachira aquatica),0.2494,0.1548,dypsis-lutescens,"dypsis-lutescens|pachira-aquatica|monstera-deliciosa",true,low-conf,false,217,
dypsis-lutescens__01,dypsis-lutescens,grid2x2,bright_up,brightness,Areca Palm (Dypsis lutescens),0.3612,Ponytail Palm (Beaucarnea recurvata),0.1772,0.1840,dypsis-lutescens,"dypsis-lutescens|beaucarnea-recurvata|pachira-aquatica",true,low-conf,false,466,
dypsis-lutescens__01,dypsis-lutescens,grid2x2_3x3,bright_up,brightness,Money Tree (Pachira aquatica),0.2130,Areca Palm (Dypsis lutescens),0.1902,0.0228,pachira-aquatica,"pachira-aquatica|dypsis-lutescens|beaucarnea-recurvata",true,low-conf,false,782,
dypsis-lutescens__01,dypsis-lutescens,tta6,bright_down,brightness,Monstera Deliciosa (Monstera deliciosa),0.5189,Calathea,0.3596,0.1593,monstera-deliciosa,"monstera-deliciosa|goeppertia-orbifolia|pachira-aquatica",true,low-conf,false,297,
dypsis-lutescens__01,dypsis-lutescens,grid2x2,bright_down,brightness,Monstera Deliciosa (Monstera deliciosa),0.3147,Calathea,0.2172,0.0975,monstera-deliciosa,"monstera-deliciosa|goeppertia-orbifolia|dypsis-lutescens",true,low-conf,false,389,
dypsis-lutescens__01,dypsis-lutescens,grid2x2_3x3,bright_down,brightness,Monstera Deliciosa (Monstera deliciosa),0.1907,Calathea,0.1754,0.0153,monstera-deliciosa,"monstera-deliciosa|goeppertia-orbifolia|pachira-aquatica",true,low-conf,false,1052,
dypsis-lutescens__01,dypsis-lutescens,tta6,contrast_up,contrast,Dracaena,0.3147,Calathea,0.3059,0.0088,dracaena,"dracaena|goeppertia-orbifolia|pachira-aquatica",true,low-conf,false,227,
dypsis-lutescens__01,dypsis-lutescens,grid2x2,contrast_up,contrast,Dracaena,0.1888,Calathea,0.1836,0.0052,dracaena,"dracaena|goeppertia-orbifolia|pachira-aquatica",true,low-conf,false,441,
dypsis-lutescens__01,dypsis-lutescens,grid2x2_3x3,contrast_up,contrast,Money Tree (Pachira aquatica),0.2208,Calathea,0.1811,0.0397,pachira-aquatica,"pachira-aquatica|goeppertia-orbifolia|asparagus-setaceus",true,low-conf,false,1025,
dypsis-lutescens__01,dypsis-lutescens,tta6,contrast_down,contrast,Monstera Deliciosa (Monstera deliciosa),0.4103,Areca Palm (Dypsis lutescens),0.3042,0.1061,monstera-deliciosa,"monstera-deliciosa|dypsis-lutescens|pachira-aquatica",true,low-conf,false,231,
dypsis-lutescens__01,dypsis-lutescens,grid2x2,contrast_down,contrast,Areca Palm (Dypsis lutescens),0.3452,Monstera Deliciosa (Monstera deliciosa),0.2690,0.0762,dypsis-lutescens,"dypsis-lutescens|monstera-deliciosa|pachira-aquatica",true,low-conf,false,350,
dypsis-lutescens__01,dypsis-lutescens,grid2x2_3x3,contrast_down,contrast,Areca Palm (Dypsis lutescens),0.2339,Monstera Deliciosa (Monstera deliciosa),0.1847,0.0492,dypsis-lutescens,"dypsis-lutescens|monstera-deliciosa|pachira-aquatica",true,low-conf,false,834,
epipremnum-aureum,epipremnum-aureum,tta6,clean,clean,Chinese Money Plant (Pilea peperomioides),0.6566,Anthurium (Anthurium andraeanum),0.1676,0.4890,pilea-peperomioides,"pilea-peperomioides|anthurium-andraeanum|dieffenbachia",true,low-conf,false,207,
epipremnum-aureum,epipremnum-aureum,grid2x2,clean,clean,Chinese Money Plant (Pilea peperomioides),0.4964,Dumb Cane (Dieffenbachia spp.),0.1047,0.3916,pilea-peperomioides,"pilea-peperomioides|dieffenbachia|anthurium-andraeanum",true,low-conf,false,314,
epipremnum-aureum,epipremnum-aureum,grid2x2_3x3,clean,clean,Chinese Money Plant (Pilea peperomioides),0.3253,Snake plant (Sanseviera),0.1337,0.1916,pilea-peperomioides,"pilea-peperomioides|dracaena-trifasciata|hedera-helix",true,low-conf,false,662,
epipremnum-aureum,epipremnum-aureum,tta6,blur,blur,Chinese Money Plant (Pilea peperomioides),0.8656,Prayer Plant (Maranta leuconeura),0.0319,0.8337,pilea-peperomioides,"pilea-peperomioides|maranta-leuconeura|ctenanthe",true,low-conf,false,207,
epipremnum-aureum,epipremnum-aureum,grid2x2,blur,blur,Chinese Money Plant (Pilea peperomioides),0.6343,Rubber Plant (Ficus elastica),0.0982,0.5361,pilea-peperomioides,"pilea-peperomioides|ficus-elastica|dracaena-trifasciata",true,low-conf,false,259,
epipremnum-aureum,epipremnum-aureum,grid2x2_3x3,blur,blur,Chinese Money Plant (Pilea peperomioides),0.5190,Snake plant (Sanseviera),0.1388,0.3802,pilea-peperomioides,"pilea-peperomioides|dracaena-trifasciata|chamaedorea-elegans",true,low-conf,false,709,
epipremnum-aureum,epipremnum-aureum,tta6,crop_center_zoom,crop,Chinese Money Plant (Pilea peperomioides),0.4106,Pothos (Ivy arum),0.3063,0.1043,pilea-peperomioides,"pilea-peperomioides|epipremnum-aureum|crassula-ovata",true,low-conf,false,175,
epipremnum-aureum,epipremnum-aureum,grid2x2,crop_center_zoom,crop,Chinese Money Plant (Pilea peperomioides),0.3804,Pothos (Ivy arum),0.1839,0.1965,pilea-peperomioides,"pilea-peperomioides|epipremnum-aureum|crassula-ovata",true,low-conf,false,321,
epipremnum-aureum,epipremnum-aureum,grid2x2_3x3,crop_center_zoom,crop,Chinese Money Plant (Pilea peperomioides),0.2270,Snake plant (Sanseviera),0.1384,0.0886,pilea-peperomioides,"pilea-peperomioides|dracaena-trifasciata|crassula-ovata",true,low-conf,false,500,
epipremnum-aureum,epipremnum-aureum,tta6,crop_offcenter_zoom,crop,ZZ Plant (Zamioculcas zamiifolia),0.3372,Monstera Deliciosa (Monstera deliciosa),0.3296,0.0076,zamioculcas-zamiifolia,"zamioculcas-zamiifolia|monstera-deliciosa|ctenanthe",true,low-conf,false,258,
epipremnum-aureum,epipremnum-aureum,grid2x2,crop_offcenter_zoom,crop,Monstera Deliciosa (Monstera deliciosa),0.2989,ZZ Plant (Zamioculcas zamiifolia),0.2026,0.0963,monstera-deliciosa,"monstera-deliciosa|zamioculcas-zamiifolia|ctenanthe",true,low-conf,false,250,
epipremnum-aureum,epipremnum-aureum,grid2x2_3x3,crop_offcenter_zoom,crop,Snake plant (Sanseviera),0.2380,Monstera Deliciosa (Monstera deliciosa),0.1684,0.0696,dracaena-trifasciata,"dracaena-trifasciata|monstera-deliciosa|zamioculcas-zamiifolia",true,low-conf,false,603,
epipremnum-aureum,epipremnum-aureum,tta6,rotate_+15,rotate,Pothos (Ivy arum),0.4266,Tradescantia,0.2468,0.1797,epipremnum-aureum,"epipremnum-aureum|tradescantia|pilea-peperomioides",true,low-conf,false,249,
epipremnum-aureum,epipremnum-aureum,grid2x2,rotate_+15,rotate,Pothos (Ivy arum),0.2581,Tradescantia,0.1481,0.1100,epipremnum-aureum,"epipremnum-aureum|tradescantia|pilea-peperomioides",true,low-conf,false,410,
epipremnum-aureum,epipremnum-aureum,grid2x2_3x3,rotate_+15,rotate,Pothos (Ivy arum),0.1359,Chinese Money Plant (Pilea peperomioides),0.1288,0.0071,epipremnum-aureum,"epipremnum-aureum|pilea-peperomioides|tradescantia",true,low-conf,false,556,
epipremnum-aureum,epipremnum-aureum,tta6,rotate_-15,rotate,English Ivy (Hedera helix),0.4367,Chinese Money Plant (Pilea peperomioides),0.1732,0.2636,hedera-helix,"hedera-helix|pilea-peperomioides|epipremnum-aureum",true,low-conf,false,163,
epipremnum-aureum,epipremnum-aureum,grid2x2,rotate_-15,rotate,English Ivy (Hedera helix),0.2620,Chinese Money Plant (Pilea peperomioides),0.2035,0.0586,hedera-helix,"hedera-helix|pilea-peperomioides|dracaena-trifasciata",true,low-conf,false,243,
epipremnum-aureum,epipremnum-aureum,grid2x2_3x3,rotate_-15,rotate,Snake plant (Sanseviera),0.1668,English Ivy (Hedera helix),0.1379,0.0289,dracaena-trifasciata,"dracaena-trifasciata|hedera-helix|pilea-peperomioides",true,low-conf,false,666,
epipremnum-aureum,epipremnum-aureum,tta6,rotate_+90,rotate,Anthurium (Anthurium andraeanum),0.4353,Monstera Deliciosa (Monstera deliciosa),0.3534,0.0819,anthurium-andraeanum,"anthurium-andraeanum|monstera-deliciosa|strelitzia-reginae",true,low-conf,false,147,
epipremnum-aureum,epipremnum-aureum,grid2x2,rotate_+90,rotate,Anthurium (Anthurium andraeanum),0.4485,Monstera Deliciosa (Monstera deliciosa),0.2125,0.2360,anthurium-andraeanum,"anthurium-andraeanum|monstera-deliciosa|crassula-ovata",true,low-conf,false,281,
epipremnum-aureum,epipremnum-aureum,grid2x2_3x3,rotate_+90,rotate,Anthurium (Anthurium andraeanum),0.3505,Snake plant (Sanseviera),0.1554,0.1951,anthurium-andraeanum,"anthurium-andraeanum|dracaena-trifasciata|monstera-deliciosa",true,low-conf,false,517,
epipremnum-aureum,epipremnum-aureum,tta6,rotate_-90,rotate,Pothos (Ivy arum),0.6528,Monstera Deliciosa (Monstera deliciosa),0.3376,0.3151,epipremnum-aureum,"epipremnum-aureum|monstera-deliciosa|anthurium-andraeanum",true,high-conf,false,199,
epipremnum-aureum,epipremnum-aureum,grid2x2,rotate_-90,rotate,Pothos (Ivy arum),0.4724,Monstera Deliciosa (Monstera deliciosa),0.2116,0.2607,epipremnum-aureum,"epipremnum-aureum|monstera-deliciosa|ctenanthe",true,low-conf,false,223,
epipremnum-aureum,epipremnum-aureum,grid2x2_3x3,rotate_-90,rotate,Pothos (Ivy arum),0.2487,Snake plant (Sanseviera),0.1518,0.0969,epipremnum-aureum,"epipremnum-aureum|dracaena-trifasciata|monstera-deliciosa",true,low-conf,false,566,
epipremnum-aureum,epipremnum-aureum,tta6,bright_up,brightness,Chinese Money Plant (Pilea peperomioides),0.5445,Dumb Cane (Dieffenbachia spp.),0.2064,0.3381,pilea-peperomioides,"pilea-peperomioides|dieffenbachia|anthurium-andraeanum",true,low-conf,false,149,
epipremnum-aureum,epipremnum-aureum,grid2x2,bright_up,brightness,Chinese Money Plant (Pilea peperomioides),0.4307,Dumb Cane (Dieffenbachia spp.),0.1295,0.3012,pilea-peperomioides,"pilea-peperomioides|dieffenbachia|anthurium-andraeanum",true,low-conf,false,232,
epipremnum-aureum,epipremnum-aureum,grid2x2_3x3,bright_up,brightness,Chinese Money Plant (Pilea peperomioides),0.2637,English Ivy (Hedera helix),0.0900,0.1737,pilea-peperomioides,"pilea-peperomioides|hedera-helix|dieffenbachia",true,low-conf,false,654,
epipremnum-aureum,epipremnum-aureum,tta6,bright_down,brightness,Chinese Money Plant (Pilea peperomioides),0.6481,Jade plant (Crassula ovata),0.0541,0.5941,pilea-peperomioides,"pilea-peperomioides|crassula-ovata|hedera-helix",true,low-conf,false,147,
epipremnum-aureum,epipremnum-aureum,grid2x2,bright_down,brightness,Chinese Money Plant (Pilea peperomioides),0.5089,Ctenanthe,0.1229,0.3860,pilea-peperomioides,"pilea-peperomioides|ctenanthe|chamaedorea-elegans",true,low-conf,false,254,
epipremnum-aureum,epipremnum-aureum,grid2x2_3x3,bright_down,brightness,Chinese Money Plant (Pilea peperomioides),0.3300,Yucca,0.1407,0.1893,pilea-peperomioides,"pilea-peperomioides|yucca|ctenanthe",true,low-conf,false,580,
epipremnum-aureum,epipremnum-aureum,tta6,contrast_up,contrast,Chinese Money Plant (Pilea peperomioides),0.3323,Prayer Plant (Maranta leuconeura),0.2737,0.0586,pilea-peperomioides,"pilea-peperomioides|maranta-leuconeura|ficus-elastica",true,low-conf,false,170,
epipremnum-aureum,epipremnum-aureum,grid2x2,contrast_up,contrast,Chinese Money Plant (Pilea peperomioides),0.2179,Prayer Plant (Maranta leuconeura),0.1785,0.0394,pilea-peperomioides,"pilea-peperomioides|maranta-leuconeura|monstera-deliciosa",true,low-conf,false,323,
epipremnum-aureum,epipremnum-aureum,grid2x2_3x3,contrast_up,contrast,Chinese Money Plant (Pilea peperomioides),0.1904,Prayer Plant (Maranta leuconeura),0.1619,0.0285,pilea-peperomioides,"pilea-peperomioides|maranta-leuconeura|chamaedorea-elegans",true,low-conf,false,641,
epipremnum-aureum,epipremnum-aureum,tta6,contrast_down,contrast,Chinese Money Plant (Pilea peperomioides),0.5563,Anthurium (Anthurium andraeanum),0.2068,0.3495,pilea-peperomioides,"pilea-peperomioides|anthurium-andraeanum|dieffenbachia",true,low-conf,false,171,
epipremnum-aureum,epipremnum-aureum,grid2x2,contrast_down,contrast,Chinese Money Plant (Pilea peperomioides),0.3788,Anthurium (Anthurium andraeanum),0.1244,0.2545,pilea-peperomioides,"pilea-peperomioides|anthurium-andraeanum|hedera-helix",true,low-conf,false,241,
epipremnum-aureum,epipremnum-aureum,grid2x2_3x3,contrast_down,contrast,Chinese Money Plant (Pilea peperomioides),0.2539,Daffodils (Narcissus spp.),0.1143,0.1395,pilea-peperomioides,"pilea-peperomioides|anthurium-andraeanum|ctenanthe",true,low-conf,false,661,
epipremnum-aureum__01,epipremnum-aureum,tta6,clean,clean,Pothos (Ivy arum),0.4106,ZZ Plant (Zamioculcas zamiifolia),0.2559,0.1546,epipremnum-aureum,"epipremnum-aureum|zamioculcas-zamiifolia|ficus-elastica",true,low-conf,false,177,
epipremnum-aureum__01,epipremnum-aureum,grid2x2,clean,clean,Pothos (Ivy arum),0.3588,ZZ Plant (Zamioculcas zamiifolia),0.1558,0.2030,epipremnum-aureum,"epipremnum-aureum|zamioculcas-zamiifolia|ficus-elastica",true,low-conf,false,364,
epipremnum-aureum__01,epipremnum-aureum,grid2x2_3x3,clean,clean,Money Tree (Pachira aquatica),0.2431,Pothos (Ivy arum),0.1940,0.0491,pachira-aquatica,"pachira-aquatica|epipremnum-aureum|zamioculcas-zamiifolia",true,low-conf,false,753,
epipremnum-aureum__01,epipremnum-aureum,tta6,blur,blur,English Ivy (Hedera helix),0.9992,Money Tree (Pachira aquatica),0.0003,0.9989,hedera-helix,"hedera-helix|pachira-aquatica|zamioculcas-zamiifolia",true,high-conf,true,147,
epipremnum-aureum__01,epipremnum-aureum,grid2x2,blur,blur,English Ivy (Hedera helix),0.8083,Daffodils (Narcissus spp.),0.0893,0.7189,hedera-helix,"hedera-helix|pachira-aquatica|euphorbia-pulcherrima",true,high-conf,true,273,
epipremnum-aureum__01,epipremnum-aureum,grid2x2_3x3,blur,blur,English Ivy (Hedera helix),0.6588,Money Tree (Pachira aquatica),0.2122,0.4466,hedera-helix,"hedera-helix|pachira-aquatica|euphorbia-pulcherrima",true,high-conf,true,522,
epipremnum-aureum__01,epipremnum-aureum,tta6,crop_center_zoom,crop,Pothos (Ivy arum),0.5073,Rubber Plant (Ficus elastica),0.1918,0.3154,epipremnum-aureum,"epipremnum-aureum|ficus-elastica|pachira-aquatica",true,high-conf,false,145,
epipremnum-aureum__01,epipremnum-aureum,grid2x2,crop_center_zoom,crop,Pothos (Ivy arum),0.4869,Rubber Plant (Ficus elastica),0.1437,0.3432,epipremnum-aureum,"epipremnum-aureum|ficus-elastica|pachira-aquatica",true,high-conf,false,310,
epipremnum-aureum__01,epipremnum-aureum,grid2x2_3x3,crop_center_zoom,crop,Pothos (Ivy arum),0.3019,Money Tree (Pachira aquatica),0.1366,0.1653,epipremnum-aureum,"epipremnum-aureum|pachira-aquatica|ficus-elastica",true,low-conf,false,544,
epipremnum-aureum__01,epipremnum-aureum,tta6,crop_offcenter_zoom,crop,Pothos (Ivy arum),0.3438,Peace lily,0.3145,0.0292,epipremnum-aureum,"epipremnum-aureum|spathiphyllum-wallisii|schefflera",true,low-conf,false,188,
epipremnum-aureum__01,epipremnum-aureum,grid2x2,crop_offcenter_zoom,crop,Pothos (Ivy arum),0.2870,Peace lily,0.2068,0.0802,epipremnum-aureum,"epipremnum-aureum|spathiphyllum-wallisii|schefflera",true,low-conf,false,205,
epipremnum-aureum__01,epipremnum-aureum,grid2x2_3x3,crop_offcenter_zoom,crop,Money Tree (Pachira aquatica),0.2522,Pothos (Ivy arum),0.1527,0.0994,pachira-aquatica,"pachira-aquatica|epipremnum-aureum|spathiphyllum-wallisii",true,low-conf,false,488,
epipremnum-aureum__01,epipremnum-aureum,tta6,rotate_+15,rotate,Pothos (Ivy arum),0.9803,Schefflera,0.0147,0.9655,epipremnum-aureum,"epipremnum-aureum|schefflera|pachira-aquatica",true,high-conf,false,177,
epipremnum-aureum__01,epipremnum-aureum,grid2x2,rotate_+15,rotate,Pothos (Ivy arum),0.8349,Money Tree (Pachira aquatica),0.1012,0.7336,epipremnum-aureum,"epipremnum-aureum|pachira-aquatica|schefflera",true,high-conf,false,249,
epipremnum-aureum__01,epipremnum-aureum,grid2x2_3x3,rotate_+15,rotate,Pothos (Ivy arum),0.5293,Money Tree (Pachira aquatica),0.2048,0.3245,epipremnum-aureum,"epipremnum-aureum|pachira-aquatica|dracaena-trifasciata",true,high-conf,false,530,
epipremnum-aureum__01,epipremnum-aureum,tta6,rotate_-15,rotate,Pothos (Ivy arum),0.9954,Schefflera,0.0041,0.9913,epipremnum-aureum,"epipremnum-aureum|schefflera|ficus-elastica",true,high-conf,false,130,
epipremnum-aureum__01,epipremnum-aureum,grid2x2,rotate_-15,rotate,Pothos (Ivy arum),0.7939,Daffodils (Narcissus spp.),0.0967,0.6971,epipremnum-aureum,"epipremnum-aureum|zamioculcas-zamiifolia|tradescantia",true,high-conf,false,314,
epipremnum-aureum__01,epipremnum-aureum,grid2x2_3x3,rotate_-15,rotate,Pothos (Ivy arum),0.4197,Money Tree (Pachira aquatica),0.2172,0.2024,epipremnum-aureum,"epipremnum-aureum|pachira-aquatica|zamioculcas-zamiifolia",true,low-conf,false,459,
epipremnum-aureum__01,epipremnum-aureum,tta6,rotate_+90,rotate,Pothos (Ivy arum),0.2574,Schefflera,0.2151,0.0423,epipremnum-aureum,"epipremnum-aureum|schefflera|ficus-elastica",true,low-conf,false,172,
epipremnum-aureum__01,epipremnum-aureum,grid2x2,rotate_+90,rotate,Pothos (Ivy arum),0.2484,Daffodils (Narcissus spp.),0.1957,0.0527,epipremnum-aureum,"epipremnum-aureum|ficus-elastica|schefflera",true,low-conf,false,263,
epipremnum-aureum__01,epipremnum-aureum,grid2x2_3x3,rotate_+90,rotate,Daffodils (Narcissus spp.),0.2170,Pothos (Ivy arum),0.1382,0.0788,epipremnum-aureum,"epipremnum-aureum|pachira-aquatica|ficus-elastica",true,low-conf,false,498,
epipremnum-aureum__01,epipremnum-aureum,tta6,rotate_-90,rotate,Pothos (Ivy arum),0.6093,Birds Nest Fern (Asplenium nidus),0.1338,0.4755,epipremnum-aureum,"epipremnum-aureum|asplenium-nidus|zamioculcas-zamiifolia",true,high-conf,false,154,
epipremnum-aureum__01,epipremnum-aureum,grid2x2,rotate_-90,rotate,Pothos (Ivy arum),0.4654,Daffodils (Narcissus spp.),0.2000,0.2654,epipremnum-aureum,"epipremnum-aureum|pachira-aquatica|asplenium-nidus",true,low-conf,false,223,
epipremnum-aureum__01,epipremnum-aureum,grid2x2_3x3,rotate_-90,rotate,Pothos (Ivy arum),0.2981,Daffodils (Narcissus spp.),0.2155,0.0826,epipremnum-aureum,"epipremnum-aureum|pachira-aquatica|strelitzia-reginae",true,low-conf,false,511,
epipremnum-aureum__01,epipremnum-aureum,tta6,bright_up,brightness,Daffodils (Narcissus spp.),0.4475,Money Tree (Pachira aquatica),0.2057,0.2419,pachira-aquatica,"pachira-aquatica|epipremnum-aureum|ficus-elastica",true,low-conf,false,196,
epipremnum-aureum__01,epipremnum-aureum,grid2x2,bright_up,brightness,Daffodils (Narcissus spp.),0.4659,Money Tree (Pachira aquatica),0.1795,0.2865,pachira-aquatica,"pachira-aquatica|ficus-elastica|epipremnum-aureum",true,low-conf,false,275,
epipremnum-aureum__01,epipremnum-aureum,grid2x2_3x3,bright_up,brightness,Daffodils (Narcissus spp.),0.3911,Money Tree (Pachira aquatica),0.2026,0.1885,pachira-aquatica,"pachira-aquatica|epipremnum-aureum|ficus-elastica",true,low-conf,false,606,
epipremnum-aureum__01,epipremnum-aureum,tta6,bright_down,brightness,Rubber Plant (Ficus elastica),0.7265,Pothos (Ivy arum),0.1341,0.5923,ficus-elastica,"ficus-elastica|epipremnum-aureum|pachira-aquatica",true,high-conf,true,150,
epipremnum-aureum__01,epipremnum-aureum,grid2x2,bright_down,brightness,Rubber Plant (Ficus elastica),0.5372,Pothos (Ivy arum),0.1835,0.3538,ficus-elastica,"ficus-elastica|epipremnum-aureum|pachira-aquatica",true,high-conf,true,340,
epipremnum-aureum__01,epipremnum-aureum,grid2x2_3x3,bright_down,brightness,Rubber Plant (Ficus elastica),0.2852,Money Tree (Pachira aquatica),0.2158,0.0694,ficus-elastica,"ficus-elastica|pachira-aquatica|zamioculcas-zamiifolia",true,low-conf,false,797,
epipremnum-aureum__01,epipremnum-aureum,tta6,contrast_up,contrast,ZZ Plant (Zamioculcas zamiifolia),0.3041,Daffodils (Narcissus spp.),0.2697,0.0344,zamioculcas-zamiifolia,"zamioculcas-zamiifolia|pachira-aquatica|monstera-deliciosa",true,low-conf,false,261,
epipremnum-aureum__01,epipremnum-aureum,grid2x2,contrast_up,contrast,Daffodils (Narcissus spp.),0.2619,ZZ Plant (Zamioculcas zamiifolia),0.2020,0.0599,zamioculcas-zamiifolia,"zamioculcas-zamiifolia|epipremnum-aureum|pachira-aquatica",true,low-conf,false,437,
epipremnum-aureum__01,epipremnum-aureum,grid2x2_3x3,contrast_up,contrast,ZZ Plant (Zamioculcas zamiifolia),0.2360,Money Tree (Pachira aquatica),0.2287,0.0073,zamioculcas-zamiifolia,"zamioculcas-zamiifolia|pachira-aquatica|epipremnum-aureum",true,low-conf,false,855,
epipremnum-aureum__01,epipremnum-aureum,tta6,contrast_down,contrast,Pothos (Ivy arum),0.5807,Rubber Plant (Ficus elastica),0.3683,0.2124,epipremnum-aureum,"epipremnum-aureum|ficus-elastica|schefflera",true,low-conf,false,197,
epipremnum-aureum__01,epipremnum-aureum,grid2x2,contrast_down,contrast,Pothos (Ivy arum),0.4927,Rubber Plant (Ficus elastica),0.3209,0.1718,epipremnum-aureum,"epipremnum-aureum|ficus-elastica|pachira-aquatica",true,low-conf,false,323,
epipremnum-aureum__01,epipremnum-aureum,grid2x2_3x3,contrast_down,contrast,Pothos (Ivy arum),0.3600,Rubber Plant (Ficus elastica),0.1938,0.1662,epipremnum-aureum,"epipremnum-aureum|ficus-elastica|pachira-aquatica",true,low-conf,false,496,
epipremnum-aureum__02,epipremnum-aureum,tta6,clean,clean,Pothos (Ivy arum),0.3074,Monstera Deliciosa (Monstera deliciosa),0.2605,0.0469,epipremnum-aureum,"epipremnum-aureum|monstera-deliciosa|ctenanthe",true,low-conf,false,214,
epipremnum-aureum__02,epipremnum-aureum,grid2x2,clean,clean,Ctenanthe,0.3156,Pothos (Ivy arum),0.1857,0.1299,ctenanthe,"ctenanthe|epipremnum-aureum|monstera-deliciosa",true,low-conf,false,224,
epipremnum-aureum__02,epipremnum-aureum,grid2x2_3x3,clean,clean,Ctenanthe,0.2778,Anthurium (Anthurium andraeanum),0.2108,0.0670,ctenanthe,"ctenanthe|anthurium-andraeanum|alocasia",true,low-conf,false,442,
epipremnum-aureum__02,epipremnum-aureum,tta6,blur,blur,Pothos (Ivy arum),0.6056,Elephant Ear (Alocasia spp.),0.2339,0.3717,epipremnum-aureum,"epipremnum-aureum|alocasia|pachira-aquatica",true,high-conf,false,195,
epipremnum-aureum__02,epipremnum-aureum,grid2x2,blur,blur,Pothos (Ivy arum),0.5439,Elephant Ear (Alocasia spp.),0.2448,0.2992,epipremnum-aureum,"epipremnum-aureum|alocasia|asparagus-setaceus",true,low-conf,false,238,
epipremnum-aureum__02,epipremnum-aureum,grid2x2_3x3,blur,blur,Pothos (Ivy arum),0.3965,Elephant Ear (Alocasia spp.),0.1290,0.2675,epipremnum-aureum,"epipremnum-aureum|alocasia|hedera-helix",true,low-conf,false,442,
epipremnum-aureum__02,epipremnum-aureum,tta6,crop_center_zoom,crop,Elephant Ear (Alocasia spp.),0.2822,Ctenanthe,0.2763,0.0058,alocasia,"alocasia|ctenanthe|anthurium-andraeanum",true,low-conf,false,156,
epipremnum-aureum__02,epipremnum-aureum,grid2x2,crop_center_zoom,crop,Elephant Ear (Alocasia spp.),0.3397,Ctenanthe,0.2704,0.0692,alocasia,"alocasia|ctenanthe|anthurium-andraeanum",true,low-conf,false,301,
epipremnum-aureum__02,epipremnum-aureum,grid2x2_3x3,crop_center_zoom,crop,Elephant Ear (Alocasia spp.),0.4603,Anthurium (Anthurium andraeanum),0.2346,0.2257,alocasia,"alocasia|anthurium-andraeanum|ctenanthe",true,low-conf,false,506,
epipremnum-aureum__02,epipremnum-aureum,tta6,crop_offcenter_zoom,crop,Elephant Ear (Alocasia spp.),0.8077,Pothos (Ivy arum),0.1754,0.6323,alocasia,"alocasia|epipremnum-aureum|anthurium-andraeanum",true,high-conf,true,126,
epipremnum-aureum__02,epipremnum-aureum,grid2x2,crop_offcenter_zoom,crop,Elephant Ear (Alocasia spp.),0.6885,Pothos (Ivy arum),0.1399,0.5486,alocasia,"alocasia|epipremnum-aureum|anthurium-andraeanum",true,high-conf,true,264,
epipremnum-aureum__02,epipremnum-aureum,grid2x2_3x3,crop_offcenter_zoom,crop,Elephant Ear (Alocasia spp.),0.4661,Money Tree (Pachira aquatica),0.1081,0.3579,alocasia,"alocasia|pachira-aquatica|anthurium-andraeanum",true,high-conf,true,730,
epipremnum-aureum__02,epipremnum-aureum,tta6,rotate_+15,rotate,Elephant Ear (Alocasia spp.),0.4303,Pothos (Ivy arum),0.3385,0.0918,alocasia,"alocasia|epipremnum-aureum|anthurium-andraeanum",true,low-conf,false,232,
epipremnum-aureum__02,epipremnum-aureum,grid2x2,rotate_+15,rotate,Elephant Ear (Alocasia spp.),0.4001,Pothos (Ivy arum),0.3014,0.0987,alocasia,"alocasia|epipremnum-aureum|anthurium-andraeanum",true,low-conf,false,306,
epipremnum-aureum__02,epipremnum-aureum,grid2x2_3x3,rotate_+15,rotate,Elephant Ear (Alocasia spp.),0.3564,Pothos (Ivy arum),0.1654,0.1910,alocasia,"alocasia|epipremnum-aureum|anthurium-andraeanum",true,low-conf,false,591,
epipremnum-aureum__02,epipremnum-aureum,tta6,rotate_-15,rotate,Elephant Ear (Alocasia spp.),0.5083,Anthurium (Anthurium andraeanum),0.2755,0.2328,alocasia,"alocasia|anthurium-andraeanum|epipremnum-aureum",true,low-conf,false,196,
epipremnum-aureum__02,epipremnum-aureum,grid2x2,rotate_-15,rotate,Elephant Ear (Alocasia spp.),0.5060,Anthurium (Anthurium andraeanum),0.1657,0.3403,alocasia,"alocasia|anthurium-andraeanum|epipremnum-aureum",true,high-conf,true,227,
epipremnum-aureum__02,epipremnum-aureum,grid2x2_3x3,rotate_-15,rotate,Elephant Ear (Alocasia spp.),0.4160,Calathea,0.1960,0.2200,alocasia,"alocasia|goeppertia-orbifolia|anthurium-andraeanum",true,low-conf,false,825,
epipremnum-aureum__02,epipremnum-aureum,tta6,rotate_+90,rotate,Elephant Ear (Alocasia spp.),0.9996,Birds Nest Fern (Asplenium nidus),0.0002,0.9993,alocasia,"alocasia|asplenium-nidus|aglaonema",true,high-conf,true,140,
epipremnum-aureum__02,epipremnum-aureum,grid2x2,rotate_+90,rotate,Elephant Ear (Alocasia spp.),0.9064,Dumb Cane (Dieffenbachia spp.),0.0366,0.8698,alocasia,"alocasia|dieffenbachia|epipremnum-aureum",true,high-conf,true,170,
epipremnum-aureum__02,epipremnum-aureum,grid2x2_3x3,rotate_+90,rotate,Elephant Ear (Alocasia spp.),0.6495,Ctenanthe,0.1064,0.5431,alocasia,"alocasia|ctenanthe|anthurium-andraeanum",true,high-conf,true,312,
epipremnum-aureum__02,epipremnum-aureum,tta6,rotate_-90,rotate,Elephant Ear (Alocasia spp.),0.9153,Monstera Deliciosa (Monstera deliciosa),0.0604,0.8549,alocasia,"alocasia|monstera-deliciosa|anthurium-andraeanum",true,high-conf,true,123,
epipremnum-aureum__02,epipremnum-aureum,grid2x2,rotate_-90,rotate,Elephant Ear (Alocasia spp.),0.8336,Ctenanthe,0.1150,0.7186,alocasia,"alocasia|ctenanthe|monstera-deliciosa",true,high-conf,true,157,
epipremnum-aureum__02,epipremnum-aureum,grid2x2_3x3,rotate_-90,rotate,Elephant Ear (Alocasia spp.),0.5964,Ctenanthe,0.1330,0.4635,alocasia,"alocasia|ctenanthe|anthurium-andraeanum",true,high-conf,true,384,
epipremnum-aureum__02,epipremnum-aureum,tta6,bright_up,brightness,Pothos (Ivy arum),0.2791,Monstera Deliciosa (Monstera deliciosa),0.2741,0.0050,epipremnum-aureum,"epipremnum-aureum|monstera-deliciosa|anthurium-andraeanum",true,low-conf,false,93,
epipremnum-aureum__02,epipremnum-aureum,grid2x2,bright_up,brightness,Ctenanthe,0.2159,Anthurium (Anthurium andraeanum),0.1933,0.0226,ctenanthe,"ctenanthe|anthurium-andraeanum|epipremnum-aureum",true,low-conf,false,155,
epipremnum-aureum__02,epipremnum-aureum,grid2x2_3x3,bright_up,brightness,Anthurium (Anthurium andraeanum),0.2582,Ctenanthe,0.2067,0.0515,anthurium-andraeanum,"anthurium-andraeanum|ctenanthe|alocasia",true,low-conf,false,352,
epipremnum-aureum__02,epipremnum-aureum,tta6,bright_down,brightness,Ctenanthe,0.6985,Monstera Deliciosa (Monstera deliciosa),0.0951,0.6034,ctenanthe,"ctenanthe|monstera-deliciosa|anthurium-andraeanum",true,high-conf,true,98,
epipremnum-aureum__02,epipremnum-aureum,grid2x2,bright_down,brightness,Ctenanthe,0.5962,Elephant Ear (Alocasia spp.),0.1068,0.4894,ctenanthe,"ctenanthe|alocasia|anthurium-andraeanum",true,high-conf,true,277,
epipremnum-aureum__02,epipremnum-aureum,grid2x2_3x3,bright_down,brightness,Ctenanthe,0.4433,Elephant Ear (Alocasia spp.),0.1815,0.2618,ctenanthe,"ctenanthe|alocasia|anthurium-andraeanum",true,low-conf,false,321,
epipremnum-aureum__02,epipremnum-aureum,tta6,contrast_up,contrast,Ctenanthe,0.3472,Monstera Deliciosa (Monstera deliciosa),0.3023,0.0449,ctenanthe,"ctenanthe|monstera-deliciosa|pachira-aquatica",true,low-conf,false,101,
epipremnum-aureum__02,epipremnum-aureum,grid2x2,contrast_up,contrast,Ctenanthe,0.4812,Monstera Deliciosa (Monstera deliciosa),0.1922,0.2890,ctenanthe,"ctenanthe|monstera-deliciosa|pachira-aquatica",true,low-conf,false,149,
epipremnum-aureum__02,epipremnum-aureum,grid2x2_3x3,contrast_up,contrast,Ctenanthe,0.3487,Elephant Ear (Alocasia spp.),0.1747,0.1739,ctenanthe,"ctenanthe|alocasia|anthurium-andraeanum",true,low-conf,false,274,
epipremnum-aureum__02,epipremnum-aureum,tta6,contrast_down,contrast,Anthurium (Anthurium andraeanum),0.7238,Pothos (Ivy arum),0.0956,0.6282,anthurium-andraeanum,"anthurium-andraeanum|epipremnum-aureum|pachira-aquatica",true,high-conf,true,103,
epipremnum-aureum__02,epipremnum-aureum,grid2x2,contrast_down,contrast,Anthurium (Anthurium andraeanum),0.5443,Elephant Ear (Alocasia spp.),0.1191,0.4252,anthurium-andraeanum,"anthurium-andraeanum|alocasia|pachira-aquatica",true,high-conf,true,204,
epipremnum-aureum__02,epipremnum-aureum,grid2x2_3x3,contrast_down,contrast,Anthurium (Anthurium andraeanum),0.3881,Elephant Ear (Alocasia spp.),0.3022,0.0859,anthurium-andraeanum,"anthurium-andraeanum|alocasia|ctenanthe",true,low-conf,false,332,
epipremnum-aureum__03,epipremnum-aureum,tta6,clean,clean,Elephant Ear (Alocasia spp.),0.5639,Pothos (Ivy arum),0.4245,0.1394,alocasia,"alocasia|epipremnum-aureum|ficus-elastica",true,low-conf,false,95,
epipremnum-aureum__03,epipremnum-aureum,grid2x2,clean,clean,Elephant Ear (Alocasia spp.),0.4004,Pothos (Ivy arum),0.2569,0.1435,alocasia,"alocasia|epipremnum-aureum|goeppertia-orbifolia",true,low-conf,false,161,
epipremnum-aureum__03,epipremnum-aureum,grid2x2_3x3,clean,clean,Elephant Ear (Alocasia spp.),0.2738,Calathea,0.1620,0.1118,alocasia,"alocasia|goeppertia-orbifolia|epipremnum-aureum",true,low-conf,false,380,
epipremnum-aureum__03,epipremnum-aureum,tta6,blur,blur,Calathea,0.3826,Money Tree (Pachira aquatica),0.2292,0.1534,goeppertia-orbifolia,"goeppertia-orbifolia|pachira-aquatica|epipremnum-aureum",true,low-conf,false,114,
epipremnum-aureum__03,epipremnum-aureum,grid2x2,blur,blur,Calathea,0.4520,Money Tree (Pachira aquatica),0.1641,0.2879,goeppertia-orbifolia,"goeppertia-orbifolia|pachira-aquatica|alocasia",true,low-conf,false,197,
epipremnum-aureum__03,epipremnum-aureum,grid2x2_3x3,blur,blur,Calathea,0.5670,Money Tree (Pachira aquatica),0.1152,0.4518,goeppertia-orbifolia,"goeppertia-orbifolia|pachira-aquatica|alocasia",true,high-conf,true,352,
epipremnum-aureum__03,epipremnum-aureum,tta6,crop_center_zoom,crop,Pothos (Ivy arum),0.3711,Elephant Ear (Alocasia spp.),0.3194,0.0517,epipremnum-aureum,"epipremnum-aureum|alocasia|goeppertia-orbifolia",true,low-conf,false,99,
epipremnum-aureum__03,epipremnum-aureum,grid2x2,crop_center_zoom,crop,Calathea,0.3177,Pothos (Ivy arum),0.3006,0.0171,goeppertia-orbifolia,"goeppertia-orbifolia|epipremnum-aureum|alocasia",true,low-conf,false,217,
epipremnum-aureum__03,epipremnum-aureum,grid2x2_3x3,crop_center_zoom,crop,Calathea,0.3644,Pothos (Ivy arum),0.2596,0.1047,goeppertia-orbifolia,"goeppertia-orbifolia|epipremnum-aureum|dracaena-trifasciata",true,low-conf,false,368,
epipremnum-aureum__03,epipremnum-aureum,tta6,crop_offcenter_zoom,crop,Rubber Plant (Ficus elastica),0.4177,Elephant Ear (Alocasia spp.),0.3488,0.0690,ficus-elastica,"ficus-elastica|alocasia|epipremnum-aureum",true,low-conf,false,98,
epipremnum-aureum__03,epipremnum-aureum,grid2x2,crop_offcenter_zoom,crop,Rubber Plant (Ficus elastica),0.2507,Elephant Ear (Alocasia spp.),0.2123,0.0383,ficus-elastica,"ficus-elastica|alocasia|goeppertia-orbifolia",true,low-conf,false,167,
epipremnum-aureum__03,epipremnum-aureum,grid2x2_3x3,crop_offcenter_zoom,crop,Calathea,0.2402,Snake plant (Sanseviera),0.2183,0.0219,goeppertia-orbifolia,"goeppertia-orbifolia|dracaena-trifasciata|ficus-elastica",true,low-conf,false,329,
epipremnum-aureum__03,epipremnum-aureum,tta6,rotate_+15,rotate,Elephant Ear (Alocasia spp.),0.7669,Pothos (Ivy arum),0.0972,0.6697,alocasia,"alocasia|epipremnum-aureum|ficus-elastica",true,high-conf,true,124,
epipremnum-aureum__03,epipremnum-aureum,grid2x2,rotate_+15,rotate,Elephant Ear (Alocasia spp.),0.5822,ZZ Plant (Zamioculcas zamiifolia),0.1184,0.4638,alocasia,"alocasia|zamioculcas-zamiifolia|epipremnum-aureum",true,high-conf,true,234,
epipremnum-aureum__03,epipremnum-aureum,grid2x2_3x3,rotate_+15,rotate,Elephant Ear (Alocasia spp.),0.4938,Calathea,0.1028,0.3909,alocasia,"alocasia|goeppertia-orbifolia|epipremnum-aureum",true,high-conf,true,338,
epipremnum-aureum__03,epipremnum-aureum,tta6,rotate_-15,rotate,Elephant Ear (Alocasia spp.),0.5026,Pothos (Ivy arum),0.3758,0.1268,alocasia,"alocasia|epipremnum-aureum|ficus-elastica",true,low-conf,false,104,
epipremnum-aureum__03,epipremnum-aureum,grid2x2,rotate_-15,rotate,Elephant Ear (Alocasia spp.),0.3530,Pothos (Ivy arum),0.3402,0.0128,alocasia,"alocasia|epipremnum-aureum|goeppertia-orbifolia",true,low-conf,false,166,
epipremnum-aureum__03,epipremnum-aureum,grid2x2_3x3,rotate_-15,rotate,Pothos (Ivy arum),0.2646,Elephant Ear (Alocasia spp.),0.2349,0.0297,epipremnum-aureum,"epipremnum-aureum|alocasia|goeppertia-orbifolia",true,low-conf,false,376,
epipremnum-aureum__03,epipremnum-aureum,tta6,rotate_+90,rotate,Elephant Ear (Alocasia spp.),0.8128,Calathea,0.1206,0.6923,alocasia,"alocasia|goeppertia-orbifolia|zamioculcas-zamiifolia",true,high-conf,true,135,
epipremnum-aureum__03,epipremnum-aureum,grid2x2,rotate_+90,rotate,Elephant Ear (Alocasia spp.),0.5910,ZZ Plant (Zamioculcas zamiifolia),0.1696,0.4214,alocasia,"alocasia|zamioculcas-zamiifolia|anthurium-andraeanum",true,high-conf,true,163,
epipremnum-aureum__03,epipremnum-aureum,grid2x2_3x3,rotate_+90,rotate,Elephant Ear (Alocasia spp.),0.4157,Anthurium (Anthurium andraeanum),0.1008,0.3148,alocasia,"alocasia|anthurium-andraeanum|goeppertia-orbifolia",true,low-conf,false,330,
epipremnum-aureum__03,epipremnum-aureum,tta6,rotate_-90,rotate,Pothos (Ivy arum),0.4229,Calathea,0.3260,0.0969,epipremnum-aureum,"epipremnum-aureum|goeppertia-orbifolia|alocasia",true,low-conf,false,101,
epipremnum-aureum__03,epipremnum-aureum,grid2x2,rotate_-90,rotate,Calathea,0.2955,Pothos (Ivy arum),0.2544,0.0411,goeppertia-orbifolia,"goeppertia-orbifolia|epipremnum-aureum|alocasia",true,low-conf,false,142,
epipremnum-aureum__03,epipremnum-aureum,grid2x2_3x3,rotate_-90,rotate,Calathea,0.2536,Pothos (Ivy arum),0.1365,0.1171,goeppertia-orbifolia,"goeppertia-orbifolia|epipremnum-aureum|alocasia",true,low-conf,false,425,
epipremnum-aureum__03,epipremnum-aureum,tta6,bright_up,brightness,Pothos (Ivy arum),0.5694,Elephant Ear (Alocasia spp.),0.3676,0.2018,epipremnum-aureum,"epipremnum-aureum|alocasia|ficus-elastica",true,low-conf,false,101,
epipremnum-aureum__03,epipremnum-aureum,grid2x2,bright_up,brightness,Pothos (Ivy arum),0.3428,Elephant Ear (Alocasia spp.),0.2683,0.0745,epipremnum-aureum,"epipremnum-aureum|alocasia|goeppertia-orbifolia",true,low-conf,false,169,
epipremnum-aureum__03,epipremnum-aureum,grid2x2_3x3,bright_up,brightness,Calathea,0.2097,Pothos (Ivy arum),0.1881,0.0216,goeppertia-orbifolia,"goeppertia-orbifolia|epipremnum-aureum|dracaena-trifasciata",true,low-conf,false,371,
epipremnum-aureum__03,epipremnum-aureum,tta6,bright_down,brightness,Elephant Ear (Alocasia spp.),0.6746,Pothos (Ivy arum),0.3129,0.3617,alocasia,"alocasia|epipremnum-aureum|goeppertia-orbifolia",true,high-conf,true,131,
epipremnum-aureum__03,epipremnum-aureum,grid2x2,bright_down,brightness,Elephant Ear (Alocasia spp.),0.4324,Pothos (Ivy arum),0.1899,0.2425,alocasia,"alocasia|epipremnum-aureum|goeppertia-orbifolia",true,low-conf,false,168,
epipremnum-aureum__03,epipremnum-aureum,grid2x2_3x3,bright_down,brightness,Elephant Ear (Alocasia spp.),0.3524,Calathea,0.1867,0.1658,alocasia,"alocasia|goeppertia-orbifolia|epipremnum-aureum",true,low-conf,false,341,
epipremnum-aureum__03,epipremnum-aureum,tta6,contrast_up,contrast,Elephant Ear (Alocasia spp.),0.7857,Pothos (Ivy arum),0.2109,0.5748,alocasia,"alocasia|epipremnum-aureum|ficus-elastica",true,high-conf,true,102,
epipremnum-aureum__03,epipremnum-aureum,grid2x2,contrast_up,contrast,Elephant Ear (Alocasia spp.),0.5518,Pothos (Ivy arum),0.1284,0.4234,alocasia,"alocasia|epipremnum-aureum|goeppertia-orbifolia",true,high-conf,true,165,
epipremnum-aureum__03,epipremnum-aureum,grid2x2_3x3,contrast_up,contrast,Elephant Ear (Alocasia spp.),0.3421,Calathea,0.2322,0.1098,alocasia,"alocasia|goeppertia-orbifolia|dracaena-trifasciata",true,low-conf,false,417,
epipremnum-aureum__03,epipremnum-aureum,tta6,contrast_down,contrast,Pothos (Ivy arum),0.5016,Rubber Plant (Ficus elastica),0.2822,0.2194,epipremnum-aureum,"epipremnum-aureum|ficus-elastica|alocasia",true,low-conf,false,215,
epipremnum-aureum__03,epipremnum-aureum,grid2x2,contrast_down,contrast,Pothos (Ivy arum),0.3021,Rubber Plant (Ficus elastica),0.1693,0.1328,epipremnum-aureum,"epipremnum-aureum|ficus-elastica|goeppertia-orbifolia",true,low-conf,false,315,
epipremnum-aureum__03,epipremnum-aureum,grid2x2_3x3,contrast_down,contrast,Calathea,0.1707,Pothos (Ivy arum),0.1608,0.0098,goeppertia-orbifolia,"goeppertia-orbifolia|epipremnum-aureum|alocasia",true,low-conf,false,408,
epipremnum-aureum__04,epipremnum-aureum,tta6,clean,clean,Calathea,0.5823,Ctenanthe,0.4090,0.1733,goeppertia-orbifolia,"goeppertia-orbifolia|ctenanthe|asplenium-nidus",true,low-conf,false,198,
epipremnum-aureum__04,epipremnum-aureum,grid2x2,clean,clean,Ctenanthe,0.5248,Calathea,0.3720,0.1528,ctenanthe,"ctenanthe|goeppertia-orbifolia|monstera-deliciosa",true,low-conf,false,277,
epipremnum-aureum__04,epipremnum-aureum,grid2x2_3x3,clean,clean,Ctenanthe,0.4071,Calathea,0.2914,0.1157,ctenanthe,"ctenanthe|goeppertia-orbifolia|maranta-leuconeura",true,low-conf,false,347,
epipremnum-aureum__04,epipremnum-aureum,tta6,blur,blur,Calathea,0.4087,Schefflera,0.3847,0.0241,goeppertia-orbifolia,"goeppertia-orbifolia|schefflera|spathiphyllum-wallisii",true,low-conf,false,135,
epipremnum-aureum__04,epipremnum-aureum,grid2x2,blur,blur,Calathea,0.3561,Schefflera,0.2327,0.1235,goeppertia-orbifolia,"goeppertia-orbifolia|schefflera|spathiphyllum-wallisii",true,low-conf,false,217,
epipremnum-aureum__04,epipremnum-aureum,grid2x2_3x3,blur,blur,Calathea,0.2989,Peace lily,0.1680,0.1308,goeppertia-orbifolia,"goeppertia-orbifolia|spathiphyllum-wallisii|pachira-aquatica",true,low-conf,false,599,
epipremnum-aureum__04,epipremnum-aureum,tta6,crop_center_zoom,crop,Ctenanthe,0.7350,Birds Nest Fern (Asplenium nidus),0.2445,0.4905,ctenanthe,"ctenanthe|asplenium-nidus|goeppertia-orbifolia",true,high-conf,true,132,
epipremnum-aureum__04,epipremnum-aureum,grid2x2,crop_center_zoom,crop,Ctenanthe,0.5396,Prayer Plant (Maranta leuconeura),0.1677,0.3719,ctenanthe,"ctenanthe|maranta-leuconeura|asplenium-nidus",true,high-conf,true,197,
epipremnum-aureum__04,epipremnum-aureum,grid2x2_3x3,crop_center_zoom,crop,Ctenanthe,0.3665,Prayer Plant (Maranta leuconeura),0.2327,0.1339,ctenanthe,"ctenanthe|maranta-leuconeura|asplenium-nidus",true,low-conf,false,333,
epipremnum-aureum__04,epipremnum-aureum,tta6,crop_offcenter_zoom,crop,Ctenanthe,0.9159,Monstera Deliciosa (Monstera deliciosa),0.0671,0.8488,ctenanthe,"ctenanthe|monstera-deliciosa|spathiphyllum-wallisii",true,high-conf,true,111,
epipremnum-aureum__04,epipremnum-aureum,grid2x2,crop_offcenter_zoom,crop,Ctenanthe,0.6966,Chinese evergreen (Aglaonema),0.1585,0.5381,ctenanthe,"ctenanthe|aglaonema|monstera-deliciosa",true,high-conf,true,195,
epipremnum-aureum__04,epipremnum-aureum,grid2x2_3x3,crop_offcenter_zoom,crop,Ctenanthe,0.3877,Calathea,0.2041,0.1836,ctenanthe,"ctenanthe|goeppertia-orbifolia|aglaonema",true,low-conf,false,355,
epipremnum-aureum__04,epipremnum-aureum,tta6,rotate_+15,rotate,Birds Nest Fern (Asplenium nidus),0.4334,Ctenanthe,0.2689,0.1645,asplenium-nidus,"asplenium-nidus|ctenanthe|monstera-deliciosa",true,low-conf,false,96,
epipremnum-aureum__04,epipremnum-aureum,grid2x2,rotate_+15,rotate,Birds Nest Fern (Asplenium nidus),0.3599,Monstera Deliciosa (Monstera deliciosa),0.2208,0.1391,asplenium-nidus,"asplenium-nidus|monstera-deliciosa|ctenanthe",true,low-conf,false,207,
epipremnum-aureum__04,epipremnum-aureum,grid2x2_3x3,rotate_+15,rotate,Birds Nest Fern (Asplenium nidus),0.2445,Calathea,0.1364,0.1080,asplenium-nidus,"asplenium-nidus|goeppertia-orbifolia|ctenanthe",true,low-conf,false,750,
epipremnum-aureum__04,epipremnum-aureum,tta6,rotate_-15,rotate,Birds Nest Fern (Asplenium nidus),0.6420,Ctenanthe,0.1720,0.4700,asplenium-nidus,"asplenium-nidus|ctenanthe|monstera-deliciosa",true,high-conf,true,116,
epipremnum-aureum__04,epipremnum-aureum,grid2x2,rotate_-15,rotate,Birds Nest Fern (Asplenium nidus),0.4824,Ctenanthe,0.2037,0.2787,asplenium-nidus,"asplenium-nidus|ctenanthe|spathiphyllum-wallisii",true,low-conf,false,191,
epipremnum-aureum__04,epipremnum-aureum,grid2x2_3x3,rotate_-15,rotate,Birds Nest Fern (Asplenium nidus),0.3067,Ctenanthe,0.1812,0.1255,asplenium-nidus,"asplenium-nidus|ctenanthe|goeppertia-orbifolia",true,low-conf,false,333,
epipremnum-aureum__04,epipremnum-aureum,tta6,rotate_+90,rotate,Calathea,0.5970,Prayer Plant (Maranta leuconeura),0.2776,0.3194,goeppertia-orbifolia,"goeppertia-orbifolia|maranta-leuconeura|ctenanthe",true,high-conf,true,165,
epipremnum-aureum__04,epipremnum-aureum,grid2x2,rotate_+90,rotate,Calathea,0.4683,Prayer Plant (Maranta leuconeura),0.2619,0.2064,goeppertia-orbifolia,"goeppertia-orbifolia|maranta-leuconeura|dieffenbachia",true,low-conf,false,596,
epipremnum-aureum__04,epipremnum-aureum,grid2x2_3x3,rotate_+90,rotate,Calathea,0.3357,Prayer Plant (Maranta leuconeura),0.2805,0.0552,goeppertia-orbifolia,"goeppertia-orbifolia|maranta-leuconeura|dieffenbachia",true,low-conf,false,357,
epipremnum-aureum__04,epipremnum-aureum,tta6,rotate_-90,rotate,Calathea,0.5887,Prayer Plant (Maranta leuconeura),0.2137,0.3750,goeppertia-orbifolia,"goeppertia-orbifolia|maranta-leuconeura|ctenanthe",true,high-conf,true,103,
epipremnum-aureum__04,epipremnum-aureum,grid2x2,rotate_-90,rotate,Calathea,0.4799,Prayer Plant (Maranta leuconeura),0.2814,0.1986,goeppertia-orbifolia,"goeppertia-orbifolia|maranta-leuconeura|ctenanthe",true,low-conf,false,252,
epipremnum-aureum__04,epipremnum-aureum,grid2x2_3x3,rotate_-90,rotate,Calathea,0.3920,Prayer Plant (Maranta leuconeura),0.2408,0.1513,goeppertia-orbifolia,"goeppertia-orbifolia|maranta-leuconeura|ctenanthe",true,low-conf,false,452,
epipremnum-aureum__04,epipremnum-aureum,tta6,bright_up,brightness,Calathea,0.6365,Ctenanthe,0.2946,0.3419,goeppertia-orbifolia,"goeppertia-orbifolia|ctenanthe|asplenium-nidus",true,high-conf,true,98,
epipremnum-aureum__04,epipremnum-aureum,grid2x2,bright_up,brightness,Calathea,0.4401,Ctenanthe,0.4024,0.0377,goeppertia-orbifolia,"goeppertia-orbifolia|ctenanthe|maranta-leuconeura",true,low-conf,false,153,
epipremnum-aureum__04,epipremnum-aureum,grid2x2_3x3,bright_up,brightness,Calathea,0.3095,Ctenanthe,0.3016,0.0079,goeppertia-orbifolia,"goeppertia-orbifolia|ctenanthe|maranta-leuconeura",true,low-conf,false,284,
epipremnum-aureum__04,epipremnum-aureum,tta6,bright_down,brightness,Ctenanthe,0.6044,Calathea,0.3909,0.2135,ctenanthe,"ctenanthe|goeppertia-orbifolia|maranta-leuconeura",true,low-conf,false,88,
epipremnum-aureum__04,epipremnum-aureum,grid2x2,bright_down,brightness,Ctenanthe,0.6003,Calathea,0.2779,0.3224,ctenanthe,"ctenanthe|goeppertia-orbifolia|monstera-deliciosa",true,high-conf,true,142,
epipremnum-aureum__04,epipremnum-aureum,grid2x2_3x3,bright_down,brightness,Ctenanthe,0.4315,Calathea,0.2677,0.1639,ctenanthe,"ctenanthe|goeppertia-orbifolia|maranta-leuconeura",true,low-conf,false,479,
epipremnum-aureum__04,epipremnum-aureum,tta6,contrast_up,contrast,Ctenanthe,0.6583,Calathea,0.3202,0.3380,ctenanthe,"ctenanthe|goeppertia-orbifolia|maranta-leuconeura",true,high-conf,true,182,
epipremnum-aureum__04,epipremnum-aureum,grid2x2,contrast_up,contrast,Ctenanthe,0.6521,Calathea,0.2239,0.4283,ctenanthe,"ctenanthe|goeppertia-orbifolia|monstera-deliciosa",true,high-conf,true,230,
epipremnum-aureum__04,epipremnum-aureum,grid2x2_3x3,contrast_up,contrast,Ctenanthe,0.4590,Calathea,0.2571,0.2020,ctenanthe,"ctenanthe|goeppertia-orbifolia|spathiphyllum-wallisii",true,low-conf,false,351,
epipremnum-aureum__04,epipremnum-aureum,tta6,contrast_down,contrast,Calathea,0.5512,Ctenanthe,0.4199,0.1313,goeppertia-orbifolia,"goeppertia-orbifolia|ctenanthe|asplenium-nidus",true,low-conf,false,97,
epipremnum-aureum__04,epipremnum-aureum,grid2x2,contrast_down,contrast,Ctenanthe,0.4698,Calathea,0.3421,0.1277,ctenanthe,"ctenanthe|goeppertia-orbifolia|maranta-leuconeura",true,low-conf,false,195,
epipremnum-aureum__04,epipremnum-aureum,grid2x2_3x3,contrast_down,contrast,Ctenanthe,0.2999,Calathea,0.2428,0.0571,ctenanthe,"ctenanthe|goeppertia-orbifolia|maranta-leuconeura",true,low-conf,false,422,
epipremnum-aureum__05,epipremnum-aureum,tta6,clean,clean,Monstera Deliciosa (Monstera deliciosa),0.6095,Dumb Cane (Dieffenbachia spp.),0.3286,0.2810,monstera-deliciosa,"monstera-deliciosa|dieffenbachia|aglaonema",true,low-conf,false,114,
epipremnum-aureum__05,epipremnum-aureum,grid2x2,clean,clean,Monstera Deliciosa (Monstera deliciosa),0.4528,Dumb Cane (Dieffenbachia spp.),0.3921,0.0608,monstera-deliciosa,"monstera-deliciosa|dieffenbachia|aloe-vera",true,low-conf,false,165,
epipremnum-aureum__05,epipremnum-aureum,grid2x2_3x3,clean,clean,Dumb Cane (Dieffenbachia spp.),0.5367,Monstera Deliciosa (Monstera deliciosa),0.2425,0.2942,dieffenbachia,"dieffenbachia|monstera-deliciosa|aloe-vera",true,low-conf,false,309,
epipremnum-aureum__05,epipremnum-aureum,tta6,blur,blur,Elephant Ear (Alocasia spp.),0.5137,Calathea,0.1707,0.3430,alocasia,"alocasia|goeppertia-orbifolia|zamioculcas-zamiifolia",true,high-conf,true,135,
epipremnum-aureum__05,epipremnum-aureum,grid2x2,blur,blur,Elephant Ear (Alocasia spp.),0.3203,ZZ Plant (Zamioculcas zamiifolia),0.2594,0.0609,alocasia,"alocasia|zamioculcas-zamiifolia|goeppertia-orbifolia",true,low-conf,false,234,
epipremnum-aureum__05,epipremnum-aureum,grid2x2_3x3,blur,blur,Calathea,0.1887,Elephant Ear (Alocasia spp.),0.1821,0.0066,goeppertia-orbifolia,"goeppertia-orbifolia|alocasia|zamioculcas-zamiifolia",true,low-conf,false,313,
epipremnum-aureum__05,epipremnum-aureum,tta6,crop_center_zoom,crop,Dumb Cane (Dieffenbachia spp.),0.6844,Monstera Deliciosa (Monstera deliciosa),0.3009,0.3835,dieffenbachia,"dieffenbachia|monstera-deliciosa|alocasia",true,high-conf,true,104,
epipremnum-aureum__05,epipremnum-aureum,grid2x2,crop_center_zoom,crop,Dumb Cane (Dieffenbachia spp.),0.6941,Monstera Deliciosa (Monstera deliciosa),0.2251,0.4690,dieffenbachia,"dieffenbachia|monstera-deliciosa|ctenanthe",true,high-conf,true,168,
epipremnum-aureum__05,epipremnum-aureum,grid2x2_3x3,crop_center_zoom,crop,Dumb Cane (Dieffenbachia spp.),0.6160,Monstera Deliciosa (Monstera deliciosa),0.1220,0.4940,dieffenbachia,"dieffenbachia|monstera-deliciosa|aloe-vera",true,high-conf,true,330,
epipremnum-aureum__05,epipremnum-aureum,tta6,crop_offcenter_zoom,crop,Dumb Cane (Dieffenbachia spp.),0.8668,Aloe Vera,0.0839,0.7829,dieffenbachia,"dieffenbachia|aloe-vera|monstera-deliciosa",true,high-conf,true,139,
epipremnum-aureum__05,epipremnum-aureum,grid2x2,crop_offcenter_zoom,crop,Dumb Cane (Dieffenbachia spp.),0.7059,Aloe Vera,0.1635,0.5424,dieffenbachia,"dieffenbachia|aloe-vera|epipremnum-aureum",true,high-conf,true,204,
epipremnum-aureum__05,epipremnum-aureum,grid2x2_3x3,crop_offcenter_zoom,crop,Dumb Cane (Dieffenbachia spp.),0.5257,Aloe Vera,0.2159,0.3097,dieffenbachia,"dieffenbachia|aloe-vera|epipremnum-aureum",true,high-conf,true,330,
epipremnum-aureum__05,epipremnum-aureum,tta6,rotate_+15,rotate,Monstera Deliciosa (Monstera deliciosa),0.6712,Dumb Cane (Dieffenbachia spp.),0.1913,0.4800,monstera-deliciosa,"monstera-deliciosa|dieffenbachia|alocasia",true,high-conf,true,94,
epipremnum-aureum__05,epipremnum-aureum,grid2x2,rotate_+15,rotate,Monstera Deliciosa (Monstera deliciosa),0.4057,Dumb Cane (Dieffenbachia spp.),0.2135,0.1923,monstera-deliciosa,"monstera-deliciosa|dieffenbachia|aloe-vera",true,low-conf,false,153,
epipremnum-aureum__05,epipremnum-aureum,grid2x2_3x3,rotate_+15,rotate,Monstera Deliciosa (Monstera deliciosa),0.2697,Aloe Vera,0.2375,0.0322,monstera-deliciosa,"monstera-deliciosa|aloe-vera|dieffenbachia",true,low-conf,false,315,
epipremnum-aureum__05,epipremnum-aureum,tta6,rotate_-15,rotate,Monstera Deliciosa (Monstera deliciosa),0.5724,Dumb Cane (Dieffenbachia spp.),0.3433,0.2291,monstera-deliciosa,"monstera-deliciosa|dieffenbachia|alocasia",true,low-conf,false,108,
epipremnum-aureum__05,epipremnum-aureum,grid2x2,rotate_-15,rotate,Monstera Deliciosa (Monstera deliciosa),0.4368,Dumb Cane (Dieffenbachia spp.),0.3154,0.1213,monstera-deliciosa,"monstera-deliciosa|dieffenbachia|aloe-vera",true,low-conf,false,156,
epipremnum-aureum__05,epipremnum-aureum,grid2x2_3x3,rotate_-15,rotate,Dumb Cane (Dieffenbachia spp.),0.3163,Aloe Vera,0.2420,0.0743,dieffenbachia,"dieffenbachia|aloe-vera|monstera-deliciosa",true,low-conf,false,268,
epipremnum-aureum__05,epipremnum-aureum,tta6,rotate_+90,rotate,Monstera Deliciosa (Monstera deliciosa),0.8459,Ctenanthe,0.1427,0.7032,monstera-deliciosa,"monstera-deliciosa|ctenanthe|epipremnum-aureum",true,high-conf,true,86,
epipremnum-aureum__05,epipremnum-aureum,grid2x2,rotate_+90,rotate,Monstera Deliciosa (Monstera deliciosa),0.6902,Dumb Cane (Dieffenbachia spp.),0.1683,0.5220,monstera-deliciosa,"monstera-deliciosa|dieffenbachia|ctenanthe",true,high-conf,true,140,
epipremnum-aureum__05,epipremnum-aureum,grid2x2_3x3,rotate_+90,rotate,Monstera Deliciosa (Monstera deliciosa),0.4356,Dumb Cane (Dieffenbachia spp.),0.2116,0.2240,monstera-deliciosa,"monstera-deliciosa|dieffenbachia|aloe-vera",true,low-conf,false,411,
epipremnum-aureum__05,epipremnum-aureum,tta6,rotate_-90,rotate,Dumb Cane (Dieffenbachia spp.),0.4507,Monstera Deliciosa (Monstera deliciosa),0.2706,0.1801,dieffenbachia,"dieffenbachia|monstera-deliciosa|asplenium-nidus",true,low-conf,false,130,
epipremnum-aureum__05,epipremnum-aureum,grid2x2,rotate_-90,rotate,Dumb Cane (Dieffenbachia spp.),0.3685,Monstera Deliciosa (Monstera deliciosa),0.2526,0.1159,dieffenbachia,"dieffenbachia|monstera-deliciosa|zamioculcas-zamiifolia",true,low-conf,false,184,
epipremnum-aureum__05,epipremnum-aureum,grid2x2_3x3,rotate_-90,rotate,Dumb Cane (Dieffenbachia spp.),0.3714,Monstera Deliciosa (Monstera deliciosa),0.1833,0.1882,dieffenbachia,"dieffenbachia|monstera-deliciosa|zamioculcas-zamiifolia",true,low-conf,false,355,
epipremnum-aureum__05,epipremnum-aureum,tta6,bright_up,brightness,Monstera Deliciosa (Monstera deliciosa),0.6628,Dumb Cane (Dieffenbachia spp.),0.2482,0.4146,monstera-deliciosa,"monstera-deliciosa|dieffenbachia|alocasia",true,high-conf,true,104,
epipremnum-aureum__05,epipremnum-aureum,grid2x2,bright_up,brightness,Monstera Deliciosa (Monstera deliciosa),0.4401,Dumb Cane (Dieffenbachia spp.),0.3507,0.0894,monstera-deliciosa,"monstera-deliciosa|dieffenbachia|aloe-vera",true,low-conf,false,155,
epipremnum-aureum__05,epipremnum-aureum,grid2x2_3x3,bright_up,brightness,Dumb Cane (Dieffenbachia spp.),0.4943,Monstera Deliciosa (Monstera deliciosa),0.2417,0.2525,dieffenbachia,"dieffenbachia|monstera-deliciosa|aloe-vera",true,low-conf,false,378,
epipremnum-aureum__05,epipremnum-aureum,tta6,bright_down,brightness,Monstera Deliciosa (Monstera deliciosa),0.5365,Dumb Cane (Dieffenbachia spp.),0.2034,0.3331,monstera-deliciosa,"monstera-deliciosa|dieffenbachia|ctenanthe",true,high-conf,true,138,
epipremnum-aureum__05,epipremnum-aureum,grid2x2,bright_down,brightness,Dumb Cane (Dieffenbachia spp.),0.4152,Monstera Deliciosa (Monstera deliciosa),0.4096,0.0056,dieffenbachia,"dieffenbachia|monstera-deliciosa|ctenanthe",true,low-conf,false,178,
epipremnum-aureum__05,epipremnum-aureum,grid2x2_3x3,bright_down,brightness,Dumb Cane (Dieffenbachia spp.),0.4709,Monstera Deliciosa (Monstera deliciosa),0.2161,0.2549,dieffenbachia,"dieffenbachia|monstera-deliciosa|zamioculcas-zamiifolia",true,low-conf,false,283,
epipremnum-aureum__05,epipremnum-aureum,tta6,contrast_up,contrast,Monstera Deliciosa (Monstera deliciosa),0.4202,Dumb Cane (Dieffenbachia spp.),0.3872,0.0330,monstera-deliciosa,"monstera-deliciosa|dieffenbachia|ctenanthe",true,low-conf,false,101,
epipremnum-aureum__05,epipremnum-aureum,grid2x2,contrast_up,contrast,Dumb Cane (Dieffenbachia spp.),0.4342,Monstera Deliciosa (Monstera deliciosa),0.3557,0.0785,dieffenbachia,"dieffenbachia|monstera-deliciosa|aloe-vera",true,low-conf,false,183,
epipremnum-aureum__05,epipremnum-aureum,grid2x2_3x3,contrast_up,contrast,Dumb Cane (Dieffenbachia spp.),0.5378,Monstera Deliciosa (Monstera deliciosa),0.2068,0.3311,dieffenbachia,"dieffenbachia|monstera-deliciosa|aloe-vera",true,high-conf,true,344,
epipremnum-aureum__05,epipremnum-aureum,tta6,contrast_down,contrast,Monstera Deliciosa (Monstera deliciosa),0.6715,Dumb Cane (Dieffenbachia spp.),0.1790,0.4924,monstera-deliciosa,"monstera-deliciosa|dieffenbachia|ctenanthe",true,high-conf,true,105,
epipremnum-aureum__05,epipremnum-aureum,grid2x2,contrast_down,contrast,Monstera Deliciosa (Monstera deliciosa),0.4775,Dumb Cane (Dieffenbachia spp.),0.3395,0.1380,monstera-deliciosa,"monstera-deliciosa|dieffenbachia|aloe-vera",true,low-conf,false,165,
epipremnum-aureum__05,epipremnum-aureum,grid2x2_3x3,contrast_down,contrast,Dumb Cane (Dieffenbachia spp.),0.4683,Monstera Deliciosa (Monstera deliciosa),0.2588,0.2095,dieffenbachia,"dieffenbachia|monstera-deliciosa|epipremnum-aureum",true,low-conf,false,296,
epipremnum-aureum__06,epipremnum-aureum,tta6,clean,clean,Elephant Ear (Alocasia spp.),0.2769,Anthurium (Anthurium andraeanum),0.2757,0.0012,alocasia,"alocasia|anthurium-andraeanum|epipremnum-aureum",true,low-conf,false,84,
epipremnum-aureum__06,epipremnum-aureum,grid2x2,clean,clean,Anthurium (Anthurium andraeanum),0.2592,Tradescantia,0.2068,0.0524,anthurium-andraeanum,"anthurium-andraeanum|tradescantia|alocasia",true,low-conf,false,174,
epipremnum-aureum__06,epipremnum-aureum,grid2x2_3x3,clean,clean,Money Tree (Pachira aquatica),0.2115,Anthurium (Anthurium andraeanum),0.1827,0.0289,pachira-aquatica,"pachira-aquatica|anthurium-andraeanum|tradescantia",true,low-conf,false,417,
epipremnum-aureum__06,epipremnum-aureum,tta6,blur,blur,Money Tree (Pachira aquatica),0.9003,Tradescantia,0.0879,0.8124,pachira-aquatica,"pachira-aquatica|tradescantia|goeppertia-orbifolia",true,high-conf,true,107,
epipremnum-aureum__06,epipremnum-aureum,grid2x2,blur,blur,Money Tree (Pachira aquatica),0.7776,Calathea,0.1260,0.6516,pachira-aquatica,"pachira-aquatica|goeppertia-orbifolia|tradescantia",true,high-conf,true,172,
epipremnum-aureum__06,epipremnum-aureum,grid2x2_3x3,blur,blur,Money Tree (Pachira aquatica),0.5094,Calathea,0.2312,0.2782,pachira-aquatica,"pachira-aquatica|goeppertia-orbifolia|tradescantia",true,low-conf,false,347,
epipremnum-aureum__06,epipremnum-aureum,tta6,crop_center_zoom,crop,Tradescantia,0.3199,Anthurium (Anthurium andraeanum),0.3182,0.0017,tradescantia,"tradescantia|anthurium-andraeanum|monstera-deliciosa",true,low-conf,false,117,
epipremnum-aureum__06,epipremnum-aureum,grid2x2,crop_center_zoom,crop,Tradescantia,0.2956,Anthurium (Anthurium andraeanum),0.2585,0.0371,tradescantia,"tradescantia|anthurium-andraeanum|monstera-deliciosa",true,low-conf,false,355,
epipremnum-aureum__06,epipremnum-aureum,grid2x2_3x3,crop_center_zoom,crop,Tradescantia,0.2633,Calathea,0.1749,0.0883,tradescantia,"tradescantia|goeppertia-orbifolia|pachira-aquatica",true,low-conf,false,359,
epipremnum-aureum__06,epipremnum-aureum,tta6,crop_offcenter_zoom,crop,Anthurium (Anthurium andraeanum),0.5783,Tradescantia,0.1812,0.3971,anthurium-andraeanum,"anthurium-andraeanum|tradescantia|pachira-aquatica",true,high-conf,true,111,
epipremnum-aureum__06,epipremnum-aureum,grid2x2,crop_offcenter_zoom,crop,Anthurium (Anthurium andraeanum),0.3506,Tradescantia,0.2552,0.0953,anthurium-andraeanum,"anthurium-andraeanum|tradescantia|pachira-aquatica",true,low-conf,false,194,
epipremnum-aureum__06,epipremnum-aureum,grid2x2_3x3,crop_offcenter_zoom,crop,Money Tree (Pachira aquatica),0.3373,Anthurium (Anthurium andraeanum),0.1845,0.1528,pachira-aquatica,"pachira-aquatica|anthurium-andraeanum|tradescantia",true,low-conf,false,362,
epipremnum-aureum__06,epipremnum-aureum,tta6,rotate_+15,rotate,Calathea,0.4468,Schefflera,0.3244,0.1224,goeppertia-orbifolia,"goeppertia-orbifolia|schefflera|monstera-deliciosa",true,low-conf,false,130,
epipremnum-aureum__06,epipremnum-aureum,grid2x2,rotate_+15,rotate,Calathea,0.3946,Schefflera,0.2578,0.1368,goeppertia-orbifolia,"goeppertia-orbifolia|schefflera|monstera-deliciosa",true,low-conf,false,207,
epipremnum-aureum__06,epipremnum-aureum,grid2x2_3x3,rotate_+15,rotate,Calathea,0.3621,Schefflera,0.1357,0.2264,goeppertia-orbifolia,"goeppertia-orbifolia|schefflera|pilea-peperomioides",true,low-conf,false,306,
epipremnum-aureum__06,epipremnum-aureum,tta6,rotate_-15,rotate,Pothos (Ivy arum),0.4143,Money Tree (Pachira aquatica),0.1501,0.2642,epipremnum-aureum,"epipremnum-aureum|pachira-aquatica|anthurium-andraeanum",true,low-conf,false,101,
epipremnum-aureum__06,epipremnum-aureum,grid2x2,rotate_-15,rotate,Pothos (Ivy arum),0.2488,Money Tree (Pachira aquatica),0.1864,0.0624,epipremnum-aureum,"epipremnum-aureum|pachira-aquatica|anthurium-andraeanum",true,low-conf,false,145,
epipremnum-aureum__06,epipremnum-aureum,grid2x2_3x3,rotate_-15,rotate,Money Tree (Pachira aquatica),0.1588,Tradescantia,0.1338,0.0250,pachira-aquatica,"pachira-aquatica|tradescantia|epipremnum-aureum",true,low-conf,false,332,
epipremnum-aureum__06,epipremnum-aureum,tta6,rotate_+90,rotate,Calathea,0.6655,Elephant Ear (Alocasia spp.),0.1834,0.4821,goeppertia-orbifolia,"goeppertia-orbifolia|alocasia|pilea-peperomioides",true,high-conf,true,162,
epipremnum-aureum__06,epipremnum-aureum,grid2x2,rotate_+90,rotate,Calathea,0.5242,Chinese Money Plant (Pilea peperomioides),0.1517,0.3725,goeppertia-orbifolia,"goeppertia-orbifolia|pilea-peperomioides|asplenium-nidus",true,high-conf,true,188,
epipremnum-aureum__06,epipremnum-aureum,grid2x2_3x3,rotate_+90,rotate,Calathea,0.3937,Elephant Ear (Alocasia spp.),0.1303,0.2634,goeppertia-orbifolia,"goeppertia-orbifolia|alocasia|pilea-peperomioides",true,low-conf,false,298,
epipremnum-aureum__06,epipremnum-aureum,tta6,rotate_-90,rotate,Chinese Money Plant (Pilea peperomioides),0.9063,Tradescantia,0.0817,0.8246,pilea-peperomioides,"pilea-peperomioides|tradescantia|aloe-vera",true,low-conf,false,98,
epipremnum-aureum__06,epipremnum-aureum,grid2x2,rotate_-90,rotate,Chinese Money Plant (Pilea peperomioides),0.6438,English Ivy (Hedera helix),0.0824,0.5614,pilea-peperomioides,"pilea-peperomioides|hedera-helix|goeppertia-orbifolia",true,low-conf,false,167,
epipremnum-aureum__06,epipremnum-aureum,grid2x2_3x3,rotate_-90,rotate,Chinese Money Plant (Pilea peperomioides),0.3654,Ctenanthe,0.1256,0.2398,pilea-peperomioides,"pilea-peperomioides|ctenanthe|goeppertia-orbifolia",true,low-conf,false,376,
epipremnum-aureum__06,epipremnum-aureum,tta6,bright_up,brightness,Pothos (Ivy arum),0.3299,Anthurium (Anthurium andraeanum),0.2724,0.0575,epipremnum-aureum,"epipremnum-aureum|anthurium-andraeanum|monstera-deliciosa",true,low-conf,false,111,
epipremnum-aureum__06,epipremnum-aureum,grid2x2,bright_up,brightness,Anthurium (Anthurium andraeanum),0.2603,Pothos (Ivy arum),0.1986,0.0617,anthurium-andraeanum,"anthurium-andraeanum|epipremnum-aureum|tradescantia",true,low-conf,false,177,
epipremnum-aureum__06,epipremnum-aureum,grid2x2_3x3,bright_up,brightness,Money Tree (Pachira aquatica),0.2049,Anthurium (Anthurium andraeanum),0.1431,0.0617,pachira-aquatica,"pachira-aquatica|anthurium-andraeanum|tradescantia",true,low-conf,false,375,
epipremnum-aureum__06,epipremnum-aureum,tta6,bright_down,brightness,Tradescantia,0.2770,Money Tree (Pachira aquatica),0.2082,0.0688,tradescantia,"tradescantia|pachira-aquatica|monstera-deliciosa",true,low-conf,false,205,
epipremnum-aureum__06,epipremnum-aureum,grid2x2,bright_down,brightness,Tradescantia,0.3604,Money Tree (Pachira aquatica),0.1293,0.2312,tradescantia,"tradescantia|pachira-aquatica|monstera-deliciosa",true,low-conf,false,210,
epipremnum-aureum__06,epipremnum-aureum,grid2x2_3x3,bright_down,brightness,Money Tree (Pachira aquatica),0.2694,Tradescantia,0.2434,0.0261,pachira-aquatica,"pachira-aquatica|tradescantia|goeppertia-orbifolia",true,low-conf,false,358,
epipremnum-aureum__06,epipremnum-aureum,tta6,contrast_up,contrast,Monstera Deliciosa (Monstera deliciosa),0.3970,Elephant Ear (Alocasia spp.),0.2619,0.1351,monstera-deliciosa,"monstera-deliciosa|alocasia|anthurium-andraeanum",true,low-conf,false,89,
epipremnum-aureum__06,epipremnum-aureum,grid2x2,contrast_up,contrast,Monstera Deliciosa (Monstera deliciosa),0.2450,Tradescantia,0.2239,0.0211,monstera-deliciosa,"monstera-deliciosa|tradescantia|alocasia",true,low-conf,false,292,
epipremnum-aureum__06,epipremnum-aureum,grid2x2_3x3,contrast_up,contrast,Tradescantia,0.2055,Money Tree (Pachira aquatica),0.1999,0.0056,tradescantia,"tradescantia|pachira-aquatica|monstera-deliciosa",true,low-conf,false,1084,
epipremnum-aureum__06,epipremnum-aureum,tta6,contrast_down,contrast,Pothos (Ivy arum),0.5142,Elephant Ear (Alocasia spp.),0.2821,0.2321,epipremnum-aureum,"epipremnum-aureum|alocasia|anthurium-andraeanum",true,low-conf,false,226,
epipremnum-aureum__06,epipremnum-aureum,grid2x2,contrast_down,contrast,Pothos (Ivy arum),0.3147,Elephant Ear (Alocasia spp.),0.1802,0.1345,epipremnum-aureum,"epipremnum-aureum|alocasia|anthurium-andraeanum",true,low-conf,false,540,
epipremnum-aureum__06,epipremnum-aureum,grid2x2_3x3,contrast_down,contrast,Money Tree (Pachira aquatica),0.1917,Pothos (Ivy arum),0.1687,0.0230,pachira-aquatica,"pachira-aquatica|epipremnum-aureum|tradescantia",true,low-conf,false,596,
euphorbia-pulcherrima__01,euphorbia-pulcherrima,tta6,clean,clean,Anthurium (Anthurium andraeanum),0.5152,Tradescantia,0.2704,0.2448,anthurium-andraeanum,"anthurium-andraeanum|tradescantia|kalanchoe",true,low-conf,false,145,
euphorbia-pulcherrima__01,euphorbia-pulcherrima,grid2x2,clean,clean,Anthurium (Anthurium andraeanum),0.4946,Tradescantia,0.1822,0.3123,anthurium-andraeanum,"anthurium-andraeanum|tradescantia|dracaena-trifasciata",true,high-conf,true,595,
euphorbia-pulcherrima__01,euphorbia-pulcherrima,grid2x2_3x3,clean,clean,Anthurium (Anthurium andraeanum),0.5257,Tradescantia,0.1491,0.3766,anthurium-andraeanum,"anthurium-andraeanum|tradescantia|alocasia",true,high-conf,true,664,
euphorbia-pulcherrima__01,euphorbia-pulcherrima,tta6,blur,blur,Poinsettia (Euphorbia pulcherrima),0.4150,Anthurium (Anthurium andraeanum),0.2780,0.1370,euphorbia-pulcherrima,"euphorbia-pulcherrima|anthurium-andraeanum|tradescantia",true,low-conf,false,157,
euphorbia-pulcherrima__01,euphorbia-pulcherrima,grid2x2,blur,blur,Poinsettia (Euphorbia pulcherrima),0.2492,Anthurium (Anthurium andraeanum),0.2041,0.0451,euphorbia-pulcherrima,"euphorbia-pulcherrima|anthurium-andraeanum|begonia",true,low-conf,false,407,
euphorbia-pulcherrima__01,euphorbia-pulcherrima,grid2x2_3x3,blur,blur,Christmas Cactus (Schlumbergera bridgesii),0.3422,Poinsettia (Euphorbia pulcherrima),0.1352,0.2070,schlumbergera-bridgesii,"schlumbergera-bridgesii|euphorbia-pulcherrima|anthurium-andraeanum",true,low-conf,false,740,
euphorbia-pulcherrima__01,euphorbia-pulcherrima,tta6,crop_center_zoom,crop,Anthurium (Anthurium andraeanum),0.7775,Poinsettia (Euphorbia pulcherrima),0.2225,0.5550,anthurium-andraeanum,"anthurium-andraeanum|euphorbia-pulcherrima|alocasia",true,high-conf,true,214,
euphorbia-pulcherrima__01,euphorbia-pulcherrima,grid2x2,crop_center_zoom,crop,Anthurium (Anthurium andraeanum),0.7430,Poinsettia (Euphorbia pulcherrima),0.2332,0.5099,anthurium-andraeanum,"anthurium-andraeanum|euphorbia-pulcherrima|tradescantia",true,high-conf,true,395,
euphorbia-pulcherrima__01,euphorbia-pulcherrima,grid2x2_3x3,crop_center_zoom,crop,Anthurium (Anthurium andraeanum),0.5502,Poinsettia (Euphorbia pulcherrima),0.1227,0.4275,anthurium-andraeanum,"anthurium-andraeanum|euphorbia-pulcherrima|hedera-helix",true,high-conf,true,754,
euphorbia-pulcherrima__01,euphorbia-pulcherrima,tta6,crop_offcenter_zoom,crop,Anthurium (Anthurium andraeanum),0.7452,English Ivy (Hedera helix),0.2284,0.5167,anthurium-andraeanum,"anthurium-andraeanum|hedera-helix|tradescantia",true,high-conf,true,128,
euphorbia-pulcherrima__01,euphorbia-pulcherrima,grid2x2,crop_offcenter_zoom,crop,Anthurium (Anthurium andraeanum),0.6068,English Ivy (Hedera helix),0.1371,0.4697,anthurium-andraeanum,"anthurium-andraeanum|hedera-helix|pachira-aquatica",true,high-conf,true,215,
euphorbia-pulcherrima__01,euphorbia-pulcherrima,grid2x2_3x3,crop_offcenter_zoom,crop,Anthurium (Anthurium andraeanum),0.4009,Elephant Ear (Alocasia spp.),0.1758,0.2251,anthurium-andraeanum,"anthurium-andraeanum|alocasia|hedera-helix",true,low-conf,false,340,
euphorbia-pulcherrima__01,euphorbia-pulcherrima,tta6,rotate_+15,rotate,Anthurium (Anthurium andraeanum),0.7889,Chinese evergreen (Aglaonema),0.1453,0.6437,anthurium-andraeanum,"anthurium-andraeanum|aglaonema|euphorbia-pulcherrima",true,high-conf,true,100,
euphorbia-pulcherrima__01,euphorbia-pulcherrima,grid2x2,rotate_+15,rotate,Anthurium (Anthurium andraeanum),0.7804,Chinese evergreen (Aglaonema),0.1142,0.6662,anthurium-andraeanum,"anthurium-andraeanum|aglaonema|hedera-helix",true,high-conf,true,184,
euphorbia-pulcherrima__01,euphorbia-pulcherrima,grid2x2_3x3,rotate_+15,rotate,Anthurium (Anthurium andraeanum),0.6216,Snake plant (Sanseviera),0.1272,0.4944,anthurium-andraeanum,"anthurium-andraeanum|dracaena-trifasciata|aglaonema",true,high-conf,true,463,
euphorbia-pulcherrima__01,euphorbia-pulcherrima,tta6,rotate_-15,rotate,Anthurium (Anthurium andraeanum),0.5955,Poinsettia (Euphorbia pulcherrima),0.4025,0.1931,anthurium-andraeanum,"anthurium-andraeanum|euphorbia-pulcherrima|begonia",true,low-conf,false,163,
euphorbia-pulcherrima__01,euphorbia-pulcherrima,grid2x2,rotate_-15,rotate,Anthurium (Anthurium andraeanum),0.6444,Poinsettia (Euphorbia pulcherrima),0.2415,0.4029,anthurium-andraeanum,"anthurium-andraeanum|euphorbia-pulcherrima|tradescantia",true,high-conf,true,251,
euphorbia-pulcherrima__01,euphorbia-pulcherrima,grid2x2_3x3,rotate_-15,rotate,Anthurium (Anthurium andraeanum),0.5355,Poinsettia (Euphorbia pulcherrima),0.1271,0.4084,anthurium-andraeanum,"anthurium-andraeanum|euphorbia-pulcherrima|hedera-helix",true,high-conf,true,803,
euphorbia-pulcherrima__01,euphorbia-pulcherrima,tta6,rotate_+90,rotate,Anthurium (Anthurium andraeanum),0.8590,Money Tree (Pachira aquatica),0.1197,0.7392,anthurium-andraeanum,"anthurium-andraeanum|pachira-aquatica|euphorbia-pulcherrima",true,high-conf,true,143,
euphorbia-pulcherrima__01,euphorbia-pulcherrima,grid2x2,rotate_+90,rotate,Anthurium (Anthurium andraeanum),0.7593,Snake plant (Sanseviera),0.0888,0.6705,anthurium-andraeanum,"anthurium-andraeanum|dracaena-trifasciata|pachira-aquatica",true,high-conf,true,226,
euphorbia-pulcherrima__01,euphorbia-pulcherrima,grid2x2_3x3,rotate_+90,rotate,Anthurium (Anthurium andraeanum),0.5823,Elephant Ear (Alocasia spp.),0.1431,0.4392,anthurium-andraeanum,"anthurium-andraeanum|alocasia|dracaena-trifasciata",true,high-conf,true,412,
euphorbia-pulcherrima__01,euphorbia-pulcherrima,tta6,rotate_-90,rotate,Anthurium (Anthurium andraeanum),0.5779,Money Tree (Pachira aquatica),0.3333,0.2446,anthurium-andraeanum,"anthurium-andraeanum|pachira-aquatica|euphorbia-pulcherrima",true,low-conf,false,98,
euphorbia-pulcherrima__01,euphorbia-pulcherrima,grid2x2,rotate_-90,rotate,Anthurium (Anthurium andraeanum),0.5651,Money Tree (Pachira aquatica),0.2005,0.3646,anthurium-andraeanum,"anthurium-andraeanum|pachira-aquatica|dracaena-trifasciata",true,high-conf,true,221,
euphorbia-pulcherrima__01,euphorbia-pulcherrima,grid2x2_3x3,rotate_-90,rotate,Anthurium (Anthurium andraeanum),0.5068,Elephant Ear (Alocasia spp.),0.1609,0.3459,anthurium-andraeanum,"anthurium-andraeanum|alocasia|pachira-aquatica",true,high-conf,true,427,
euphorbia-pulcherrima__01,euphorbia-pulcherrima,tta6,bright_up,brightness,Anthurium (Anthurium andraeanum),0.5624,Tradescantia,0.3162,0.2462,anthurium-andraeanum,"anthurium-andraeanum|tradescantia|ctenanthe",true,low-conf,false,110,
euphorbia-pulcherrima__01,euphorbia-pulcherrima,grid2x2,bright_up,brightness,Anthurium (Anthurium andraeanum),0.5110,Tradescantia,0.2309,0.2801,anthurium-andraeanum,"anthurium-andraeanum|tradescantia|dracaena-trifasciata",true,low-conf,false,209,
euphorbia-pulcherrima__01,euphorbia-pulcherrima,grid2x2_3x3,bright_up,brightness,Anthurium (Anthurium andraeanum),0.4722,Tradescantia,0.1831,0.2891,anthurium-andraeanum,"anthurium-andraeanum|tradescantia|alocasia",true,low-conf,false,370,
euphorbia-pulcherrima__01,euphorbia-pulcherrima,tta6,bright_down,brightness,Anthurium (Anthurium andraeanum),0.5558,Chinese evergreen (Aglaonema),0.2225,0.3333,anthurium-andraeanum,"anthurium-andraeanum|aglaonema|ctenanthe",true,high-conf,true,115,
euphorbia-pulcherrima__01,euphorbia-pulcherrima,grid2x2,bright_down,brightness,Anthurium (Anthurium andraeanum),0.5214,Chinese evergreen (Aglaonema),0.1438,0.3776,anthurium-andraeanum,"anthurium-andraeanum|aglaonema|dracaena-trifasciata",true,high-conf,true,178,
euphorbia-pulcherrima__01,euphorbia-pulcherrima,grid2x2_3x3,bright_down,brightness,Anthurium (Anthurium andraeanum),0.4354,Chinese evergreen (Aglaonema),0.1209,0.3145,anthurium-andraeanum,"anthurium-andraeanum|aglaonema|schlumbergera-bridgesii",true,low-conf,false,356,
euphorbia-pulcherrima__01,euphorbia-pulcherrima,tta6,contrast_up,contrast,Anthurium (Anthurium andraeanum),0.6242,Tradescantia,0.1450,0.4792,anthurium-andraeanum,"anthurium-andraeanum|tradescantia|aglaonema",true,high-conf,true,115,
euphorbia-pulcherrima__01,euphorbia-pulcherrima,grid2x2,contrast_up,contrast,Anthurium (Anthurium andraeanum),0.5086,Poinsettia (Euphorbia pulcherrima),0.1174,0.3912,anthurium-andraeanum,"anthurium-andraeanum|euphorbia-pulcherrima|tradescantia",true,high-conf,true,190,
euphorbia-pulcherrima__01,euphorbia-pulcherrima,grid2x2_3x3,contrast_up,contrast,Anthurium (Anthurium andraeanum),0.4303,Tradescantia,0.1009,0.3294,anthurium-andraeanum,"anthurium-andraeanum|tradescantia|alocasia",true,low-conf,false,489,
euphorbia-pulcherrima__01,euphorbia-pulcherrima,tta6,contrast_down,contrast,Anthurium (Anthurium andraeanum),0.5163,Ctenanthe,0.2861,0.2302,anthurium-andraeanum,"anthurium-andraeanum|ctenanthe|tradescantia",true,low-conf,false,149,
euphorbia-pulcherrima__01,euphorbia-pulcherrima,grid2x2,contrast_down,contrast,Anthurium (Anthurium andraeanum),0.5494,Ctenanthe,0.1717,0.3777,anthurium-andraeanum,"anthurium-andraeanum|ctenanthe|tradescantia",true,high-conf,true,237,
euphorbia-pulcherrima__01,euphorbia-pulcherrima,grid2x2_3x3,contrast_down,contrast,Anthurium (Anthurium andraeanum),0.4998,Tradescantia,0.1205,0.3793,anthurium-andraeanum,"anthurium-andraeanum|tradescantia|schlumbergera-bridgesii",true,high-conf,true,444,
ficus-elastica__01,ficus-elastica,tta6,clean,clean,Rubber Plant (Ficus elastica),1.0000,Schefflera,0.0000,1.0000,ficus-elastica,"ficus-elastica|schefflera|tradescantia",true,high-conf,false,257,
ficus-elastica__01,ficus-elastica,grid2x2,clean,clean,Rubber Plant (Ficus elastica),1.0000,Schefflera,0.0000,1.0000,ficus-elastica,"ficus-elastica|schefflera|zamioculcas-zamiifolia",true,high-conf,false,410,
ficus-elastica__01,ficus-elastica,grid2x2_3x3,clean,clean,Rubber Plant (Ficus elastica),0.9989,Bird of Paradise (Strelitzia reginae),0.0009,0.9981,ficus-elastica,"ficus-elastica|strelitzia-reginae|pachira-aquatica",true,high-conf,false,716,
ficus-elastica__01,ficus-elastica,tta6,blur,blur,Tradescantia,0.5414,English Ivy (Hedera helix),0.4062,0.1352,tradescantia,"tradescantia|hedera-helix|aspidistra-elatior",true,low-conf,false,210,
ficus-elastica__01,ficus-elastica,grid2x2,blur,blur,Tradescantia,0.5909,English Ivy (Hedera helix),0.2574,0.3336,tradescantia,"tradescantia|hedera-helix|pachira-aquatica",true,high-conf,true,396,
ficus-elastica__01,ficus-elastica,grid2x2_3x3,blur,blur,Tradescantia,0.4903,English Ivy (Hedera helix),0.1367,0.3536,tradescantia,"tradescantia|hedera-helix|pachira-aquatica",true,high-conf,true,378,
ficus-elastica__01,ficus-elastica,tta6,crop_center_zoom,crop,Rubber Plant (Ficus elastica),1.0000,Schefflera,0.0000,1.0000,ficus-elastica,"ficus-elastica|schefflera|zamioculcas-zamiifolia",true,high-conf,false,110,
ficus-elastica__01,ficus-elastica,grid2x2,crop_center_zoom,crop,Rubber Plant (Ficus elastica),1.0000,Tradescantia,0.0000,1.0000,ficus-elastica,"ficus-elastica|tradescantia|zamioculcas-zamiifolia",true,high-conf,false,174,
ficus-elastica__01,ficus-elastica,grid2x2_3x3,crop_center_zoom,crop,Rubber Plant (Ficus elastica),0.8668,Tradescantia,0.1292,0.7376,ficus-elastica,"ficus-elastica|tradescantia|zamioculcas-zamiifolia",true,high-conf,false,476,
ficus-elastica__01,ficus-elastica,tta6,crop_offcenter_zoom,crop,Rubber Plant (Ficus elastica),1.0000,Schefflera,0.0000,1.0000,ficus-elastica,"ficus-elastica|schefflera|zamioculcas-zamiifolia",true,high-conf,false,120,
ficus-elastica__01,ficus-elastica,grid2x2,crop_offcenter_zoom,crop,Rubber Plant (Ficus elastica),1.0000,Tradescantia,0.0000,1.0000,ficus-elastica,"ficus-elastica|tradescantia|zamioculcas-zamiifolia",true,high-conf,false,187,
ficus-elastica__01,ficus-elastica,grid2x2_3x3,crop_offcenter_zoom,crop,Rubber Plant (Ficus elastica),0.9546,Tradescantia,0.0315,0.9231,ficus-elastica,"ficus-elastica|tradescantia|zamioculcas-zamiifolia",true,high-conf,false,365,
ficus-elastica__01,ficus-elastica,tta6,rotate_+15,rotate,Rubber Plant (Ficus elastica),0.6024,Schefflera,0.3955,0.2070,ficus-elastica,"ficus-elastica|schefflera|zamioculcas-zamiifolia",true,low-conf,false,119,
ficus-elastica__01,ficus-elastica,grid2x2,rotate_+15,rotate,Rubber Plant (Ficus elastica),0.6369,Schefflera,0.2420,0.3949,ficus-elastica,"ficus-elastica|schefflera|tradescantia",true,high-conf,false,238,
ficus-elastica__01,ficus-elastica,grid2x2_3x3,rotate_+15,rotate,Rubber Plant (Ficus elastica),0.6088,Schefflera,0.2008,0.4080,ficus-elastica,"ficus-elastica|schefflera|tradescantia",true,high-conf,false,304,
ficus-elastica__01,ficus-elastica,tta6,rotate_-15,rotate,Schefflera,0.5066,Rubber Plant (Ficus elastica),0.4897,0.0168,schefflera,"schefflera|ficus-elastica|epipremnum-aureum",true,low-conf,false,94,
ficus-elastica__01,ficus-elastica,grid2x2,rotate_-15,rotate,Rubber Plant (Ficus elastica),0.5946,Schefflera,0.3553,0.2393,ficus-elastica,"ficus-elastica|schefflera|tradescantia",true,low-conf,false,171,
ficus-elastica__01,ficus-elastica,grid2x2_3x3,rotate_-15,rotate,Rubber Plant (Ficus elastica),0.6966,Schefflera,0.1870,0.5096,ficus-elastica,"ficus-elastica|schefflera|tradescantia",true,high-conf,false,302,
ficus-elastica__01,ficus-elastica,tta6,rotate_+90,rotate,Rubber Plant (Ficus elastica),1.0000,Schefflera,0.0000,1.0000,ficus-elastica,"ficus-elastica|schefflera|tradescantia",true,high-conf,false,101,
ficus-elastica__01,ficus-elastica,grid2x2,rotate_+90,rotate,Rubber Plant (Ficus elastica),1.0000,Schefflera,0.0000,1.0000,ficus-elastica,"ficus-elastica|schefflera|tradescantia",true,high-conf,false,191,
ficus-elastica__01,ficus-elastica,grid2x2_3x3,rotate_+90,rotate,Rubber Plant (Ficus elastica),0.9999,Money Tree (Pachira aquatica),0.0001,0.9999,ficus-elastica,"ficus-elastica|pachira-aquatica|schefflera",true,high-conf,false,363,
ficus-elastica__01,ficus-elastica,tta6,rotate_-90,rotate,Rubber Plant (Ficus elastica),1.0000,Schefflera,0.0000,1.0000,ficus-elastica,"ficus-elastica|schefflera|zamioculcas-zamiifolia",true,high-conf,false,159,
ficus-elastica__01,ficus-elastica,grid2x2,rotate_-90,rotate,Rubber Plant (Ficus elastica),1.0000,Schefflera,0.0000,1.0000,ficus-elastica,"ficus-elastica|schefflera|zamioculcas-zamiifolia",true,high-conf,false,181,
ficus-elastica__01,ficus-elastica,grid2x2_3x3,rotate_-90,rotate,Rubber Plant (Ficus elastica),0.9895,Money Tree (Pachira aquatica),0.0084,0.9810,ficus-elastica,"ficus-elastica|pachira-aquatica|strelitzia-reginae",true,high-conf,false,494,
ficus-elastica__01,ficus-elastica,tta6,bright_up,brightness,Rubber Plant (Ficus elastica),1.0000,Schefflera,0.0000,1.0000,ficus-elastica,"ficus-elastica|schefflera|tradescantia",true,high-conf,false,115,
ficus-elastica__01,ficus-elastica,grid2x2,bright_up,brightness,Rubber Plant (Ficus elastica),1.0000,Schefflera,0.0000,1.0000,ficus-elastica,"ficus-elastica|schefflera|tradescantia",true,high-conf,false,225,
ficus-elastica__01,ficus-elastica,grid2x2_3x3,bright_up,brightness,Rubber Plant (Ficus elastica),0.9907,Tradescantia,0.0061,0.9846,ficus-elastica,"ficus-elastica|tradescantia|strelitzia-reginae",true,high-conf,false,402,
ficus-elastica__01,ficus-elastica,tta6,bright_down,brightness,Rubber Plant (Ficus elastica),1.0000,Schefflera,0.0000,1.0000,ficus-elastica,"ficus-elastica|schefflera|zamioculcas-zamiifolia",true,high-conf,false,173,
ficus-elastica__01,ficus-elastica,grid2x2,bright_down,brightness,Rubber Plant (Ficus elastica),1.0000,Schefflera,0.0000,1.0000,ficus-elastica,"ficus-elastica|schefflera|zamioculcas-zamiifolia",true,high-conf,false,388,
ficus-elastica__01,ficus-elastica,grid2x2_3x3,bright_down,brightness,Rubber Plant (Ficus elastica),0.9997,Money Tree (Pachira aquatica),0.0002,0.9995,ficus-elastica,"ficus-elastica|pachira-aquatica|strelitzia-reginae",true,high-conf,false,483,
ficus-elastica__01,ficus-elastica,tta6,contrast_up,contrast,Rubber Plant (Ficus elastica),0.9999,Schefflera,0.0001,0.9998,ficus-elastica,"ficus-elastica|schefflera|tradescantia",true,high-conf,false,181,
ficus-elastica__01,ficus-elastica,grid2x2,contrast_up,contrast,Rubber Plant (Ficus elastica),0.9999,Schefflera,0.0001,0.9999,ficus-elastica,"ficus-elastica|schefflera|tradescantia",true,high-conf,false,189,
ficus-elastica__01,ficus-elastica,grid2x2_3x3,contrast_up,contrast,Rubber Plant (Ficus elastica),0.9799,Bird of Paradise (Strelitzia reginae),0.0194,0.9605,ficus-elastica,"ficus-elastica|strelitzia-reginae|dracaena-trifasciata",true,high-conf,false,545,
ficus-elastica__01,ficus-elastica,tta6,contrast_down,contrast,Rubber Plant (Ficus elastica),0.9998,Schefflera,0.0002,0.9997,ficus-elastica,"ficus-elastica|schefflera|zamioculcas-zamiifolia",true,high-conf,false,213,
ficus-elastica__01,ficus-elastica,grid2x2,contrast_down,contrast,Rubber Plant (Ficus elastica),0.9998,Schefflera,0.0002,0.9995,ficus-elastica,"ficus-elastica|schefflera|zamioculcas-zamiifolia",true,high-conf,false,331,
ficus-elastica__01,ficus-elastica,grid2x2_3x3,contrast_down,contrast,Rubber Plant (Ficus elastica),0.9892,ZZ Plant (Zamioculcas zamiifolia),0.0092,0.9800,ficus-elastica,"ficus-elastica|zamioculcas-zamiifolia|tradescantia",true,high-conf,false,658,
ficus-elastica__02,ficus-elastica,tta6,clean,clean,Rubber Plant (Ficus elastica),0.5172,Pothos (Ivy arum),0.4156,0.1016,ficus-elastica,"ficus-elastica|epipremnum-aureum|monstera-deliciosa",true,low-conf,false,123,
ficus-elastica__02,ficus-elastica,grid2x2,clean,clean,Rubber Plant (Ficus elastica),0.4910,Pothos (Ivy arum),0.2510,0.2400,ficus-elastica,"ficus-elastica|epipremnum-aureum|pachira-aquatica",true,low-conf,false,250,
ficus-elastica__02,ficus-elastica,grid2x2_3x3,clean,clean,Rubber Plant (Ficus elastica),0.4028,Pothos (Ivy arum),0.1347,0.2681,ficus-elastica,"ficus-elastica|epipremnum-aureum|pachira-aquatica",true,low-conf,false,607,
ficus-elastica__02,ficus-elastica,tta6,blur,blur,Money Tree (Pachira aquatica),0.8872,Schefflera,0.0684,0.8188,pachira-aquatica,"pachira-aquatica|schefflera|zamioculcas-zamiifolia",true,high-conf,true,205,
ficus-elastica__02,ficus-elastica,grid2x2,blur,blur,Money Tree (Pachira aquatica),0.6143,Ctenanthe,0.1070,0.5073,pachira-aquatica,"pachira-aquatica|ctenanthe|maranta-leuconeura",true,high-conf,true,301,
ficus-elastica__02,ficus-elastica,grid2x2_3x3,blur,blur,Money Tree (Pachira aquatica),0.3906,English Ivy (Hedera helix),0.1222,0.2683,pachira-aquatica,"pachira-aquatica|hedera-helix|zamioculcas-zamiifolia",true,low-conf,false,463,
ficus-elastica__02,ficus-elastica,tta6,crop_center_zoom,crop,Rubber Plant (Ficus elastica),0.5325,Dracaena,0.2798,0.2527,ficus-elastica,"ficus-elastica|dracaena|epipremnum-aureum",true,low-conf,false,114,
ficus-elastica__02,ficus-elastica,grid2x2,crop_center_zoom,crop,Rubber Plant (Ficus elastica),0.6043,Dracaena,0.1686,0.4357,ficus-elastica,"ficus-elastica|dracaena|epipremnum-aureum",true,high-conf,false,604,
ficus-elastica__02,ficus-elastica,grid2x2_3x3,crop_center_zoom,crop,Rubber Plant (Ficus elastica),0.4124,Bird of Paradise (Strelitzia reginae),0.1354,0.2770,ficus-elastica,"ficus-elastica|strelitzia-reginae|dracaena",true,low-conf,false,704,
ficus-elastica__02,ficus-elastica,tta6,crop_offcenter_zoom,crop,Rubber Plant (Ficus elastica),0.7675,Bird of Paradise (Strelitzia reginae),0.1338,0.6337,ficus-elastica,"ficus-elastica|strelitzia-reginae|epipremnum-aureum",true,high-conf,false,194,
ficus-elastica__02,ficus-elastica,grid2x2,crop_offcenter_zoom,crop,Rubber Plant (Ficus elastica),0.5664,Bird of Paradise (Strelitzia reginae),0.1735,0.3929,ficus-elastica,"ficus-elastica|strelitzia-reginae|pachira-aquatica",true,high-conf,false,413,
ficus-elastica__02,ficus-elastica,grid2x2_3x3,crop_offcenter_zoom,crop,Rubber Plant (Ficus elastica),0.3282,Money Tree (Pachira aquatica),0.1774,0.1507,ficus-elastica,"ficus-elastica|pachira-aquatica|strelitzia-reginae",true,low-conf,false,1006,
ficus-elastica__02,ficus-elastica,tta6,rotate_+15,rotate,Pothos (Ivy arum),0.5554,Money Tree (Pachira aquatica),0.2547,0.3006,epipremnum-aureum,"epipremnum-aureum|pachira-aquatica|ficus-elastica",true,high-conf,true,269,
ficus-elastica__02,ficus-elastica,grid2x2,rotate_+15,rotate,Pothos (Ivy arum),0.4306,Money Tree (Pachira aquatica),0.3167,0.1139,epipremnum-aureum,"epipremnum-aureum|pachira-aquatica|ficus-elastica",true,low-conf,false,613,
ficus-elastica__02,ficus-elastica,grid2x2_3x3,rotate_+15,rotate,Money Tree (Pachira aquatica),0.2737,Pothos (Ivy arum),0.2403,0.0334,pachira-aquatica,"pachira-aquatica|epipremnum-aureum|ficus-elastica",true,low-conf,false,876,
ficus-elastica__02,ficus-elastica,tta6,rotate_-15,rotate,Pothos (Ivy arum),0.6434,Money Tree (Pachira aquatica),0.3198,0.3235,epipremnum-aureum,"epipremnum-aureum|pachira-aquatica|phalaenopsis",true,high-conf,true,219,
ficus-elastica__02,ficus-elastica,grid2x2,rotate_-15,rotate,Pothos (Ivy arum),0.5408,Money Tree (Pachira aquatica),0.2521,0.2886,epipremnum-aureum,"epipremnum-aureum|pachira-aquatica|ficus-elastica",true,low-conf,false,413,
ficus-elastica__02,ficus-elastica,grid2x2_3x3,rotate_-15,rotate,Pothos (Ivy arum),0.2848,Money Tree (Pachira aquatica),0.2438,0.0410,epipremnum-aureum,"epipremnum-aureum|pachira-aquatica|ficus-elastica",true,low-conf,false,713,
ficus-elastica__02,ficus-elastica,tta6,rotate_+90,rotate,Money Tree (Pachira aquatica),0.5555,Rubber Plant (Ficus elastica),0.2263,0.3292,pachira-aquatica,"pachira-aquatica|ficus-elastica|crassula-ovata",true,high-conf,true,196,
ficus-elastica__02,ficus-elastica,grid2x2,rotate_+90,rotate,Money Tree (Pachira aquatica),0.4163,Rubber Plant (Ficus elastica),0.2356,0.1807,pachira-aquatica,"pachira-aquatica|ficus-elastica|crassula-ovata",true,low-conf,false,367,
ficus-elastica__02,ficus-elastica,grid2x2_3x3,rotate_+90,rotate,Money Tree (Pachira aquatica),0.4197,Rubber Plant (Ficus elastica),0.1520,0.2677,pachira-aquatica,"pachira-aquatica|ficus-elastica|strelitzia-reginae",true,low-conf,false,490,
ficus-elastica__02,ficus-elastica,tta6,rotate_-90,rotate,Rubber Plant (Ficus elastica),0.8316,Money Tree (Pachira aquatica),0.1635,0.6682,ficus-elastica,"ficus-elastica|pachira-aquatica|epipremnum-aureum",true,high-conf,false,131,
ficus-elastica__02,ficus-elastica,grid2x2,rotate_-90,rotate,Rubber Plant (Ficus elastica),0.7502,Money Tree (Pachira aquatica),0.1037,0.6466,ficus-elastica,"ficus-elastica|pachira-aquatica|epipremnum-aureum",true,high-conf,false,281,
ficus-elastica__02,ficus-elastica,grid2x2_3x3,rotate_-90,rotate,Rubber Plant (Ficus elastica),0.6149,Money Tree (Pachira aquatica),0.1402,0.4747,ficus-elastica,"ficus-elastica|pachira-aquatica|strelitzia-reginae",true,high-conf,false,563,
ficus-elastica__02,ficus-elastica,tta6,bright_up,brightness,Rubber Plant (Ficus elastica),0.5161,Pothos (Ivy arum),0.3190,0.1971,ficus-elastica,"ficus-elastica|epipremnum-aureum|monstera-deliciosa",true,low-conf,false,124,
ficus-elastica__02,ficus-elastica,grid2x2,bright_up,brightness,Rubber Plant (Ficus elastica),0.4991,Pothos (Ivy arum),0.1978,0.3013,ficus-elastica,"ficus-elastica|epipremnum-aureum|pachira-aquatica",true,high-conf,false,208,
ficus-elastica__02,ficus-elastica,grid2x2_3x3,bright_up,brightness,Rubber Plant (Ficus elastica),0.4083,Ctenanthe,0.1174,0.2909,ficus-elastica,"ficus-elastica|ctenanthe|epipremnum-aureum",true,low-conf,false,448,
ficus-elastica__02,ficus-elastica,tta6,bright_down,brightness,Rubber Plant (Ficus elastica),0.8534,Monstera Deliciosa (Monstera deliciosa),0.0859,0.7675,ficus-elastica,"ficus-elastica|monstera-deliciosa|epipremnum-aureum",true,high-conf,false,140,
ficus-elastica__02,ficus-elastica,grid2x2,bright_down,brightness,Rubber Plant (Ficus elastica),0.7799,Money Tree (Pachira aquatica),0.0907,0.6892,ficus-elastica,"ficus-elastica|pachira-aquatica|monstera-deliciosa",true,high-conf,false,281,
ficus-elastica__02,ficus-elastica,grid2x2_3x3,bright_down,brightness,Rubber Plant (Ficus elastica),0.5579,Money Tree (Pachira aquatica),0.1058,0.4521,ficus-elastica,"ficus-elastica|pachira-aquatica|strelitzia-reginae",true,high-conf,false,484,
ficus-elastica__02,ficus-elastica,tta6,contrast_up,contrast,Rubber Plant (Ficus elastica),0.6626,Pothos (Ivy arum),0.3191,0.3436,ficus-elastica,"ficus-elastica|epipremnum-aureum|monstera-deliciosa",true,high-conf,false,208,
ficus-elastica__02,ficus-elastica,grid2x2,contrast_up,contrast,Rubber Plant (Ficus elastica),0.5965,Pothos (Ivy arum),0.1980,0.3985,ficus-elastica,"ficus-elastica|epipremnum-aureum|aspidistra-elatior",true,high-conf,false,305,
ficus-elastica__02,ficus-elastica,grid2x2_3x3,contrast_up,contrast,Rubber Plant (Ficus elastica),0.4392,Money Tree (Pachira aquatica),0.1248,0.3145,ficus-elastica,"ficus-elastica|pachira-aquatica|epipremnum-aureum",true,low-conf,false,527,
ficus-elastica__02,ficus-elastica,tta6,contrast_down,contrast,Rubber Plant (Ficus elastica),0.5508,Pothos (Ivy arum),0.2179,0.3329,ficus-elastica,"ficus-elastica|epipremnum-aureum|monstera-deliciosa",true,high-conf,false,147,
ficus-elastica__02,ficus-elastica,grid2x2,contrast_down,contrast,Rubber Plant (Ficus elastica),0.5126,Pothos (Ivy arum),0.1318,0.3808,ficus-elastica,"ficus-elastica|epipremnum-aureum|pachira-aquatica",true,high-conf,false,192,
ficus-elastica__02,ficus-elastica,grid2x2_3x3,contrast_down,contrast,Rubber Plant (Ficus elastica),0.4204,Ctenanthe,0.1169,0.3035,ficus-elastica,"ficus-elastica|ctenanthe|pachira-aquatica",true,low-conf,false,543,
goeppertia-orbifolia,goeppertia-orbifolia,tta6,clean,clean,Calathea,0.9999,Tradescantia,0.0001,0.9998,goeppertia-orbifolia,"goeppertia-orbifolia|tradescantia|monstera-deliciosa",true,high-conf,false,115,
goeppertia-orbifolia,goeppertia-orbifolia,grid2x2,clean,clean,Calathea,0.8972,Tradescantia,0.0999,0.7973,goeppertia-orbifolia,"goeppertia-orbifolia|tradescantia|alocasia",true,high-conf,false,207,
goeppertia-orbifolia,goeppertia-orbifolia,grid2x2_3x3,clean,clean,Calathea,0.6304,Tradescantia,0.2535,0.3769,goeppertia-orbifolia,"goeppertia-orbifolia|tradescantia|ctenanthe",true,high-conf,false,455,
goeppertia-orbifolia,goeppertia-orbifolia,tta6,blur,blur,Calathea,1.0000,Prayer Plant (Maranta leuconeura),0.0000,1.0000,goeppertia-orbifolia,"goeppertia-orbifolia|maranta-leuconeura|spathiphyllum-wallisii",true,high-conf,false,153,
goeppertia-orbifolia,goeppertia-orbifolia,grid2x2,blur,blur,Calathea,0.9702,Prayer Plant (Maranta leuconeura),0.0239,0.9463,goeppertia-orbifolia,"goeppertia-orbifolia|maranta-leuconeura|zamioculcas-zamiifolia",true,high-conf,false,307,
goeppertia-orbifolia,goeppertia-orbifolia,grid2x2_3x3,blur,blur,Calathea,0.7444,Prayer Plant (Maranta leuconeura),0.1189,0.6255,goeppertia-orbifolia,"goeppertia-orbifolia|maranta-leuconeura|dypsis-lutescens",true,high-conf,false,380,
goeppertia-orbifolia,goeppertia-orbifolia,tta6,crop_center_zoom,crop,Calathea,0.9520,Tradescantia,0.0480,0.9039,goeppertia-orbifolia,"goeppertia-orbifolia|tradescantia|ctenanthe",true,high-conf,false,109,
goeppertia-orbifolia,goeppertia-orbifolia,grid2x2,crop_center_zoom,crop,Calathea,0.7700,Tradescantia,0.2279,0.5421,goeppertia-orbifolia,"goeppertia-orbifolia|tradescantia|ctenanthe",true,high-conf,false,178,
goeppertia-orbifolia,goeppertia-orbifolia,grid2x2_3x3,crop_center_zoom,crop,Calathea,0.6046,Tradescantia,0.2381,0.3665,goeppertia-orbifolia,"goeppertia-orbifolia|tradescantia|aspidistra-elatior",true,high-conf,false,404,
goeppertia-orbifolia,goeppertia-orbifolia,tta6,crop_offcenter_zoom,crop,Calathea,0.9970,Tradescantia,0.0018,0.9952,goeppertia-orbifolia,"goeppertia-orbifolia|tradescantia|alocasia",true,high-conf,false,138,
goeppertia-orbifolia,goeppertia-orbifolia,grid2x2,crop_offcenter_zoom,crop,Calathea,0.7607,Ctenanthe,0.1774,0.5833,goeppertia-orbifolia,"goeppertia-orbifolia|ctenanthe|aspidistra-elatior",true,high-conf,false,193,
goeppertia-orbifolia,goeppertia-orbifolia,grid2x2_3x3,crop_offcenter_zoom,crop,Calathea,0.5115,Ctenanthe,0.1698,0.3417,goeppertia-orbifolia,"goeppertia-orbifolia|ctenanthe|tradescantia",true,high-conf,false,291,
goeppertia-orbifolia,goeppertia-orbifolia,tta6,rotate_+15,rotate,Calathea,0.9997,Monstera Deliciosa (Monstera deliciosa),0.0003,0.9994,goeppertia-orbifolia,"goeppertia-orbifolia|monstera-deliciosa|chamaedorea-elegans",true,high-conf,false,106,
goeppertia-orbifolia,goeppertia-orbifolia,grid2x2,rotate_+15,rotate,Calathea,0.9004,Tradescantia,0.0992,0.8012,goeppertia-orbifolia,"goeppertia-orbifolia|tradescantia|monstera-deliciosa",true,high-conf,false,216,
goeppertia-orbifolia,goeppertia-orbifolia,grid2x2_3x3,rotate_+15,rotate,Calathea,0.7496,Tradescantia,0.1600,0.5896,goeppertia-orbifolia,"goeppertia-orbifolia|tradescantia|maranta-leuconeura",true,high-conf,false,417,
goeppertia-orbifolia,goeppertia-orbifolia,tta6,rotate_-15,rotate,Calathea,0.9997,Monstera Deliciosa (Monstera deliciosa),0.0001,0.9996,goeppertia-orbifolia,"goeppertia-orbifolia|monstera-deliciosa|alocasia",true,high-conf,false,113,
goeppertia-orbifolia,goeppertia-orbifolia,grid2x2,rotate_-15,rotate,Calathea,0.8712,Dumb Cane (Dieffenbachia spp.),0.0768,0.7944,goeppertia-orbifolia,"goeppertia-orbifolia|dieffenbachia|tradescantia",true,high-conf,false,171,
goeppertia-orbifolia,goeppertia-orbifolia,grid2x2_3x3,rotate_-15,rotate,Calathea,0.6257,Dumb Cane (Dieffenbachia spp.),0.1144,0.5113,goeppertia-orbifolia,"goeppertia-orbifolia|dieffenbachia|tradescantia",true,high-conf,false,288,
goeppertia-orbifolia,goeppertia-orbifolia,tta6,rotate_+90,rotate,Calathea,0.8715,Monstera Deliciosa (Monstera deliciosa),0.0720,0.7995,goeppertia-orbifolia,"goeppertia-orbifolia|monstera-deliciosa|ctenanthe",true,high-conf,false,88,
goeppertia-orbifolia,goeppertia-orbifolia,grid2x2,rotate_+90,rotate,Calathea,0.6578,Monstera Deliciosa (Monstera deliciosa),0.1458,0.5120,goeppertia-orbifolia,"goeppertia-orbifolia|monstera-deliciosa|tradescantia",true,high-conf,false,159,
goeppertia-orbifolia,goeppertia-orbifolia,grid2x2_3x3,rotate_+90,rotate,Calathea,0.4920,Tradescantia,0.1944,0.2976,goeppertia-orbifolia,"goeppertia-orbifolia|tradescantia|monstera-deliciosa",true,low-conf,false,572,
goeppertia-orbifolia,goeppertia-orbifolia,tta6,rotate_-90,rotate,Calathea,0.9999,Monstera Deliciosa (Monstera deliciosa),0.0001,0.9998,goeppertia-orbifolia,"goeppertia-orbifolia|monstera-deliciosa|maranta-leuconeura",true,high-conf,false,187,
goeppertia-orbifolia,goeppertia-orbifolia,grid2x2,rotate_-90,rotate,Calathea,0.8121,Monstera Deliciosa (Monstera deliciosa),0.0997,0.7124,goeppertia-orbifolia,"goeppertia-orbifolia|monstera-deliciosa|maranta-leuconeura",true,high-conf,false,317,
goeppertia-orbifolia,goeppertia-orbifolia,grid2x2_3x3,rotate_-90,rotate,Calathea,0.6394,Tradescantia,0.1051,0.5343,goeppertia-orbifolia,"goeppertia-orbifolia|tradescantia|maranta-leuconeura",true,high-conf,false,337,
goeppertia-orbifolia,goeppertia-orbifolia,tta6,bright_up,brightness,Calathea,0.9998,Tradescantia,0.0001,0.9997,goeppertia-orbifolia,"goeppertia-orbifolia|tradescantia|monstera-deliciosa",true,high-conf,false,253,
goeppertia-orbifolia,goeppertia-orbifolia,grid2x2,bright_up,brightness,Calathea,0.8982,Tradescantia,0.1001,0.7981,goeppertia-orbifolia,"goeppertia-orbifolia|tradescantia|maranta-leuconeura",true,high-conf,false,260,
goeppertia-orbifolia,goeppertia-orbifolia,grid2x2_3x3,bright_up,brightness,Calathea,0.6568,Tradescantia,0.2315,0.4252,goeppertia-orbifolia,"goeppertia-orbifolia|tradescantia|yucca",true,high-conf,false,371,
goeppertia-orbifolia,goeppertia-orbifolia,tta6,bright_down,brightness,Calathea,1.0000,Ctenanthe,0.0000,1.0000,goeppertia-orbifolia,"goeppertia-orbifolia|ctenanthe|tradescantia",true,high-conf,false,162,
goeppertia-orbifolia,goeppertia-orbifolia,grid2x2,bright_down,brightness,Calathea,0.9100,Monstera Deliciosa (Monstera deliciosa),0.0674,0.8427,goeppertia-orbifolia,"goeppertia-orbifolia|monstera-deliciosa|ctenanthe",true,high-conf,false,206,
goeppertia-orbifolia,goeppertia-orbifolia,grid2x2_3x3,bright_down,brightness,Calathea,0.7451,Ctenanthe,0.0802,0.6648,goeppertia-orbifolia,"goeppertia-orbifolia|ctenanthe|yucca",true,high-conf,false,594,
goeppertia-orbifolia,goeppertia-orbifolia,tta6,contrast_up,contrast,Calathea,0.9999,Ctenanthe,0.0001,0.9998,goeppertia-orbifolia,"goeppertia-orbifolia|ctenanthe|monstera-deliciosa",true,high-conf,false,169,
goeppertia-orbifolia,goeppertia-orbifolia,grid2x2,contrast_up,contrast,Calathea,0.9669,Tradescantia,0.0200,0.9469,goeppertia-orbifolia,"goeppertia-orbifolia|tradescantia|monstera-deliciosa",true,high-conf,false,181,
goeppertia-orbifolia,goeppertia-orbifolia,grid2x2_3x3,contrast_up,contrast,Calathea,0.8201,Dumb Cane (Dieffenbachia spp.),0.0507,0.7694,goeppertia-orbifolia,"goeppertia-orbifolia|dieffenbachia|ctenanthe",true,high-conf,false,318,
goeppertia-orbifolia,goeppertia-orbifolia,tta6,contrast_down,contrast,Calathea,1.0000,Tradescantia,0.0000,1.0000,goeppertia-orbifolia,"goeppertia-orbifolia|tradescantia|monstera-deliciosa",true,high-conf,false,118,
goeppertia-orbifolia,goeppertia-orbifolia,grid2x2,contrast_down,contrast,Calathea,0.9351,Tradescantia,0.0519,0.8832,goeppertia-orbifolia,"goeppertia-orbifolia|tradescantia|ctenanthe",true,high-conf,false,187,
goeppertia-orbifolia,goeppertia-orbifolia,grid2x2_3x3,contrast_down,contrast,Calathea,0.6545,Tradescantia,0.1828,0.4718,goeppertia-orbifolia,"goeppertia-orbifolia|tradescantia|maranta-leuconeura",true,high-conf,false,350,
hedera-helix__01,hedera-helix,tta6,clean,clean,English Ivy (Hedera helix),0.9960,Monstera Deliciosa (Monstera deliciosa),0.0028,0.9932,hedera-helix,"hedera-helix|monstera-deliciosa|alocasia",true,high-conf,false,122,
hedera-helix__01,hedera-helix,grid2x2,clean,clean,English Ivy (Hedera helix),0.9841,Elephant Ear (Alocasia spp.),0.0076,0.9765,hedera-helix,"hedera-helix|alocasia|monstera-deliciosa",true,high-conf,false,228,
hedera-helix__01,hedera-helix,grid2x2_3x3,clean,clean,English Ivy (Hedera helix),0.7668,African Violet (Saintpaulia ionantha),0.0809,0.6859,hedera-helix,"hedera-helix|saintpaulia-ionantha|alocasia",true,high-conf,false,730,
hedera-helix__01,hedera-helix,tta6,blur,blur,English Ivy (Hedera helix),1.0000,Elephant Ear (Alocasia spp.),0.0000,1.0000,hedera-helix,"hedera-helix|alocasia|monstera-deliciosa",true,high-conf,false,216,
hedera-helix__01,hedera-helix,grid2x2,blur,blur,English Ivy (Hedera helix),0.9962,ZZ Plant (Zamioculcas zamiifolia),0.0035,0.9927,hedera-helix,"hedera-helix|zamioculcas-zamiifolia|schlumbergera-bridgesii",true,high-conf,false,317,
hedera-helix__01,hedera-helix,grid2x2_3x3,blur,blur,English Ivy (Hedera helix),0.7365,ZZ Plant (Zamioculcas zamiifolia),0.1405,0.5960,hedera-helix,"hedera-helix|zamioculcas-zamiifolia|schlumbergera-bridgesii",true,high-conf,false,558,
hedera-helix__01,hedera-helix,tta6,crop_center_zoom,crop,English Ivy (Hedera helix),0.9967,African Violet (Saintpaulia ionantha),0.0014,0.9953,hedera-helix,"hedera-helix|saintpaulia-ionantha|monstera-deliciosa",true,high-conf,false,234,
hedera-helix__01,hedera-helix,grid2x2,crop_center_zoom,crop,English Ivy (Hedera helix),0.9374,Aloe Vera,0.0522,0.8851,hedera-helix,"hedera-helix|aloe-vera|alocasia",true,high-conf,false,304,
hedera-helix__01,hedera-helix,grid2x2_3x3,crop_center_zoom,crop,English Ivy (Hedera helix),0.8006,African Violet (Saintpaulia ionantha),0.0908,0.7097,hedera-helix,"hedera-helix|saintpaulia-ionantha|goeppertia-orbifolia",true,high-conf,false,430,
hedera-helix__01,hedera-helix,tta6,crop_offcenter_zoom,crop,English Ivy (Hedera helix),0.9900,Elephant Ear (Alocasia spp.),0.0069,0.9831,hedera-helix,"hedera-helix|alocasia|monstera-deliciosa",true,high-conf,false,111,
hedera-helix__01,hedera-helix,grid2x2,crop_offcenter_zoom,crop,English Ivy (Hedera helix),0.7151,African Violet (Saintpaulia ionantha),0.1221,0.5930,hedera-helix,"hedera-helix|saintpaulia-ionantha|zamioculcas-zamiifolia",true,high-conf,false,242,
hedera-helix__01,hedera-helix,grid2x2_3x3,crop_offcenter_zoom,crop,English Ivy (Hedera helix),0.6798,African Violet (Saintpaulia ionantha),0.1941,0.4857,hedera-helix,"hedera-helix|saintpaulia-ionantha|zamioculcas-zamiifolia",true,high-conf,false,472,
hedera-helix__01,hedera-helix,tta6,rotate_+15,rotate,English Ivy (Hedera helix),1.0000,Monstera Deliciosa (Monstera deliciosa),0.0000,0.9999,hedera-helix,"hedera-helix|monstera-deliciosa|alocasia",true,high-conf,false,125,
hedera-helix__01,hedera-helix,grid2x2,rotate_+15,rotate,English Ivy (Hedera helix),0.9761,Monstera Deliciosa (Monstera deliciosa),0.0119,0.9642,hedera-helix,"hedera-helix|monstera-deliciosa|goeppertia-orbifolia",true,high-conf,false,234,
hedera-helix__01,hedera-helix,grid2x2_3x3,rotate_+15,rotate,English Ivy (Hedera helix),0.7851,African Violet (Saintpaulia ionantha),0.0979,0.6872,hedera-helix,"hedera-helix|saintpaulia-ionantha|anthurium-andraeanum",true,high-conf,false,419,
hedera-helix__01,hedera-helix,tta6,rotate_-15,rotate,English Ivy (Hedera helix),0.9105,Monstera Deliciosa (Monstera deliciosa),0.0887,0.8217,hedera-helix,"hedera-helix|monstera-deliciosa|alocasia",true,high-conf,false,141,
hedera-helix__01,hedera-helix,grid2x2,rotate_-15,rotate,English Ivy (Hedera helix),0.9165,Monstera Deliciosa (Monstera deliciosa),0.0532,0.8633,hedera-helix,"hedera-helix|monstera-deliciosa|alocasia",true,high-conf,false,203,
hedera-helix__01,hedera-helix,grid2x2_3x3,rotate_-15,rotate,English Ivy (Hedera helix),0.8654,African Violet (Saintpaulia ionantha),0.0532,0.8123,hedera-helix,"hedera-helix|saintpaulia-ionantha|monstera-deliciosa",true,high-conf,false,533,
hedera-helix__01,hedera-helix,tta6,rotate_+90,rotate,English Ivy (Hedera helix),0.9995,Elephant Ear (Alocasia spp.),0.0004,0.9992,hedera-helix,"hedera-helix|alocasia|begonia",true,high-conf,false,169,
hedera-helix__01,hedera-helix,grid2x2,rotate_+90,rotate,English Ivy (Hedera helix),0.9968,Begonia (Begonia spp.),0.0021,0.9947,hedera-helix,"hedera-helix|begonia|alocasia",true,high-conf,false,197,
hedera-helix__01,hedera-helix,grid2x2_3x3,rotate_+90,rotate,English Ivy (Hedera helix),0.8620,Elephant Ear (Alocasia spp.),0.0640,0.7979,hedera-helix,"hedera-helix|alocasia|monstera-deliciosa",true,high-conf,false,412,
hedera-helix__01,hedera-helix,tta6,rotate_-90,rotate,English Ivy (Hedera helix),0.9997,Elephant Ear (Alocasia spp.),0.0003,0.9995,hedera-helix,"hedera-helix|alocasia|monstera-deliciosa",true,high-conf,false,144,
hedera-helix__01,hedera-helix,grid2x2,rotate_-90,rotate,English Ivy (Hedera helix),0.8920,Elephant Ear (Alocasia spp.),0.0429,0.8491,hedera-helix,"hedera-helix|alocasia|goeppertia-orbifolia",true,high-conf,false,294,
hedera-helix__01,hedera-helix,grid2x2_3x3,rotate_-90,rotate,English Ivy (Hedera helix),0.7242,African Violet (Saintpaulia ionantha),0.1199,0.6043,hedera-helix,"hedera-helix|saintpaulia-ionantha|alocasia",true,high-conf,false,493,
hedera-helix__01,hedera-helix,tta6,bright_up,brightness,English Ivy (Hedera helix),0.9979,Monstera Deliciosa (Monstera deliciosa),0.0018,0.9961,hedera-helix,"hedera-helix|monstera-deliciosa|alocasia",true,high-conf,false,108,
hedera-helix__01,hedera-helix,grid2x2,bright_up,brightness,English Ivy (Hedera helix),0.9371,Monstera Deliciosa (Monstera deliciosa),0.0296,0.9076,hedera-helix,"hedera-helix|monstera-deliciosa|alocasia",true,high-conf,false,199,
hedera-helix__01,hedera-helix,grid2x2_3x3,bright_up,brightness,English Ivy (Hedera helix),0.8143,African Violet (Saintpaulia ionantha),0.0713,0.7430,hedera-helix,"hedera-helix|saintpaulia-ionantha|alocasia",true,high-conf,false,311,
hedera-helix__01,hedera-helix,tta6,bright_down,brightness,English Ivy (Hedera helix),0.9942,Monstera Deliciosa (Monstera deliciosa),0.0031,0.9911,hedera-helix,"hedera-helix|monstera-deliciosa|alocasia",true,high-conf,false,107,
hedera-helix__01,hedera-helix,grid2x2,bright_down,brightness,English Ivy (Hedera helix),0.9695,Elephant Ear (Alocasia spp.),0.0207,0.9488,hedera-helix,"hedera-helix|alocasia|monstera-deliciosa",true,high-conf,false,205,
hedera-helix__01,hedera-helix,grid2x2_3x3,bright_down,brightness,English Ivy (Hedera helix),0.8076,African Violet (Saintpaulia ionantha),0.0725,0.7351,hedera-helix,"hedera-helix|saintpaulia-ionantha|alocasia",true,high-conf,false,415,
hedera-helix__01,hedera-helix,tta6,contrast_up,contrast,English Ivy (Hedera helix),0.9964,Elephant Ear (Alocasia spp.),0.0020,0.9945,hedera-helix,"hedera-helix|alocasia|monstera-deliciosa",true,high-conf,false,106,
hedera-helix__01,hedera-helix,grid2x2,contrast_up,contrast,English Ivy (Hedera helix),0.9954,Elephant Ear (Alocasia spp.),0.0025,0.9929,hedera-helix,"hedera-helix|alocasia|monstera-deliciosa",true,high-conf,false,184,
hedera-helix__01,hedera-helix,grid2x2_3x3,contrast_up,contrast,English Ivy (Hedera helix),0.8482,African Violet (Saintpaulia ionantha),0.0662,0.7820,hedera-helix,"hedera-helix|saintpaulia-ionantha|alocasia",true,high-conf,false,375,
hedera-helix__01,hedera-helix,tta6,contrast_down,contrast,English Ivy (Hedera helix),0.9783,Monstera Deliciosa (Monstera deliciosa),0.0214,0.9569,hedera-helix,"hedera-helix|monstera-deliciosa|alocasia",true,high-conf,false,107,
hedera-helix__01,hedera-helix,grid2x2,contrast_down,contrast,English Ivy (Hedera helix),0.9627,Monstera Deliciosa (Monstera deliciosa),0.0151,0.9477,hedera-helix,"hedera-helix|monstera-deliciosa|alocasia",true,high-conf,false,168,
hedera-helix__01,hedera-helix,grid2x2_3x3,contrast_down,contrast,English Ivy (Hedera helix),0.8055,African Violet (Saintpaulia ionantha),0.1604,0.6451,hedera-helix,"hedera-helix|saintpaulia-ionantha|alocasia",true,high-conf,false,281,
hypoestes-phyllostachya__01,hypoestes-phyllostachya,tta6,clean,clean,Polka Dot Plant (Hypoestes phyllostachya),0.8959,Snake plant (Sanseviera),0.1035,0.7924,hypoestes-phyllostachya,"hypoestes-phyllostachya|dracaena-trifasciata|aglaonema",true,high-conf,false,85,
hypoestes-phyllostachya__01,hypoestes-phyllostachya,grid2x2,clean,clean,Polka Dot Plant (Hypoestes phyllostachya),0.8374,Snake plant (Sanseviera),0.1621,0.6753,hypoestes-phyllostachya,"hypoestes-phyllostachya|dracaena-trifasciata|aglaonema",true,high-conf,false,150,
hypoestes-phyllostachya__01,hypoestes-phyllostachya,grid2x2_3x3,clean,clean,Polka Dot Plant (Hypoestes phyllostachya),0.7039,Snake plant (Sanseviera),0.2318,0.4721,hypoestes-phyllostachya,"hypoestes-phyllostachya|dracaena-trifasciata|dieffenbachia",true,high-conf,false,297,
hypoestes-phyllostachya__01,hypoestes-phyllostachya,tta6,blur,blur,Iron Cross begonia (Begonia masoniana),0.6090,ZZ Plant (Zamioculcas zamiifolia),0.3497,0.2593,zamioculcas-zamiifolia,"zamioculcas-zamiifolia|hedera-helix|hypoestes-phyllostachya",true,low-conf,false,148,
hypoestes-phyllostachya__01,hypoestes-phyllostachya,grid2x2,blur,blur,Iron Cross begonia (Begonia masoniana),0.4630,ZZ Plant (Zamioculcas zamiifolia),0.3136,0.1493,zamioculcas-zamiifolia,"zamioculcas-zamiifolia|hedera-helix|dracaena-trifasciata",true,low-conf,false,208,
hypoestes-phyllostachya__01,hypoestes-phyllostachya,grid2x2_3x3,blur,blur,ZZ Plant (Zamioculcas zamiifolia),0.3999,Iron Cross begonia (Begonia masoniana),0.3024,0.0975,zamioculcas-zamiifolia,"zamioculcas-zamiifolia|goeppertia-orbifolia|hedera-helix",true,low-conf,false,301,
hypoestes-phyllostachya__01,hypoestes-phyllostachya,tta6,crop_center_zoom,crop,Polka Dot Plant (Hypoestes phyllostachya),0.9994,Snake plant (Sanseviera),0.0006,0.9988,hypoestes-phyllostachya,"hypoestes-phyllostachya|dracaena-trifasciata|aglaonema",true,high-conf,false,99,
hypoestes-phyllostachya__01,hypoestes-phyllostachya,grid2x2,crop_center_zoom,crop,Polka Dot Plant (Hypoestes phyllostachya),0.9974,Begonia (Begonia spp.),0.0022,0.9953,hypoestes-phyllostachya,"hypoestes-phyllostachya|begonia|dracaena-trifasciata",true,high-conf,false,180,
hypoestes-phyllostachya__01,hypoestes-phyllostachya,grid2x2_3x3,crop_center_zoom,crop,Polka Dot Plant (Hypoestes phyllostachya),0.7914,Begonia (Begonia spp.),0.1034,0.6880,hypoestes-phyllostachya,"hypoestes-phyllostachya|begonia|dracaena-trifasciata",true,high-conf,false,495,
hypoestes-phyllostachya__01,hypoestes-phyllostachya,tta6,crop_offcenter_zoom,crop,Polka Dot Plant (Hypoestes phyllostachya),1.0000,Chinese evergreen (Aglaonema),0.0000,1.0000,hypoestes-phyllostachya,"hypoestes-phyllostachya|aglaonema|dracaena-trifasciata",true,high-conf,false,112,
hypoestes-phyllostachya__01,hypoestes-phyllostachya,grid2x2,crop_offcenter_zoom,crop,Polka Dot Plant (Hypoestes phyllostachya),0.9988,Iron Cross begonia (Begonia masoniana),0.0010,0.9979,hypoestes-phyllostachya,"hypoestes-phyllostachya|aglaonema|dieffenbachia",true,high-conf,false,157,
hypoestes-phyllostachya__01,hypoestes-phyllostachya,grid2x2_3x3,crop_offcenter_zoom,crop,Polka Dot Plant (Hypoestes phyllostachya),0.8482,Snake plant (Sanseviera),0.0525,0.7956,hypoestes-phyllostachya,"hypoestes-phyllostachya|dracaena-trifasciata|begonia",true,high-conf,false,306,
hypoestes-phyllostachya__01,hypoestes-phyllostachya,tta6,rotate_+15,rotate,Polka Dot Plant (Hypoestes phyllostachya),0.6531,Snake plant (Sanseviera),0.3469,0.3062,hypoestes-phyllostachya,"hypoestes-phyllostachya|dracaena-trifasciata|hedera-helix",true,high-conf,false,106,
hypoestes-phyllostachya__01,hypoestes-phyllostachya,grid2x2,rotate_+15,rotate,Polka Dot Plant (Hypoestes phyllostachya),0.6754,Snake plant (Sanseviera),0.3122,0.3633,hypoestes-phyllostachya,"hypoestes-phyllostachya|dracaena-trifasciata|begonia",true,high-conf,false,170,
hypoestes-phyllostachya__01,hypoestes-phyllostachya,grid2x2_3x3,rotate_+15,rotate,Polka Dot Plant (Hypoestes phyllostachya),0.5154,Snake plant (Sanseviera),0.3041,0.2113,hypoestes-phyllostachya,"hypoestes-phyllostachya|dracaena-trifasciata|begonia",true,low-conf,false,477,
hypoestes-phyllostachya__01,hypoestes-phyllostachya,tta6,rotate_-15,rotate,Polka Dot Plant (Hypoestes phyllostachya),0.9993,Snake plant (Sanseviera),0.0007,0.9987,hypoestes-phyllostachya,"hypoestes-phyllostachya|dracaena-trifasciata|hedera-helix",true,high-conf,false,130,
hypoestes-phyllostachya__01,hypoestes-phyllostachya,grid2x2,rotate_-15,rotate,Polka Dot Plant (Hypoestes phyllostachya),0.8998,Tradescantia,0.0994,0.8005,hypoestes-phyllostachya,"hypoestes-phyllostachya|tradescantia|dracaena-trifasciata",true,high-conf,false,159,
hypoestes-phyllostachya__01,hypoestes-phyllostachya,grid2x2_3x3,rotate_-15,rotate,Polka Dot Plant (Hypoestes phyllostachya),0.7167,Snake plant (Sanseviera),0.1084,0.6083,hypoestes-phyllostachya,"hypoestes-phyllostachya|dracaena-trifasciata|tradescantia",true,high-conf,false,401,
hypoestes-phyllostachya__01,hypoestes-phyllostachya,tta6,rotate_+90,rotate,Polka Dot Plant (Hypoestes phyllostachya),0.9999,Chinese evergreen (Aglaonema),0.0001,0.9999,hypoestes-phyllostachya,"hypoestes-phyllostachya|aglaonema|dracaena-trifasciata",true,high-conf,false,150,
hypoestes-phyllostachya__01,hypoestes-phyllostachya,grid2x2,rotate_+90,rotate,Polka Dot Plant (Hypoestes phyllostachya),0.8999,English Ivy (Hedera helix),0.0876,0.8123,hypoestes-phyllostachya,"hypoestes-phyllostachya|hedera-helix|dracaena-trifasciata",true,high-conf,false,181,
hypoestes-phyllostachya__01,hypoestes-phyllostachya,grid2x2_3x3,rotate_+90,rotate,Polka Dot Plant (Hypoestes phyllostachya),0.7869,English Ivy (Hedera helix),0.0662,0.7207,hypoestes-phyllostachya,"hypoestes-phyllostachya|hedera-helix|begonia",true,high-conf,false,427,
hypoestes-phyllostachya__01,hypoestes-phyllostachya,tta6,rotate_-90,rotate,Polka Dot Plant (Hypoestes phyllostachya),1.0000,Chinese evergreen (Aglaonema),0.0000,1.0000,hypoestes-phyllostachya,"hypoestes-phyllostachya|aglaonema|dracaena-trifasciata",true,high-conf,false,123,
hypoestes-phyllostachya__01,hypoestes-phyllostachya,grid2x2,rotate_-90,rotate,Polka Dot Plant (Hypoestes phyllostachya),0.9961,Snake plant (Sanseviera),0.0039,0.9922,hypoestes-phyllostachya,"hypoestes-phyllostachya|dracaena-trifasciata|hedera-helix",true,high-conf,false,162,
hypoestes-phyllostachya__01,hypoestes-phyllostachya,grid2x2_3x3,rotate_-90,rotate,Polka Dot Plant (Hypoestes phyllostachya),0.8404,Snake plant (Sanseviera),0.0549,0.7855,hypoestes-phyllostachya,"hypoestes-phyllostachya|dracaena-trifasciata|begonia",true,high-conf,false,401,
hypoestes-phyllostachya__01,hypoestes-phyllostachya,tta6,bright_up,brightness,Snake plant (Sanseviera),0.5489,Polka Dot Plant (Hypoestes phyllostachya),0.4433,0.1056,dracaena-trifasciata,"dracaena-trifasciata|hypoestes-phyllostachya|aglaonema",true,low-conf,false,149,
hypoestes-phyllostachya__01,hypoestes-phyllostachya,grid2x2,bright_up,brightness,Polka Dot Plant (Hypoestes phyllostachya),0.5652,Snake plant (Sanseviera),0.4294,0.1358,hypoestes-phyllostachya,"hypoestes-phyllostachya|dracaena-trifasciata|aglaonema",true,low-conf,false,163,
hypoestes-phyllostachya__01,hypoestes-phyllostachya,grid2x2_3x3,bright_up,brightness,Polka Dot Plant (Hypoestes phyllostachya),0.5606,Snake plant (Sanseviera),0.3820,0.1786,hypoestes-phyllostachya,"hypoestes-phyllostachya|dracaena-trifasciata|dionaea-muscipula",true,low-conf,false,310,
hypoestes-phyllostachya__01,hypoestes-phyllostachya,tta6,bright_down,brightness,Polka Dot Plant (Hypoestes phyllostachya),0.9137,Chinese evergreen (Aglaonema),0.0479,0.8658,hypoestes-phyllostachya,"hypoestes-phyllostachya|aglaonema|dracaena-trifasciata",true,high-conf,false,93,
hypoestes-phyllostachya__01,hypoestes-phyllostachya,grid2x2,bright_down,brightness,Polka Dot Plant (Hypoestes phyllostachya),0.8475,Snake plant (Sanseviera),0.1229,0.7246,hypoestes-phyllostachya,"hypoestes-phyllostachya|dracaena-trifasciata|aglaonema",true,high-conf,false,153,
hypoestes-phyllostachya__01,hypoestes-phyllostachya,grid2x2_3x3,bright_down,brightness,Polka Dot Plant (Hypoestes phyllostachya),0.7094,Snake plant (Sanseviera),0.1376,0.5718,hypoestes-phyllostachya,"hypoestes-phyllostachya|dracaena-trifasciata|zamioculcas-zamiifolia",true,high-conf,false,418,
hypoestes-phyllostachya__01,hypoestes-phyllostachya,tta6,contrast_up,contrast,Polka Dot Plant (Hypoestes phyllostachya),0.7665,Snake plant (Sanseviera),0.1834,0.5832,hypoestes-phyllostachya,"hypoestes-phyllostachya|dracaena-trifasciata|aglaonema",true,high-conf,false,137,
hypoestes-phyllostachya__01,hypoestes-phyllostachya,grid2x2,contrast_up,contrast,Polka Dot Plant (Hypoestes phyllostachya),0.7487,Snake plant (Sanseviera),0.2100,0.5387,hypoestes-phyllostachya,"hypoestes-phyllostachya|dracaena-trifasciata|aglaonema",true,high-conf,false,146,
hypoestes-phyllostachya__01,hypoestes-phyllostachya,grid2x2_3x3,contrast_up,contrast,Polka Dot Plant (Hypoestes phyllostachya),0.6565,Snake plant (Sanseviera),0.1654,0.4911,hypoestes-phyllostachya,"hypoestes-phyllostachya|dracaena-trifasciata|goeppertia-orbifolia",true,high-conf,false,397,
hypoestes-phyllostachya__01,hypoestes-phyllostachya,tta6,contrast_down,contrast,Snake plant (Sanseviera),0.5117,Polka Dot Plant (Hypoestes phyllostachya),0.4550,0.0567,dracaena-trifasciata,"dracaena-trifasciata|hypoestes-phyllostachya|aglaonema",true,low-conf,false,117,
hypoestes-phyllostachya__01,hypoestes-phyllostachya,grid2x2,contrast_down,contrast,Polka Dot Plant (Hypoestes phyllostachya),0.5468,Snake plant (Sanseviera),0.4083,0.1385,hypoestes-phyllostachya,"hypoestes-phyllostachya|dracaena-trifasciata|begonia",true,low-conf,false,191,
hypoestes-phyllostachya__01,hypoestes-phyllostachya,grid2x2_3x3,contrast_down,contrast,Polka Dot Plant (Hypoestes phyllostachya),0.5501,Snake plant (Sanseviera),0.3517,0.1985,hypoestes-phyllostachya,"hypoestes-phyllostachya|dracaena-trifasciata|anthurium-andraeanum",true,low-conf,false,405,
kalanchoe__01,kalanchoe,tta6,clean,clean,Kalanchoe,0.9089,Chrysanthemum,0.0894,0.8196,kalanchoe,"kalanchoe|begonia|crassula-ovata",true,high-conf,false,92,
kalanchoe__01,kalanchoe,grid2x2,clean,clean,Kalanchoe,0.5454,Begonia (Begonia spp.),0.3009,0.2445,kalanchoe,"kalanchoe|begonia|crassula-ovata",true,low-conf,false,171,
kalanchoe__01,kalanchoe,grid2x2_3x3,clean,clean,Begonia (Begonia spp.),0.4643,Kalanchoe,0.2871,0.1773,begonia,"begonia|kalanchoe|zamioculcas-zamiifolia",true,low-conf,false,388,
kalanchoe__01,kalanchoe,tta6,blur,blur,Kalanchoe,0.6068,Begonia (Begonia spp.),0.3908,0.2159,kalanchoe,"kalanchoe|begonia|aloe-vera",true,low-conf,false,117,
kalanchoe__01,kalanchoe,grid2x2,blur,blur,Begonia (Begonia spp.),0.4522,Kalanchoe,0.3641,0.0881,begonia,"begonia|kalanchoe|aloe-vera",true,low-conf,false,199,
kalanchoe__01,kalanchoe,grid2x2_3x3,blur,blur,Begonia (Begonia spp.),0.3131,Chrysanthemum,0.2077,0.1054,begonia,"begonia|kalanchoe|aloe-vera",true,low-conf,false,325,
kalanchoe__01,kalanchoe,tta6,crop_center_zoom,crop,Kalanchoe,0.3602,Begonia (Begonia spp.),0.3315,0.0287,kalanchoe,"kalanchoe|begonia|euphorbia-pulcherrima",true,low-conf,false,92,
kalanchoe__01,kalanchoe,grid2x2,crop_center_zoom,crop,Begonia (Begonia spp.),0.4080,Chrysanthemum,0.3630,0.0449,begonia,"begonia|kalanchoe|euphorbia-pulcherrima",true,low-conf,false,179,
kalanchoe__01,kalanchoe,grid2x2_3x3,crop_center_zoom,crop,Begonia (Begonia spp.),0.6210,Chrysanthemum,0.1916,0.4294,begonia,"begonia|kalanchoe|dionaea-muscipula",true,high-conf,true,420,
kalanchoe__01,kalanchoe,tta6,crop_offcenter_zoom,crop,Chrysanthemum,0.6106,Begonia (Begonia spp.),0.2386,0.3720,begonia,"begonia|kalanchoe|euphorbia-pulcherrima",true,low-conf,false,107,
kalanchoe__01,kalanchoe,grid2x2,crop_offcenter_zoom,crop,Begonia (Begonia spp.),0.4475,Chrysanthemum,0.3852,0.0623,begonia,"begonia|euphorbia-pulcherrima|kalanchoe",true,low-conf,false,174,
kalanchoe__01,kalanchoe,grid2x2_3x3,crop_offcenter_zoom,crop,Begonia (Begonia spp.),0.4410,Chrysanthemum,0.2031,0.2379,begonia,"begonia|dionaea-muscipula|euphorbia-pulcherrima",true,low-conf,false,337,
kalanchoe__01,kalanchoe,tta6,rotate_+15,rotate,Kalanchoe,0.9948,Begonia (Begonia spp.),0.0052,0.9895,kalanchoe,"kalanchoe|begonia|hypoestes-phyllostachya",true,high-conf,false,104,
kalanchoe__01,kalanchoe,grid2x2,rotate_+15,rotate,Kalanchoe,0.6202,Begonia (Begonia spp.),0.3040,0.3162,kalanchoe,"kalanchoe|begonia|hedera-helix",true,high-conf,false,180,
kalanchoe__01,kalanchoe,grid2x2_3x3,rotate_+15,rotate,Begonia (Begonia spp.),0.4548,Kalanchoe,0.3264,0.1284,begonia,"begonia|kalanchoe|schlumbergera-bridgesii",true,low-conf,false,469,
kalanchoe__01,kalanchoe,tta6,rotate_-15,rotate,Kalanchoe,0.9917,Begonia (Begonia spp.),0.0083,0.9834,kalanchoe,"kalanchoe|begonia|euphorbia-pulcherrima",true,high-conf,false,121,
kalanchoe__01,kalanchoe,grid2x2,rotate_-15,rotate,Kalanchoe,0.5953,Begonia (Begonia spp.),0.4016,0.1937,kalanchoe,"kalanchoe|begonia|saintpaulia-ionantha",true,low-conf,false,206,
kalanchoe__01,kalanchoe,grid2x2_3x3,rotate_-15,rotate,Begonia (Begonia spp.),0.5316,Kalanchoe,0.3133,0.2183,begonia,"begonia|kalanchoe|pachira-aquatica",true,low-conf,false,355,
kalanchoe__01,kalanchoe,tta6,rotate_+90,rotate,Kalanchoe,0.9027,Chrysanthemum,0.0487,0.8540,kalanchoe,"kalanchoe|begonia|crassula-ovata",true,high-conf,false,148,
kalanchoe__01,kalanchoe,grid2x2,rotate_+90,rotate,Kalanchoe,0.5417,Begonia (Begonia spp.),0.2794,0.2623,kalanchoe,"kalanchoe|begonia|crassula-ovata",true,low-conf,false,227,
kalanchoe__01,kalanchoe,grid2x2_3x3,rotate_+90,rotate,Begonia (Begonia spp.),0.4180,Kalanchoe,0.2851,0.1329,begonia,"begonia|kalanchoe|dionaea-muscipula",true,low-conf,false,319,
kalanchoe__01,kalanchoe,tta6,rotate_-90,rotate,Kalanchoe,0.8370,Chrysanthemum,0.1529,0.6840,kalanchoe,"kalanchoe|begonia|phalaenopsis",true,high-conf,false,98,
kalanchoe__01,kalanchoe,grid2x2,rotate_-90,rotate,Kalanchoe,0.5023,Begonia (Begonia spp.),0.2543,0.2480,kalanchoe,"kalanchoe|begonia|crassula-ovata",true,low-conf,false,158,
kalanchoe__01,kalanchoe,grid2x2_3x3,rotate_-90,rotate,Begonia (Begonia spp.),0.4894,Kalanchoe,0.2644,0.2251,begonia,"begonia|kalanchoe|schlumbergera-bridgesii",true,low-conf,false,355,
kalanchoe__01,kalanchoe,tta6,bright_up,brightness,Kalanchoe,0.8776,Chrysanthemum,0.1143,0.7632,kalanchoe,"kalanchoe|begonia|crassula-ovata",true,high-conf,false,168,
kalanchoe__01,kalanchoe,grid2x2,bright_up,brightness,Kalanchoe,0.5267,Begonia (Begonia spp.),0.2968,0.2300,kalanchoe,"kalanchoe|begonia|crassula-ovata",true,low-conf,false,194,
kalanchoe__01,kalanchoe,grid2x2_3x3,bright_up,brightness,Begonia (Begonia spp.),0.3375,Kalanchoe,0.2772,0.0603,begonia,"begonia|kalanchoe|zamioculcas-zamiifolia",true,low-conf,false,369,
kalanchoe__01,kalanchoe,tta6,bright_down,brightness,Kalanchoe,0.8928,Begonia (Begonia spp.),0.1048,0.7881,kalanchoe,"kalanchoe|begonia|crassula-ovata",true,high-conf,false,117,
kalanchoe__01,kalanchoe,grid2x2,bright_down,brightness,Kalanchoe,0.5357,Begonia (Begonia spp.),0.4603,0.0754,kalanchoe,"kalanchoe|begonia|crassula-ovata",true,low-conf,false,171,
kalanchoe__01,kalanchoe,grid2x2_3x3,bright_down,brightness,Begonia (Begonia spp.),0.5526,Kalanchoe,0.2819,0.2707,begonia,"begonia|kalanchoe|euphorbia-pulcherrima",true,low-conf,false,395,
kalanchoe__01,kalanchoe,tta6,contrast_up,contrast,Kalanchoe,0.9988,Begonia (Begonia spp.),0.0012,0.9976,kalanchoe,"kalanchoe|begonia|crassula-ovata",true,high-conf,false,109,
kalanchoe__01,kalanchoe,grid2x2,contrast_up,contrast,Kalanchoe,0.5993,Begonia (Begonia spp.),0.3098,0.2895,kalanchoe,"kalanchoe|begonia|euphorbia-pulcherrima",true,low-conf,false,242,
kalanchoe__01,kalanchoe,grid2x2_3x3,contrast_up,contrast,Begonia (Begonia spp.),0.5741,Kalanchoe,0.3154,0.2587,begonia,"begonia|kalanchoe|pachira-aquatica",true,low-conf,false,354,
kalanchoe__01,kalanchoe,tta6,contrast_down,contrast,Kalanchoe,0.5786,Chrysanthemum,0.3998,0.1787,kalanchoe,"kalanchoe|begonia|crassula-ovata",true,low-conf,false,98,
kalanchoe__01,kalanchoe,grid2x2,contrast_down,contrast,Chrysanthemum,0.4069,Kalanchoe,0.3472,0.0597,kalanchoe,"kalanchoe|begonia|crassula-ovata",true,low-conf,false,214,
kalanchoe__01,kalanchoe,grid2x2_3x3,contrast_down,contrast,Begonia (Begonia spp.),0.4043,Chrysanthemum,0.2318,0.1725,begonia,"begonia|kalanchoe|zamioculcas-zamiifolia",true,low-conf,false,409,
kalanchoe__02,kalanchoe,tta6,clean,clean,English Ivy (Hedera helix),0.9897,Aloe Vera,0.0062,0.9835,hedera-helix,"hedera-helix|aloe-vera|alocasia",true,high-conf,true,106,
kalanchoe__02,kalanchoe,grid2x2,clean,clean,English Ivy (Hedera helix),0.6926,Aloe Vera,0.2022,0.4904,hedera-helix,"hedera-helix|aloe-vera|spathiphyllum-wallisii",true,high-conf,true,178,
kalanchoe__02,kalanchoe,grid2x2_3x3,clean,clean,English Ivy (Hedera helix),0.4836,Aloe Vera,0.1657,0.3178,hedera-helix,"hedera-helix|aloe-vera|spathiphyllum-wallisii",true,high-conf,true,365,
kalanchoe__02,kalanchoe,tta6,blur,blur,English Ivy (Hedera helix),0.8250,Calathea,0.1670,0.6581,hedera-helix,"hedera-helix|goeppertia-orbifolia|zamioculcas-zamiifolia",true,high-conf,true,152,
kalanchoe__02,kalanchoe,grid2x2,blur,blur,English Ivy (Hedera helix),0.5528,Venus Flytrap,0.2158,0.3370,hedera-helix,"hedera-helix|dionaea-muscipula|goeppertia-orbifolia",true,high-conf,true,192,
kalanchoe__02,kalanchoe,grid2x2_3x3,blur,blur,English Ivy (Hedera helix),0.3986,Venus Flytrap,0.2278,0.1708,hedera-helix,"hedera-helix|dionaea-muscipula|goeppertia-orbifolia",true,low-conf,false,339,
kalanchoe__02,kalanchoe,tta6,crop_center_zoom,crop,English Ivy (Hedera helix),0.7515,Elephant Ear (Alocasia spp.),0.1503,0.6012,hedera-helix,"hedera-helix|alocasia|spathiphyllum-wallisii",true,high-conf,true,108,
kalanchoe__02,kalanchoe,grid2x2,crop_center_zoom,crop,English Ivy (Hedera helix),0.5222,Peace lily,0.2381,0.2841,hedera-helix,"hedera-helix|spathiphyllum-wallisii|alocasia",true,low-conf,false,205,
kalanchoe__02,kalanchoe,grid2x2_3x3,crop_center_zoom,crop,English Ivy (Hedera helix),0.3825,Peace lily,0.2103,0.1722,hedera-helix,"hedera-helix|spathiphyllum-wallisii|alocasia",true,low-conf,false,378,
kalanchoe__02,kalanchoe,tta6,crop_offcenter_zoom,crop,Peace lily,0.9590,Schefflera,0.0217,0.9373,spathiphyllum-wallisii,"spathiphyllum-wallisii|schefflera|alocasia",true,high-conf,true,120,
kalanchoe__02,kalanchoe,grid2x2,crop_offcenter_zoom,crop,Peace lily,0.5801,Elephant Ear (Alocasia spp.),0.1359,0.4442,spathiphyllum-wallisii,"spathiphyllum-wallisii|alocasia|pilea-peperomioides",true,high-conf,true,197,
kalanchoe__02,kalanchoe,grid2x2_3x3,crop_offcenter_zoom,crop,Peace lily,0.3616,Elephant Ear (Alocasia spp.),0.1710,0.1906,spathiphyllum-wallisii,"spathiphyllum-wallisii|alocasia|aloe-vera",true,low-conf,false,334,
kalanchoe__02,kalanchoe,tta6,rotate_+15,rotate,English Ivy (Hedera helix),0.9970,Venus Flytrap,0.0026,0.9943,hedera-helix,"hedera-helix|dionaea-muscipula|aloe-vera",true,high-conf,true,128,
kalanchoe__02,kalanchoe,grid2x2,rotate_+15,rotate,English Ivy (Hedera helix),0.7018,Aloe Vera,0.1796,0.5222,hedera-helix,"hedera-helix|aloe-vera|alocasia",true,high-conf,true,239,
kalanchoe__02,kalanchoe,grid2x2_3x3,rotate_+15,rotate,English Ivy (Hedera helix),0.4331,Elephant Ear (Alocasia spp.),0.2101,0.2230,hedera-helix,"hedera-helix|alocasia|aloe-vera",true,low-conf,false,503,
kalanchoe__02,kalanchoe,tta6,rotate_-15,rotate,English Ivy (Hedera helix),0.6203,Peace lily,0.3745,0.2458,hedera-helix,"hedera-helix|spathiphyllum-wallisii|aloe-vera",true,low-conf,false,121,
kalanchoe__02,kalanchoe,grid2x2,rotate_-15,rotate,English Ivy (Hedera helix),0.5434,Peace lily,0.3178,0.2255,hedera-helix,"hedera-helix|spathiphyllum-wallisii|aloe-vera",true,low-conf,false,202,
kalanchoe__02,kalanchoe,grid2x2_3x3,rotate_-15,rotate,English Ivy (Hedera helix),0.3120,Peace lily,0.1760,0.1360,hedera-helix,"hedera-helix|spathiphyllum-wallisii|aloe-vera",true,low-conf,false,435,
kalanchoe__02,kalanchoe,tta6,rotate_+90,rotate,English Ivy (Hedera helix),0.4054,Christmas Cactus (Schlumbergera bridgesii),0.3056,0.0997,hedera-helix,"hedera-helix|schlumbergera-bridgesii|tradescantia",true,low-conf,false,194,
kalanchoe__02,kalanchoe,grid2x2,rotate_+90,rotate,Tradescantia,0.3755,English Ivy (Hedera helix),0.3310,0.0445,tradescantia,"tradescantia|hedera-helix|schlumbergera-bridgesii",true,low-conf,false,240,
kalanchoe__02,kalanchoe,grid2x2_3x3,rotate_+90,rotate,Tradescantia,0.3000,English Ivy (Hedera helix),0.2361,0.0639,tradescantia,"tradescantia|hedera-helix|schlumbergera-bridgesii",true,low-conf,false,378,
kalanchoe__02,kalanchoe,tta6,rotate_-90,rotate,English Ivy (Hedera helix),0.8687,Tradescantia,0.1313,0.7374,hedera-helix,"hedera-helix|tradescantia|dionaea-muscipula",true,high-conf,true,96,
kalanchoe__02,kalanchoe,grid2x2,rotate_-90,rotate,English Ivy (Hedera helix),0.5500,Tradescantia,0.1222,0.4278,hedera-helix,"hedera-helix|tradescantia|schlumbergera-bridgesii",true,high-conf,true,180,
kalanchoe__02,kalanchoe,grid2x2_3x3,rotate_-90,rotate,English Ivy (Hedera helix),0.4128,Tradescantia,0.1426,0.2702,hedera-helix,"hedera-helix|tradescantia|dracaena-trifasciata",true,low-conf,false,438,
kalanchoe__02,kalanchoe,tta6,bright_up,brightness,English Ivy (Hedera helix),0.9964,Peace lily,0.0018,0.9947,hedera-helix,"hedera-helix|spathiphyllum-wallisii|dionaea-muscipula",true,high-conf,true,111,
kalanchoe__02,kalanchoe,grid2x2,bright_up,brightness,English Ivy (Hedera helix),0.6551,Elephant Ear (Alocasia spp.),0.0987,0.5564,hedera-helix,"hedera-helix|alocasia|aloe-vera",true,high-conf,true,166,
kalanchoe__02,kalanchoe,grid2x2_3x3,bright_up,brightness,English Ivy (Hedera helix),0.5037,Elephant Ear (Alocasia spp.),0.1260,0.3777,hedera-helix,"hedera-helix|alocasia|tradescantia",true,high-conf,true,299,
kalanchoe__02,kalanchoe,tta6,bright_down,brightness,English Ivy (Hedera helix),0.9946,Elephant Ear (Alocasia spp.),0.0043,0.9902,hedera-helix,"hedera-helix|alocasia|aloe-vera",true,high-conf,true,107,
kalanchoe__02,kalanchoe,grid2x2,bright_down,brightness,English Ivy (Hedera helix),0.6945,Aloe Vera,0.1948,0.4996,hedera-helix,"hedera-helix|aloe-vera|spathiphyllum-wallisii",true,high-conf,true,202,
kalanchoe__02,kalanchoe,grid2x2_3x3,bright_down,brightness,English Ivy (Hedera helix),0.5280,Aloe Vera,0.1555,0.3725,hedera-helix,"hedera-helix|aloe-vera|spathiphyllum-wallisii",true,high-conf,true,417,
kalanchoe__02,kalanchoe,tta6,contrast_up,contrast,English Ivy (Hedera helix),0.9049,Venus Flytrap,0.0525,0.8524,hedera-helix,"hedera-helix|dionaea-muscipula|alocasia",true,high-conf,true,143,
kalanchoe__02,kalanchoe,grid2x2,contrast_up,contrast,English Ivy (Hedera helix),0.5967,Venus Flytrap,0.1235,0.4732,hedera-helix,"hedera-helix|dionaea-muscipula|spathiphyllum-wallisii",true,high-conf,true,169,
kalanchoe__02,kalanchoe,grid2x2_3x3,contrast_up,contrast,English Ivy (Hedera helix),0.3827,Elephant Ear (Alocasia spp.),0.1655,0.2173,hedera-helix,"hedera-helix|alocasia|dionaea-muscipula",true,low-conf,false,311,
kalanchoe__02,kalanchoe,tta6,contrast_down,contrast,English Ivy (Hedera helix),0.9346,Peace lily,0.0638,0.8708,hedera-helix,"hedera-helix|spathiphyllum-wallisii|alocasia",true,high-conf,true,103,
kalanchoe__02,kalanchoe,grid2x2,contrast_down,contrast,English Ivy (Hedera helix),0.6609,Peace lily,0.2352,0.4258,hedera-helix,"hedera-helix|spathiphyllum-wallisii|aloe-vera",true,high-conf,true,208,
kalanchoe__02,kalanchoe,grid2x2_3x3,contrast_down,contrast,English Ivy (Hedera helix),0.4574,Peace lily,0.1699,0.2875,hedera-helix,"hedera-helix|spathiphyllum-wallisii|aloe-vera",true,low-conf,false,330,
maranta-leuconeura__01,maranta-leuconeura,tta6,clean,clean,Lily of the valley (Convallaria majalis),0.2790,Chinese Money Plant (Pilea peperomioides),0.1949,0.0841,pilea-peperomioides,"pilea-peperomioides|schlumbergera-bridgesii|anthurium-andraeanum",true,low-conf,false,123,
maranta-leuconeura__01,maranta-leuconeura,grid2x2,clean,clean,Lily of the valley (Convallaria majalis),0.2030,Christmas Cactus (Schlumbergera bridgesii),0.1624,0.0406,schlumbergera-bridgesii,"schlumbergera-bridgesii|goeppertia-orbifolia|tradescantia",true,low-conf,false,175,
maranta-leuconeura__01,maranta-leuconeura,grid2x2_3x3,clean,clean,Prayer Plant (Maranta leuconeura),0.2157,Calathea,0.1764,0.0393,maranta-leuconeura,"maranta-leuconeura|goeppertia-orbifolia|schlumbergera-bridgesii",true,low-conf,false,402,
maranta-leuconeura__01,maranta-leuconeura,tta6,blur,blur,Prayer Plant (Maranta leuconeura),0.6074,Chinese Money Plant (Pilea peperomioides),0.2871,0.3203,maranta-leuconeura,"maranta-leuconeura|pilea-peperomioides|tradescantia",true,high-conf,false,135,
maranta-leuconeura__01,maranta-leuconeura,grid2x2,blur,blur,Prayer Plant (Maranta leuconeura),0.5364,Chinese Money Plant (Pilea peperomioides),0.2118,0.3246,maranta-leuconeura,"maranta-leuconeura|pilea-peperomioides|schlumbergera-bridgesii",true,high-conf,false,169,
maranta-leuconeura__01,maranta-leuconeura,grid2x2_3x3,blur,blur,Prayer Plant (Maranta leuconeura),0.3906,Christmas Cactus (Schlumbergera bridgesii),0.1800,0.2105,maranta-leuconeura,"maranta-leuconeura|schlumbergera-bridgesii|pilea-peperomioides",true,low-conf,false,302,
maranta-leuconeura__01,maranta-leuconeura,tta6,crop_center_zoom,crop,Tradescantia,0.4967,ZZ Plant (Zamioculcas zamiifolia),0.1429,0.3538,tradescantia,"tradescantia|zamioculcas-zamiifolia|schlumbergera-bridgesii",true,high-conf,true,101,
maranta-leuconeura__01,maranta-leuconeura,grid2x2,crop_center_zoom,crop,Tradescantia,0.3978,Christmas Cactus (Schlumbergera bridgesii),0.1777,0.2200,tradescantia,"tradescantia|schlumbergera-bridgesii|epipremnum-aureum",true,low-conf,false,154,
maranta-leuconeura__01,maranta-leuconeura,grid2x2_3x3,crop_center_zoom,crop,Tradescantia,0.2180,Christmas Cactus (Schlumbergera bridgesii),0.1521,0.0659,tradescantia,"tradescantia|schlumbergera-bridgesii|dionaea-muscipula",true,low-conf,false,536,
maranta-leuconeura__01,maranta-leuconeura,tta6,crop_offcenter_zoom,crop,Christmas Cactus (Schlumbergera bridgesii),0.4315,Chinese Money Plant (Pilea peperomioides),0.2608,0.1707,schlumbergera-bridgesii,"schlumbergera-bridgesii|pilea-peperomioides|tradescantia",true,low-conf,false,124,
maranta-leuconeura__01,maranta-leuconeura,grid2x2,crop_offcenter_zoom,crop,Christmas Cactus (Schlumbergera bridgesii),0.3590,Chinese Money Plant (Pilea peperomioides),0.1565,0.2025,schlumbergera-bridgesii,"schlumbergera-bridgesii|pilea-peperomioides|epipremnum-aureum",true,low-conf,false,154,
maranta-leuconeura__01,maranta-leuconeura,grid2x2_3x3,crop_offcenter_zoom,crop,Christmas Cactus (Schlumbergera bridgesii),0.2495,Pothos (Ivy arum),0.1055,0.1441,schlumbergera-bridgesii,"schlumbergera-bridgesii|epipremnum-aureum|pilea-peperomioides",true,low-conf,false,313,
maranta-leuconeura__01,maranta-leuconeura,tta6,rotate_+15,rotate,Christmas Cactus (Schlumbergera bridgesii),0.8640,Tradescantia,0.0821,0.7820,schlumbergera-bridgesii,"schlumbergera-bridgesii|tradescantia|epipremnum-aureum",true,high-conf,true,129,
maranta-leuconeura__01,maranta-leuconeura,grid2x2,rotate_+15,rotate,Christmas Cactus (Schlumbergera bridgesii),0.6184,Tradescantia,0.1492,0.4692,schlumbergera-bridgesii,"schlumbergera-bridgesii|tradescantia|goeppertia-orbifolia",true,high-conf,true,216,
maranta-leuconeura__01,maranta-leuconeura,grid2x2_3x3,rotate_+15,rotate,Christmas Cactus (Schlumbergera bridgesii),0.4776,Calathea,0.1912,0.2865,schlumbergera-bridgesii,"schlumbergera-bridgesii|goeppertia-orbifolia|tradescantia",true,low-conf,false,412,
maranta-leuconeura__01,maranta-leuconeura,tta6,rotate_-15,rotate,Pothos (Ivy arum),0.4009,Christmas Cactus (Schlumbergera bridgesii),0.3759,0.0251,epipremnum-aureum,"epipremnum-aureum|schlumbergera-bridgesii|tradescantia",true,low-conf,false,99,
maranta-leuconeura__01,maranta-leuconeura,grid2x2,rotate_-15,rotate,Christmas Cactus (Schlumbergera bridgesii),0.4170,Pothos (Ivy arum),0.2469,0.1702,schlumbergera-bridgesii,"schlumbergera-bridgesii|epipremnum-aureum|tradescantia",true,low-conf,false,153,
maranta-leuconeura__01,maranta-leuconeura,grid2x2_3x3,rotate_-15,rotate,Christmas Cactus (Schlumbergera bridgesii),0.2760,Pothos (Ivy arum),0.2163,0.0597,schlumbergera-bridgesii,"schlumbergera-bridgesii|epipremnum-aureum|tradescantia",true,low-conf,false,280,
maranta-leuconeura__01,maranta-leuconeura,tta6,rotate_+90,rotate,Tradescantia,0.4421,Venus Flytrap,0.3558,0.0864,tradescantia,"tradescantia|dionaea-muscipula|schlumbergera-bridgesii",true,low-conf,false,87,
maranta-leuconeura__01,maranta-leuconeura,grid2x2,rotate_+90,rotate,Tradescantia,0.3652,Venus Flytrap,0.2135,0.1517,tradescantia,"tradescantia|dionaea-muscipula|maranta-leuconeura",true,low-conf,false,196,
maranta-leuconeura__01,maranta-leuconeura,grid2x2_3x3,rotate_+90,rotate,Tradescantia,0.2487,Prayer Plant (Maranta leuconeura),0.1693,0.0794,tradescantia,"tradescantia|maranta-leuconeura|dionaea-muscipula",true,low-conf,false,324,
maranta-leuconeura__01,maranta-leuconeura,tta6,rotate_-90,rotate,Tradescantia,0.7157,Venus Flytrap,0.1402,0.5755,tradescantia,"tradescantia|dionaea-muscipula|schlumbergera-bridgesii",true,high-conf,true,110,
maranta-leuconeura__01,maranta-leuconeura,grid2x2,rotate_-90,rotate,Tradescantia,0.5294,Prayer Plant (Maranta leuconeura),0.2002,0.3292,tradescantia,"tradescantia|maranta-leuconeura|schlumbergera-bridgesii",true,high-conf,true,187,
maranta-leuconeura__01,maranta-leuconeura,grid2x2_3x3,rotate_-90,rotate,Tradescantia,0.3357,Prayer Plant (Maranta leuconeura),0.2873,0.0484,tradescantia,"tradescantia|maranta-leuconeura|schlumbergera-bridgesii",true,low-conf,false,275,
maranta-leuconeura__01,maranta-leuconeura,tta6,bright_up,brightness,Christmas Cactus (Schlumbergera bridgesii),0.4658,Lily of the valley (Convallaria majalis),0.1848,0.2810,schlumbergera-bridgesii,"schlumbergera-bridgesii|anthurium-andraeanum|pilea-peperomioides",true,low-conf,false,108,
maranta-leuconeura__01,maranta-leuconeura,grid2x2,bright_up,brightness,Christmas Cactus (Schlumbergera bridgesii),0.3790,Calathea,0.1597,0.2194,schlumbergera-bridgesii,"schlumbergera-bridgesii|goeppertia-orbifolia|tradescantia",true,low-conf,false,193,
maranta-leuconeura__01,maranta-leuconeura,grid2x2_3x3,bright_up,brightness,Christmas Cactus (Schlumbergera bridgesii),0.2000,Calathea,0.1796,0.0205,schlumbergera-bridgesii,"schlumbergera-bridgesii|goeppertia-orbifolia|maranta-leuconeura",true,low-conf,false,329,
maranta-leuconeura__01,maranta-leuconeura,tta6,bright_down,brightness,Lily of the valley (Convallaria majalis),0.4254,Prayer Plant (Maranta leuconeura),0.1647,0.2606,maranta-leuconeura,"maranta-leuconeura|schlumbergera-bridgesii|dionaea-muscipula",true,low-conf,false,96,
maranta-leuconeura__01,maranta-leuconeura,grid2x2,bright_down,brightness,Lily of the valley (Convallaria majalis),0.3215,Prayer Plant (Maranta leuconeura),0.2177,0.1038,maranta-leuconeura,"maranta-leuconeura|goeppertia-orbifolia|schlumbergera-bridgesii",true,low-conf,false,148,
maranta-leuconeura__01,maranta-leuconeura,grid2x2_3x3,bright_down,brightness,Prayer Plant (Maranta leuconeura),0.3341,Lily of the valley (Convallaria majalis),0.1716,0.1625,maranta-leuconeura,"maranta-leuconeura|goeppertia-orbifolia|schlumbergera-bridgesii",true,low-conf,false,271,
maranta-leuconeura__01,maranta-leuconeura,tta6,contrast_up,contrast,Christmas Cactus (Schlumbergera bridgesii),0.3581,Anthurium (Anthurium andraeanum),0.2370,0.1211,schlumbergera-bridgesii,"schlumbergera-bridgesii|anthurium-andraeanum|goeppertia-orbifolia",true,low-conf,false,89,
maranta-leuconeura__01,maranta-leuconeura,grid2x2,contrast_up,contrast,Christmas Cactus (Schlumbergera bridgesii),0.2281,Prayer Plant (Maranta leuconeura),0.1797,0.0485,schlumbergera-bridgesii,"schlumbergera-bridgesii|maranta-leuconeura|anthurium-andraeanum",true,low-conf,false,211,
maranta-leuconeura__01,maranta-leuconeura,grid2x2_3x3,contrast_up,contrast,Prayer Plant (Maranta leuconeura),0.1853,Calathea,0.1260,0.0593,maranta-leuconeura,"maranta-leuconeura|goeppertia-orbifolia|schlumbergera-bridgesii",true,low-conf,false,395,
maranta-leuconeura__01,maranta-leuconeura,tta6,contrast_down,contrast,Lily of the valley (Convallaria majalis),0.6949,Chinese Money Plant (Pilea peperomioides),0.1489,0.5460,pilea-peperomioides,"pilea-peperomioides|tradescantia|schlumbergera-bridgesii",true,low-conf,false,90,
maranta-leuconeura__01,maranta-leuconeura,grid2x2,contrast_down,contrast,Lily of the valley (Convallaria majalis),0.4331,Tradescantia,0.1773,0.2557,tradescantia,"tradescantia|maranta-leuconeura|schlumbergera-bridgesii",true,low-conf,false,142,
maranta-leuconeura__01,maranta-leuconeura,grid2x2_3x3,contrast_down,contrast,Lily of the valley (Convallaria majalis),0.2716,Prayer Plant (Maranta leuconeura),0.1810,0.0906,maranta-leuconeura,"maranta-leuconeura|tradescantia|goeppertia-orbifolia",true,low-conf,false,411,
monstera-deliciosa,monstera-deliciosa,tta6,clean,clean,Monstera Deliciosa (Monstera deliciosa),0.9997,Aloe Vera,0.0003,0.9994,monstera-deliciosa,"monstera-deliciosa|aloe-vera|maranta-leuconeura",true,high-conf,false,200,
monstera-deliciosa,monstera-deliciosa,grid2x2,clean,clean,Monstera Deliciosa (Monstera deliciosa),0.8306,Birds Nest Fern (Asplenium nidus),0.1691,0.6615,monstera-deliciosa,"monstera-deliciosa|asplenium-nidus|aloe-vera",true,high-conf,false,284,
monstera-deliciosa,monstera-deliciosa,grid2x2_3x3,clean,clean,Monstera Deliciosa (Monstera deliciosa),0.7060,Birds Nest Fern (Asplenium nidus),0.1906,0.5154,monstera-deliciosa,"monstera-deliciosa|asplenium-nidus|goeppertia-orbifolia",true,high-conf,false,370,
monstera-deliciosa,monstera-deliciosa,tta6,blur,blur,Monstera Deliciosa (Monstera deliciosa),0.5393,Prayer Plant (Maranta leuconeura),0.3627,0.1766,monstera-deliciosa,"monstera-deliciosa|maranta-leuconeura|dionaea-muscipula",true,low-conf,false,106,
monstera-deliciosa,monstera-deliciosa,grid2x2,blur,blur,Monstera Deliciosa (Monstera deliciosa),0.5321,Prayer Plant (Maranta leuconeura),0.3444,0.1876,monstera-deliciosa,"monstera-deliciosa|maranta-leuconeura|goeppertia-orbifolia",true,low-conf,false,158,
monstera-deliciosa,monstera-deliciosa,grid2x2_3x3,blur,blur,Monstera Deliciosa (Monstera deliciosa),0.3350,Prayer Plant (Maranta leuconeura),0.2463,0.0887,monstera-deliciosa,"monstera-deliciosa|maranta-leuconeura|goeppertia-orbifolia",true,low-conf,false,345,
monstera-deliciosa,monstera-deliciosa,tta6,crop_center_zoom,crop,Monstera Deliciosa (Monstera deliciosa),1.0000,Birds Nest Fern (Asplenium nidus),0.0000,1.0000,monstera-deliciosa,"monstera-deliciosa|asplenium-nidus|aloe-vera",true,high-conf,false,113,
monstera-deliciosa,monstera-deliciosa,grid2x2,crop_center_zoom,crop,Monstera Deliciosa (Monstera deliciosa),0.8388,Birds Nest Fern (Asplenium nidus),0.1612,0.6776,monstera-deliciosa,"monstera-deliciosa|asplenium-nidus|aloe-vera",true,high-conf,false,155,
monstera-deliciosa,monstera-deliciosa,grid2x2_3x3,crop_center_zoom,crop,Monstera Deliciosa (Monstera deliciosa),0.6039,Dumb Cane (Dieffenbachia spp.),0.1151,0.4888,monstera-deliciosa,"monstera-deliciosa|dieffenbachia|asplenium-nidus",true,high-conf,false,394,
monstera-deliciosa,monstera-deliciosa,tta6,crop_offcenter_zoom,crop,Monstera Deliciosa (Monstera deliciosa),1.0000,Birds Nest Fern (Asplenium nidus),0.0000,0.9999,monstera-deliciosa,"monstera-deliciosa|asplenium-nidus|maranta-leuconeura",true,high-conf,false,101,
monstera-deliciosa,monstera-deliciosa,grid2x2,crop_offcenter_zoom,crop,Monstera Deliciosa (Monstera deliciosa),0.9715,Birds Nest Fern (Asplenium nidus),0.0185,0.9529,monstera-deliciosa,"monstera-deliciosa|asplenium-nidus|aloe-vera",true,high-conf,false,342,
monstera-deliciosa,monstera-deliciosa,grid2x2_3x3,crop_offcenter_zoom,crop,Monstera Deliciosa (Monstera deliciosa),0.6752,Birds Nest Fern (Asplenium nidus),0.1251,0.5501,monstera-deliciosa,"monstera-deliciosa|asplenium-nidus|dieffenbachia",true,high-conf,false,546,
monstera-deliciosa,monstera-deliciosa,tta6,rotate_+15,rotate,Monstera Deliciosa (Monstera deliciosa),1.0000,Aloe Vera,0.0000,1.0000,monstera-deliciosa,"monstera-deliciosa|aloe-vera|maranta-leuconeura",true,high-conf,false,103,
monstera-deliciosa,monstera-deliciosa,grid2x2,rotate_+15,rotate,Monstera Deliciosa (Monstera deliciosa),0.8031,Birds Nest Fern (Asplenium nidus),0.1024,0.7008,monstera-deliciosa,"monstera-deliciosa|asplenium-nidus|epipremnum-aureum",true,high-conf,false,162,
monstera-deliciosa,monstera-deliciosa,grid2x2_3x3,rotate_+15,rotate,Monstera Deliciosa (Monstera deliciosa),0.6464,Birds Nest Fern (Asplenium nidus),0.2053,0.4411,monstera-deliciosa,"monstera-deliciosa|asplenium-nidus|epipremnum-aureum",true,high-conf,false,377,
monstera-deliciosa,monstera-deliciosa,tta6,rotate_-15,rotate,Monstera Deliciosa (Monstera deliciosa),1.0000,Aloe Vera,0.0000,1.0000,monstera-deliciosa,"monstera-deliciosa|aloe-vera|maranta-leuconeura",true,high-conf,false,102,
monstera-deliciosa,monstera-deliciosa,grid2x2,rotate_-15,rotate,Monstera Deliciosa (Monstera deliciosa),0.9788,Aloe Vera,0.0176,0.9612,monstera-deliciosa,"monstera-deliciosa|aloe-vera|anthurium-andraeanum",true,high-conf,false,186,
monstera-deliciosa,monstera-deliciosa,grid2x2_3x3,rotate_-15,rotate,Monstera Deliciosa (Monstera deliciosa),0.7807,Snake plant (Sanseviera),0.0919,0.6888,monstera-deliciosa,"monstera-deliciosa|dracaena-trifasciata|dieffenbachia",true,high-conf,false,511,
monstera-deliciosa,monstera-deliciosa,tta6,rotate_+90,rotate,Monstera Deliciosa (Monstera deliciosa),0.6794,Birds Nest Fern (Asplenium nidus),0.3189,0.3605,monstera-deliciosa,"monstera-deliciosa|asplenium-nidus|aloe-vera",true,high-conf,false,157,
monstera-deliciosa,monstera-deliciosa,grid2x2,rotate_+90,rotate,Monstera Deliciosa (Monstera deliciosa),0.7362,Birds Nest Fern (Asplenium nidus),0.2570,0.4792,monstera-deliciosa,"monstera-deliciosa|asplenium-nidus|aloe-vera",true,high-conf,false,202,
monstera-deliciosa,monstera-deliciosa,grid2x2_3x3,rotate_+90,rotate,Monstera Deliciosa (Monstera deliciosa),0.6239,Birds Nest Fern (Asplenium nidus),0.1353,0.4886,monstera-deliciosa,"monstera-deliciosa|asplenium-nidus|dieffenbachia",true,high-conf,false,358,
monstera-deliciosa,monstera-deliciosa,tta6,rotate_-90,rotate,Monstera Deliciosa (Monstera deliciosa),1.0000,Cast Iron Plant (Aspidistra elatior),0.0000,1.0000,monstera-deliciosa,"monstera-deliciosa|aspidistra-elatior|asplenium-nidus",true,high-conf,false,101,
monstera-deliciosa,monstera-deliciosa,grid2x2,rotate_-90,rotate,Monstera Deliciosa (Monstera deliciosa),0.9977,Cast Iron Plant (Aspidistra elatior),0.0023,0.9953,monstera-deliciosa,"monstera-deliciosa|aspidistra-elatior|asplenium-nidus",true,high-conf,false,174,
monstera-deliciosa,monstera-deliciosa,grid2x2_3x3,rotate_-90,rotate,Monstera Deliciosa (Monstera deliciosa),0.8119,Dumb Cane (Dieffenbachia spp.),0.1018,0.7101,monstera-deliciosa,"monstera-deliciosa|dieffenbachia|aspidistra-elatior",true,high-conf,false,333,
monstera-deliciosa,monstera-deliciosa,tta6,bright_up,brightness,Monstera Deliciosa (Monstera deliciosa),0.9999,Aloe Vera,0.0001,0.9999,monstera-deliciosa,"monstera-deliciosa|aloe-vera|maranta-leuconeura",true,high-conf,false,132,
monstera-deliciosa,monstera-deliciosa,grid2x2,bright_up,brightness,Monstera Deliciosa (Monstera deliciosa),0.9953,Birds Nest Fern (Asplenium nidus),0.0044,0.9910,monstera-deliciosa,"monstera-deliciosa|asplenium-nidus|maranta-leuconeura",true,high-conf,false,215,
monstera-deliciosa,monstera-deliciosa,grid2x2_3x3,bright_up,brightness,Monstera Deliciosa (Monstera deliciosa),0.8222,Dumb Cane (Dieffenbachia spp.),0.0650,0.7572,monstera-deliciosa,"monstera-deliciosa|dieffenbachia|asplenium-nidus",true,high-conf,false,338,
monstera-deliciosa,monstera-deliciosa,tta6,bright_down,brightness,Monstera Deliciosa (Monstera deliciosa),0.9873,Aloe Vera,0.0127,0.9745,monstera-deliciosa,"monstera-deliciosa|aloe-vera|asplenium-nidus",true,high-conf,false,92,
monstera-deliciosa,monstera-deliciosa,grid2x2,bright_down,brightness,Monstera Deliciosa (Monstera deliciosa),0.8072,Birds Nest Fern (Asplenium nidus),0.1850,0.6223,monstera-deliciosa,"monstera-deliciosa|asplenium-nidus|aloe-vera",true,high-conf,false,216,
monstera-deliciosa,monstera-deliciosa,grid2x2_3x3,bright_down,brightness,Monstera Deliciosa (Monstera deliciosa),0.6427,Birds Nest Fern (Asplenium nidus),0.1686,0.4740,monstera-deliciosa,"monstera-deliciosa|asplenium-nidus|dieffenbachia",true,high-conf,false,414,
monstera-deliciosa,monstera-deliciosa,tta6,contrast_up,contrast,Monstera Deliciosa (Monstera deliciosa),1.0000,Prayer Plant (Maranta leuconeura),0.0000,1.0000,monstera-deliciosa,"monstera-deliciosa|maranta-leuconeura|aloe-vera",true,high-conf,false,112,
monstera-deliciosa,monstera-deliciosa,grid2x2,contrast_up,contrast,Monstera Deliciosa (Monstera deliciosa),0.8269,Birds Nest Fern (Asplenium nidus),0.1730,0.6539,monstera-deliciosa,"monstera-deliciosa|asplenium-nidus|aloe-vera",true,high-conf,false,179,
monstera-deliciosa,monstera-deliciosa,grid2x2_3x3,contrast_up,contrast,Monstera Deliciosa (Monstera deliciosa),0.7027,Birds Nest Fern (Asplenium nidus),0.1434,0.5593,monstera-deliciosa,"monstera-deliciosa|asplenium-nidus|dieffenbachia",true,high-conf,false,335,
monstera-deliciosa,monstera-deliciosa,tta6,contrast_down,contrast,Monstera Deliciosa (Monstera deliciosa),0.9989,Aloe Vera,0.0007,0.9982,monstera-deliciosa,"monstera-deliciosa|aloe-vera|maranta-leuconeura",true,high-conf,false,103,
monstera-deliciosa,monstera-deliciosa,grid2x2,contrast_down,contrast,Monstera Deliciosa (Monstera deliciosa),0.9710,Birds Nest Fern (Asplenium nidus),0.0272,0.9437,monstera-deliciosa,"monstera-deliciosa|asplenium-nidus|maranta-leuconeura",true,high-conf,false,174,
monstera-deliciosa,monstera-deliciosa,grid2x2_3x3,contrast_down,contrast,Monstera Deliciosa (Monstera deliciosa),0.7769,Birds Nest Fern (Asplenium nidus),0.1026,0.6743,monstera-deliciosa,"monstera-deliciosa|asplenium-nidus|dieffenbachia",true,high-conf,false,379,
monstera-deliciosa__01,monstera-deliciosa,tta6,clean,clean,Dracaena,0.7016,Tradescantia,0.2950,0.4066,dracaena,"dracaena|tradescantia|monstera-deliciosa",true,high-conf,true,106,
monstera-deliciosa__01,monstera-deliciosa,grid2x2,clean,clean,Dracaena,0.4480,Tradescantia,0.3877,0.0603,dracaena,"dracaena|tradescantia|monstera-deliciosa",true,low-conf,false,160,
monstera-deliciosa__01,monstera-deliciosa,grid2x2_3x3,clean,clean,Tradescantia,0.3199,Dracaena,0.2797,0.0402,tradescantia,"tradescantia|dracaena|aspidistra-elatior",true,low-conf,false,501,
monstera-deliciosa__01,monstera-deliciosa,tta6,blur,blur,Parlor Palm (Chamaedorea elegans),0.8378,Tradescantia,0.1611,0.6768,chamaedorea-elegans,"chamaedorea-elegans|tradescantia|dracaena",true,high-conf,true,117,
monstera-deliciosa__01,monstera-deliciosa,grid2x2,blur,blur,Parlor Palm (Chamaedorea elegans),0.7368,Prayer Plant (Maranta leuconeura),0.1227,0.6141,chamaedorea-elegans,"chamaedorea-elegans|maranta-leuconeura|tradescantia",true,high-conf,true,262,
monstera-deliciosa__01,monstera-deliciosa,grid2x2_3x3,blur,blur,Parlor Palm (Chamaedorea elegans),0.3999,Calathea,0.1712,0.2287,chamaedorea-elegans,"chamaedorea-elegans|goeppertia-orbifolia|tradescantia",true,low-conf,false,438,
monstera-deliciosa__01,monstera-deliciosa,tta6,crop_center_zoom,crop,Tradescantia,0.4820,Dracaena,0.4790,0.0030,tradescantia,"tradescantia|dracaena|chamaedorea-elegans",true,low-conf,false,142,
monstera-deliciosa__01,monstera-deliciosa,grid2x2,crop_center_zoom,crop,Tradescantia,0.5478,Dracaena,0.2955,0.2523,tradescantia,"tradescantia|dracaena|aspidistra-elatior",true,low-conf,false,256,
monstera-deliciosa__01,monstera-deliciosa,grid2x2_3x3,crop_center_zoom,crop,Tradescantia,0.3420,Dracaena,0.1555,0.1865,tradescantia,"tradescantia|dracaena|ctenanthe",true,low-conf,false,734,
monstera-deliciosa__01,monstera-deliciosa,tta6,crop_offcenter_zoom,crop,Dracaena,0.6266,Tradescantia,0.2430,0.3835,dracaena,"dracaena|tradescantia|schefflera",true,high-conf,true,208,
monstera-deliciosa__01,monstera-deliciosa,grid2x2,crop_offcenter_zoom,crop,Dracaena,0.3838,Tradescantia,0.2933,0.0905,dracaena,"dracaena|tradescantia|aspidistra-elatior",true,low-conf,false,422,
monstera-deliciosa__01,monstera-deliciosa,grid2x2_3x3,crop_offcenter_zoom,crop,Dracaena,0.2020,Tradescantia,0.1606,0.0414,dracaena,"dracaena|tradescantia|aspidistra-elatior",true,low-conf,false,415,
monstera-deliciosa__01,monstera-deliciosa,tta6,rotate_+15,rotate,Tradescantia,0.6656,Parlor Palm (Chamaedorea elegans),0.2941,0.3715,tradescantia,"tradescantia|chamaedorea-elegans|schefflera",true,high-conf,true,148,
monstera-deliciosa__01,monstera-deliciosa,grid2x2,rotate_+15,rotate,Tradescantia,0.5996,Parlor Palm (Chamaedorea elegans),0.2760,0.3235,tradescantia,"tradescantia|chamaedorea-elegans|dracaena-trifasciata",true,high-conf,true,218,
monstera-deliciosa__01,monstera-deliciosa,grid2x2_3x3,rotate_+15,rotate,Tradescantia,0.3599,Parlor Palm (Chamaedorea elegans),0.2104,0.1494,tradescantia,"tradescantia|chamaedorea-elegans|monstera-deliciosa",true,low-conf,false,301,
monstera-deliciosa__01,monstera-deliciosa,tta6,rotate_-15,rotate,Parlor Palm (Chamaedorea elegans),0.6143,Tradescantia,0.3794,0.2349,chamaedorea-elegans,"chamaedorea-elegans|tradescantia|monstera-deliciosa",true,low-conf,false,96,
monstera-deliciosa__01,monstera-deliciosa,grid2x2,rotate_-15,rotate,Parlor Palm (Chamaedorea elegans),0.3686,Tradescantia,0.3293,0.0393,chamaedorea-elegans,"chamaedorea-elegans|tradescantia|schefflera",true,low-conf,false,157,
monstera-deliciosa__01,monstera-deliciosa,grid2x2_3x3,rotate_-15,rotate,Parlor Palm (Chamaedorea elegans),0.2410,Tradescantia,0.2129,0.0281,chamaedorea-elegans,"chamaedorea-elegans|tradescantia|aloe-vera",true,low-conf,false,346,
monstera-deliciosa__01,monstera-deliciosa,tta6,rotate_+90,rotate,Parlor Palm (Chamaedorea elegans),0.7722,Dracaena,0.2208,0.5514,chamaedorea-elegans,"chamaedorea-elegans|dracaena|monstera-deliciosa",true,high-conf,true,131,
monstera-deliciosa__01,monstera-deliciosa,grid2x2,rotate_+90,rotate,Parlor Palm (Chamaedorea elegans),0.5557,Dracaena,0.2942,0.2615,chamaedorea-elegans,"chamaedorea-elegans|dracaena|tradescantia",true,low-conf,false,199,
monstera-deliciosa__01,monstera-deliciosa,grid2x2_3x3,rotate_+90,rotate,Parlor Palm (Chamaedorea elegans),0.3098,Dracaena,0.2087,0.1011,chamaedorea-elegans,"chamaedorea-elegans|dracaena|tradescantia",true,low-conf,false,334,
monstera-deliciosa__01,monstera-deliciosa,tta6,rotate_-90,rotate,Parlor Palm (Chamaedorea elegans),0.7266,Dracaena,0.1813,0.5453,chamaedorea-elegans,"chamaedorea-elegans|dracaena|beaucarnea-recurvata",true,high-conf,true,92,
monstera-deliciosa__01,monstera-deliciosa,grid2x2,rotate_-90,rotate,Parlor Palm (Chamaedorea elegans),0.4868,Dracaena,0.2537,0.2332,chamaedorea-elegans,"chamaedorea-elegans|dracaena|monstera-deliciosa",true,low-conf,false,174,
monstera-deliciosa__01,monstera-deliciosa,grid2x2_3x3,rotate_-90,rotate,Parlor Palm (Chamaedorea elegans),0.3170,Monstera Deliciosa (Monstera deliciosa),0.2721,0.0449,chamaedorea-elegans,"chamaedorea-elegans|monstera-deliciosa|dracaena",true,low-conf,false,372,
monstera-deliciosa__01,monstera-deliciosa,tta6,bright_up,brightness,Dracaena,0.6212,Tradescantia,0.3773,0.2439,dracaena,"dracaena|tradescantia|monstera-deliciosa",true,low-conf,false,128,
monstera-deliciosa__01,monstera-deliciosa,grid2x2,bright_up,brightness,Tradescantia,0.4412,Dracaena,0.4310,0.0103,tradescantia,"tradescantia|dracaena|monstera-deliciosa",true,low-conf,false,149,
monstera-deliciosa__01,monstera-deliciosa,grid2x2_3x3,bright_up,brightness,Tradescantia,0.4165,Dracaena,0.2596,0.1570,tradescantia,"tradescantia|dracaena|aspidistra-elatior",true,low-conf,false,350,
monstera-deliciosa__01,monstera-deliciosa,tta6,bright_down,brightness,Dracaena,0.9325,Tradescantia,0.0597,0.8727,dracaena,"dracaena|tradescantia|monstera-deliciosa",true,high-conf,true,99,
monstera-deliciosa__01,monstera-deliciosa,grid2x2,bright_down,brightness,Dracaena,0.6233,Tradescantia,0.1457,0.4776,dracaena,"dracaena|tradescantia|monstera-deliciosa",true,high-conf,true,157,
monstera-deliciosa__01,monstera-deliciosa,grid2x2_3x3,bright_down,brightness,Dracaena,0.3795,Cast Iron Plant (Aspidistra elatior),0.1323,0.2472,dracaena,"dracaena|aspidistra-elatior|zamioculcas-zamiifolia",true,low-conf,false,368,
monstera-deliciosa__01,monstera-deliciosa,tta6,contrast_up,contrast,Dracaena,0.8919,Tradescantia,0.1077,0.7843,dracaena,"dracaena|tradescantia|monstera-deliciosa",true,high-conf,true,107,
monstera-deliciosa__01,monstera-deliciosa,grid2x2,contrast_up,contrast,Dracaena,0.6427,Tradescantia,0.1776,0.4652,dracaena,"dracaena|tradescantia|monstera-deliciosa",true,high-conf,true,173,
monstera-deliciosa__01,monstera-deliciosa,grid2x2_3x3,contrast_up,contrast,Dracaena,0.3474,Monstera Deliciosa (Monstera deliciosa),0.2133,0.1341,dracaena,"dracaena|monstera-deliciosa|tradescantia",true,low-conf,false,317,
monstera-deliciosa__01,monstera-deliciosa,tta6,contrast_down,contrast,Tradescantia,0.5238,Dracaena,0.4458,0.0780,tradescantia,"tradescantia|dracaena|monstera-deliciosa",true,low-conf,false,94,
monstera-deliciosa__01,monstera-deliciosa,grid2x2,contrast_down,contrast,Tradescantia,0.5509,Dracaena,0.3116,0.2393,tradescantia,"tradescantia|dracaena|monstera-deliciosa",true,low-conf,false,165,
monstera-deliciosa__01,monstera-deliciosa,grid2x2_3x3,contrast_down,contrast,Tradescantia,0.3473,Dracaena,0.2001,0.1473,tradescantia,"tradescantia|dracaena|monstera-deliciosa",true,low-conf,false,352,
nephrolepis-exaltata__01,nephrolepis-exaltata,tta6,clean,clean,Birds Nest Fern (Asplenium nidus),0.3860,Boston Fern (Nephrolepis exaltata),0.2713,0.1147,asplenium-nidus,"asplenium-nidus|nephrolepis-exaltata|schefflera",true,low-conf,false,102,
nephrolepis-exaltata__01,nephrolepis-exaltata,grid2x2,clean,clean,Birds Nest Fern (Asplenium nidus),0.2503,Boston Fern (Nephrolepis exaltata),0.2053,0.0450,asplenium-nidus,"asplenium-nidus|nephrolepis-exaltata|chamaedorea-elegans",true,low-conf,false,176,
nephrolepis-exaltata__01,nephrolepis-exaltata,grid2x2_3x3,clean,clean,Boston Fern (Nephrolepis exaltata),0.2489,Birds Nest Fern (Asplenium nidus),0.1843,0.0646,nephrolepis-exaltata,"nephrolepis-exaltata|asplenium-nidus|dracaena-trifasciata",true,low-conf,false,304,
nephrolepis-exaltata__01,nephrolepis-exaltata,tta6,blur,blur,Asparagus Fern (Asparagus setaceus),0.7390,Calathea,0.1367,0.6023,asparagus-setaceus,"asparagus-setaceus|goeppertia-orbifolia|chamaedorea-elegans",true,high-conf,true,102,
nephrolepis-exaltata__01,nephrolepis-exaltata,grid2x2,blur,blur,Asparagus Fern (Asparagus setaceus),0.6539,Parlor Palm (Chamaedorea elegans),0.2061,0.4479,asparagus-setaceus,"asparagus-setaceus|chamaedorea-elegans|goeppertia-orbifolia",true,high-conf,true,201,
nephrolepis-exaltata__01,nephrolepis-exaltata,grid2x2_3x3,blur,blur,Asparagus Fern (Asparagus setaceus),0.4143,Calathea,0.1584,0.2559,asparagus-setaceus,"asparagus-setaceus|goeppertia-orbifolia|chamaedorea-elegans",true,low-conf,false,315,
nephrolepis-exaltata__01,nephrolepis-exaltata,tta6,crop_center_zoom,crop,Elephant Ear (Alocasia spp.),0.4648,Snake plant (Sanseviera),0.1863,0.2786,alocasia,"alocasia|dracaena-trifasciata|zamioculcas-zamiifolia",true,low-conf,false,95,
nephrolepis-exaltata__01,nephrolepis-exaltata,grid2x2,crop_center_zoom,crop,Elephant Ear (Alocasia spp.),0.3675,ZZ Plant (Zamioculcas zamiifolia),0.1795,0.1881,alocasia,"alocasia|zamioculcas-zamiifolia|schlumbergera-bridgesii",true,low-conf,false,168,
nephrolepis-exaltata__01,nephrolepis-exaltata,grid2x2_3x3,crop_center_zoom,crop,Elephant Ear (Alocasia spp.),0.2767,Christmas Cactus (Schlumbergera bridgesii),0.1720,0.1048,alocasia,"alocasia|schlumbergera-bridgesii|dracaena-trifasciata",true,low-conf,false,296,
nephrolepis-exaltata__01,nephrolepis-exaltata,tta6,crop_offcenter_zoom,crop,Elephant Ear (Alocasia spp.),0.4361,Boston Fern (Nephrolepis exaltata),0.2613,0.1748,alocasia,"alocasia|nephrolepis-exaltata|goeppertia-orbifolia",true,low-conf,false,123,
nephrolepis-exaltata__01,nephrolepis-exaltata,grid2x2,crop_offcenter_zoom,crop,Elephant Ear (Alocasia spp.),0.3605,Boston Fern (Nephrolepis exaltata),0.2579,0.1026,alocasia,"alocasia|nephrolepis-exaltata|dracaena-trifasciata",true,low-conf,false,241,
nephrolepis-exaltata__01,nephrolepis-exaltata,grid2x2_3x3,crop_offcenter_zoom,crop,Elephant Ear (Alocasia spp.),0.3382,Snake plant (Sanseviera),0.2207,0.1174,alocasia,"alocasia|dracaena-trifasciata|nephrolepis-exaltata",true,low-conf,false,350,
nephrolepis-exaltata__01,nephrolepis-exaltata,tta6,rotate_+15,rotate,Birds Nest Fern (Asplenium nidus),0.3479,Schefflera,0.1877,0.1602,asplenium-nidus,"asplenium-nidus|schefflera|ctenanthe",true,low-conf,false,99,
nephrolepis-exaltata__01,nephrolepis-exaltata,grid2x2,rotate_+15,rotate,Birds Nest Fern (Asplenium nidus),0.2088,Boston Fern (Nephrolepis exaltata),0.1792,0.0295,asplenium-nidus,"asplenium-nidus|nephrolepis-exaltata|alocasia",true,low-conf,false,165,
nephrolepis-exaltata__01,nephrolepis-exaltata,grid2x2_3x3,rotate_+15,rotate,Boston Fern (Nephrolepis exaltata),0.2103,Christmas Cactus (Schlumbergera bridgesii),0.1375,0.0729,nephrolepis-exaltata,"nephrolepis-exaltata|schlumbergera-bridgesii|alocasia",true,low-conf,false,304,
nephrolepis-exaltata__01,nephrolepis-exaltata,tta6,rotate_-15,rotate,Schefflera,0.8136,Parlor Palm (Chamaedorea elegans),0.1392,0.6744,schefflera,"schefflera|chamaedorea-elegans|nephrolepis-exaltata",true,high-conf,true,123,
nephrolepis-exaltata__01,nephrolepis-exaltata,grid2x2,rotate_-15,rotate,Schefflera,0.4882,Boston Fern (Nephrolepis exaltata),0.2172,0.2710,schefflera,"schefflera|nephrolepis-exaltata|chamaedorea-elegans",true,low-conf,false,205,
nephrolepis-exaltata__01,nephrolepis-exaltata,grid2x2_3x3,rotate_-15,rotate,Schefflera,0.2569,Boston Fern (Nephrolepis exaltata),0.2063,0.0507,schefflera,"schefflera|nephrolepis-exaltata|chamaedorea-elegans",true,low-conf,false,355,
nephrolepis-exaltata__01,nephrolepis-exaltata,tta6,rotate_+90,rotate,Birds Nest Fern (Asplenium nidus),0.4920,Christmas Cactus (Schlumbergera bridgesii),0.1917,0.3003,asplenium-nidus,"asplenium-nidus|schlumbergera-bridgesii|nephrolepis-exaltata",true,high-conf,true,95,
nephrolepis-exaltata__01,nephrolepis-exaltata,grid2x2,rotate_+90,rotate,Birds Nest Fern (Asplenium nidus),0.3949,Boston Fern (Nephrolepis exaltata),0.2705,0.1244,asplenium-nidus,"asplenium-nidus|nephrolepis-exaltata|schlumbergera-bridgesii",true,low-conf,false,161,
nephrolepis-exaltata__01,nephrolepis-exaltata,grid2x2_3x3,rotate_+90,rotate,Boston Fern (Nephrolepis exaltata),0.3143,Birds Nest Fern (Asplenium nidus),0.2098,0.1045,nephrolepis-exaltata,"nephrolepis-exaltata|asplenium-nidus|tradescantia",true,low-conf,false,353,
nephrolepis-exaltata__01,nephrolepis-exaltata,tta6,rotate_-90,rotate,Boston Fern (Nephrolepis exaltata),0.2912,Rattlesnake Plant (Calathea lancifolia),0.2343,0.0569,nephrolepis-exaltata,"nephrolepis-exaltata|asplenium-nidus|goeppertia-orbifolia",true,low-conf,false,156,
nephrolepis-exaltata__01,nephrolepis-exaltata,grid2x2,rotate_-90,rotate,Boston Fern (Nephrolepis exaltata),0.3793,Christmas Cactus (Schlumbergera bridgesii),0.1447,0.2346,nephrolepis-exaltata,"nephrolepis-exaltata|schlumbergera-bridgesii|chamaedorea-elegans",true,low-conf,false,212,
nephrolepis-exaltata__01,nephrolepis-exaltata,grid2x2_3x3,rotate_-90,rotate,Boston Fern (Nephrolepis exaltata),0.3411,Christmas Cactus (Schlumbergera bridgesii),0.2194,0.1217,nephrolepis-exaltata,"nephrolepis-exaltata|schlumbergera-bridgesii|chamaedorea-elegans",true,low-conf,false,354,
nephrolepis-exaltata__01,nephrolepis-exaltata,tta6,bright_up,brightness,Boston Fern (Nephrolepis exaltata),0.3235,Birds Nest Fern (Asplenium nidus),0.2938,0.0297,nephrolepis-exaltata,"nephrolepis-exaltata|asplenium-nidus|ctenanthe",true,low-conf,false,109,
nephrolepis-exaltata__01,nephrolepis-exaltata,grid2x2,bright_up,brightness,Parlor Palm (Chamaedorea elegans),0.2803,Boston Fern (Nephrolepis exaltata),0.2163,0.0640,chamaedorea-elegans,"chamaedorea-elegans|nephrolepis-exaltata|asplenium-nidus",true,low-conf,false,179,
nephrolepis-exaltata__01,nephrolepis-exaltata,grid2x2_3x3,bright_up,brightness,Boston Fern (Nephrolepis exaltata),0.2164,Parlor Palm (Chamaedorea elegans),0.2020,0.0143,nephrolepis-exaltata,"nephrolepis-exaltata|chamaedorea-elegans|dracaena-trifasciata",true,low-conf,false,543,
nephrolepis-exaltata__01,nephrolepis-exaltata,tta6,bright_down,brightness,Schefflera,0.3732,Birds Nest Fern (Asplenium nidus),0.3405,0.0327,schefflera,"schefflera|asplenium-nidus|nephrolepis-exaltata",true,low-conf,false,147,
nephrolepis-exaltata__01,nephrolepis-exaltata,grid2x2,bright_down,brightness,Schefflera,0.2239,Birds Nest Fern (Asplenium nidus),0.2088,0.0151,schefflera,"schefflera|asplenium-nidus|nephrolepis-exaltata",true,low-conf,false,230,
nephrolepis-exaltata__01,nephrolepis-exaltata,grid2x2_3x3,bright_down,brightness,Snake plant (Sanseviera),0.1852,Boston Fern (Nephrolepis exaltata),0.1527,0.0325,dracaena-trifasciata,"dracaena-trifasciata|nephrolepis-exaltata|goeppertia-orbifolia",true,low-conf,false,315,
nephrolepis-exaltata__01,nephrolepis-exaltata,tta6,contrast_up,contrast,Birds Nest Fern (Asplenium nidus),0.4826,Boston Fern (Nephrolepis exaltata),0.3301,0.1525,asplenium-nidus,"asplenium-nidus|nephrolepis-exaltata|goeppertia-orbifolia",true,low-conf,false,101,
nephrolepis-exaltata__01,nephrolepis-exaltata,grid2x2,contrast_up,contrast,Birds Nest Fern (Asplenium nidus),0.2909,Boston Fern (Nephrolepis exaltata),0.2728,0.0181,asplenium-nidus,"asplenium-nidus|nephrolepis-exaltata|pachira-aquatica",true,low-conf,false,313,
nephrolepis-exaltata__01,nephrolepis-exaltata,grid2x2_3x3,contrast_up,contrast,Boston Fern (Nephrolepis exaltata),0.2364,Birds Nest Fern (Asplenium nidus),0.1759,0.0606,nephrolepis-exaltata,"nephrolepis-exaltata|asplenium-nidus|dracaena-trifasciata",true,low-conf,false,527,
nephrolepis-exaltata__01,nephrolepis-exaltata,tta6,contrast_down,contrast,Ctenanthe,0.4881,Elephant Ear (Alocasia spp.),0.1802,0.3079,ctenanthe,"ctenanthe|alocasia|chamaedorea-elegans",true,high-conf,true,111,
nephrolepis-exaltata__01,nephrolepis-exaltata,grid2x2,contrast_down,contrast,Ctenanthe,0.2929,Parlor Palm (Chamaedorea elegans),0.2639,0.0289,ctenanthe,"ctenanthe|chamaedorea-elegans|dracaena-trifasciata",true,low-conf,false,207,
nephrolepis-exaltata__01,nephrolepis-exaltata,grid2x2_3x3,contrast_down,contrast,Boston Fern (Nephrolepis exaltata),0.1692,Ctenanthe,0.1546,0.0146,nephrolepis-exaltata,"nephrolepis-exaltata|ctenanthe|chamaedorea-elegans",true,low-conf,false,441,
pachira-aquatica__01,pachira-aquatica,tta6,clean,clean,Money Tree (Pachira aquatica),0.5580,Rubber Plant (Ficus elastica),0.4394,0.1185,pachira-aquatica,"pachira-aquatica|ficus-elastica|ctenanthe",true,low-conf,false,103,
pachira-aquatica__01,pachira-aquatica,grid2x2,clean,clean,Rubber Plant (Ficus elastica),0.4636,Money Tree (Pachira aquatica),0.4348,0.0288,ficus-elastica,"ficus-elastica|pachira-aquatica|zamioculcas-zamiifolia",true,low-conf,false,159,
pachira-aquatica__01,pachira-aquatica,grid2x2_3x3,clean,clean,Money Tree (Pachira aquatica),0.3480,Rubber Plant (Ficus elastica),0.3479,0.0001,pachira-aquatica,"pachira-aquatica|ficus-elastica|zamioculcas-zamiifolia",true,low-conf,false,308,
pachira-aquatica__01,pachira-aquatica,tta6,blur,blur,Venus Flytrap,0.4971,Money Tree (Pachira aquatica),0.2742,0.2229,dionaea-muscipula,"dionaea-muscipula|pachira-aquatica|schlumbergera-bridgesii",true,low-conf,false,108,
pachira-aquatica__01,pachira-aquatica,grid2x2,blur,blur,Venus Flytrap,0.3977,Money Tree (Pachira aquatica),0.1681,0.2296,dionaea-muscipula,"dionaea-muscipula|pachira-aquatica|schlumbergera-bridgesii",true,low-conf,false,168,
pachira-aquatica__01,pachira-aquatica,grid2x2_3x3,blur,blur,Calathea,0.2137,Venus Flytrap,0.2118,0.0019,goeppertia-orbifolia,"goeppertia-orbifolia|dionaea-muscipula|schlumbergera-bridgesii",true,low-conf,false,371,
pachira-aquatica__01,pachira-aquatica,tta6,crop_center_zoom,crop,Rubber Plant (Ficus elastica),0.4825,Money Tree (Pachira aquatica),0.4782,0.0042,ficus-elastica,"ficus-elastica|pachira-aquatica|goeppertia-orbifolia",true,low-conf,false,124,
pachira-aquatica__01,pachira-aquatica,grid2x2,crop_center_zoom,crop,Rubber Plant (Ficus elastica),0.4023,Money Tree (Pachira aquatica),0.3868,0.0155,ficus-elastica,"ficus-elastica|pachira-aquatica|zamioculcas-zamiifolia",true,low-conf,false,202,
pachira-aquatica__01,pachira-aquatica,grid2x2_3x3,crop_center_zoom,crop,Rubber Plant (Ficus elastica),0.2227,Money Tree (Pachira aquatica),0.2046,0.0182,ficus-elastica,"ficus-elastica|pachira-aquatica|zamioculcas-zamiifolia",true,low-conf,false,423,
pachira-aquatica__01,pachira-aquatica,tta6,crop_offcenter_zoom,crop,Money Tree (Pachira aquatica),0.9885,Rubber Plant (Ficus elastica),0.0090,0.9795,pachira-aquatica,"pachira-aquatica|ficus-elastica|ctenanthe",true,high-conf,false,158,
pachira-aquatica__01,pachira-aquatica,grid2x2,crop_offcenter_zoom,crop,Money Tree (Pachira aquatica),0.8278,Rubber Plant (Ficus elastica),0.1050,0.7228,pachira-aquatica,"pachira-aquatica|ficus-elastica|maranta-leuconeura",true,high-conf,false,191,
pachira-aquatica__01,pachira-aquatica,grid2x2_3x3,crop_offcenter_zoom,crop,Money Tree (Pachira aquatica),0.5150,Christmas Cactus (Schlumbergera bridgesii),0.1847,0.3303,pachira-aquatica,"pachira-aquatica|schlumbergera-bridgesii|dracaena-trifasciata",true,high-conf,false,395,
pachira-aquatica__01,pachira-aquatica,tta6,rotate_+15,rotate,Money Tree (Pachira aquatica),0.8318,Rubber Plant (Ficus elastica),0.1308,0.7009,pachira-aquatica,"pachira-aquatica|ficus-elastica|goeppertia-orbifolia",true,high-conf,false,112,
pachira-aquatica__01,pachira-aquatica,grid2x2,rotate_+15,rotate,Money Tree (Pachira aquatica),0.5993,Rubber Plant (Ficus elastica),0.3075,0.2918,pachira-aquatica,"pachira-aquatica|ficus-elastica|schlumbergera-bridgesii",true,low-conf,false,178,
pachira-aquatica__01,pachira-aquatica,grid2x2_3x3,rotate_+15,rotate,Money Tree (Pachira aquatica),0.3680,ZZ Plant (Zamioculcas zamiifolia),0.2083,0.1597,pachira-aquatica,"pachira-aquatica|zamioculcas-zamiifolia|ficus-elastica",true,low-conf,false,315,
pachira-aquatica__01,pachira-aquatica,tta6,rotate_-15,rotate,Money Tree (Pachira aquatica),0.5381,Rubber Plant (Ficus elastica),0.2939,0.2443,pachira-aquatica,"pachira-aquatica|ficus-elastica|ctenanthe",true,low-conf,false,151,
pachira-aquatica__01,pachira-aquatica,grid2x2,rotate_-15,rotate,Money Tree (Pachira aquatica),0.3234,Rubber Plant (Ficus elastica),0.2718,0.0516,pachira-aquatica,"pachira-aquatica|ficus-elastica|ctenanthe",true,low-conf,false,272,
pachira-aquatica__01,pachira-aquatica,grid2x2_3x3,rotate_-15,rotate,Rubber Plant (Ficus elastica),0.2746,Money Tree (Pachira aquatica),0.2272,0.0474,ficus-elastica,"ficus-elastica|pachira-aquatica|schlumbergera-bridgesii",true,low-conf,false,341,
pachira-aquatica__01,pachira-aquatica,tta6,rotate_+90,rotate,Money Tree (Pachira aquatica),0.6070,Rubber Plant (Ficus elastica),0.2023,0.4047,pachira-aquatica,"pachira-aquatica|ficus-elastica|maranta-leuconeura",true,high-conf,false,104,
pachira-aquatica__01,pachira-aquatica,grid2x2,rotate_+90,rotate,Money Tree (Pachira aquatica),0.4642,Rubber Plant (Ficus elastica),0.2145,0.2497,pachira-aquatica,"pachira-aquatica|ficus-elastica|alocasia",true,low-conf,false,203,
pachira-aquatica__01,pachira-aquatica,grid2x2_3x3,rotate_+90,rotate,Money Tree (Pachira aquatica),0.3493,Rubber Plant (Ficus elastica),0.2153,0.1341,pachira-aquatica,"pachira-aquatica|ficus-elastica|alocasia",true,low-conf,false,433,
pachira-aquatica__01,pachira-aquatica,tta6,rotate_-90,rotate,Money Tree (Pachira aquatica),0.8524,Rubber Plant (Ficus elastica),0.1376,0.7147,pachira-aquatica,"pachira-aquatica|ficus-elastica|ctenanthe",true,high-conf,false,122,
pachira-aquatica__01,pachira-aquatica,grid2x2,rotate_-90,rotate,Money Tree (Pachira aquatica),0.6114,Elephant Ear (Alocasia spp.),0.1193,0.4921,pachira-aquatica,"pachira-aquatica|alocasia|ficus-elastica",true,high-conf,false,163,
pachira-aquatica__01,pachira-aquatica,grid2x2_3x3,rotate_-90,rotate,Money Tree (Pachira aquatica),0.4273,Elephant Ear (Alocasia spp.),0.1681,0.2592,pachira-aquatica,"pachira-aquatica|alocasia|zamioculcas-zamiifolia",true,low-conf,false,305,
pachira-aquatica__01,pachira-aquatica,tta6,bright_up,brightness,Money Tree (Pachira aquatica),0.6527,Rubber Plant (Ficus elastica),0.3240,0.3287,pachira-aquatica,"pachira-aquatica|ficus-elastica|ctenanthe",true,high-conf,false,116,
pachira-aquatica__01,pachira-aquatica,grid2x2,bright_up,brightness,Money Tree (Pachira aquatica),0.4918,Rubber Plant (Ficus elastica),0.4007,0.0911,pachira-aquatica,"pachira-aquatica|ficus-elastica|zamioculcas-zamiifolia",true,low-conf,false,268,
pachira-aquatica__01,pachira-aquatica,grid2x2_3x3,bright_up,brightness,Money Tree (Pachira aquatica),0.3618,Rubber Plant (Ficus elastica),0.3270,0.0348,pachira-aquatica,"pachira-aquatica|ficus-elastica|zamioculcas-zamiifolia",true,low-conf,false,653,
pachira-aquatica__01,pachira-aquatica,tta6,bright_down,brightness,Money Tree (Pachira aquatica),0.7593,Rubber Plant (Ficus elastica),0.1552,0.6042,pachira-aquatica,"pachira-aquatica|ficus-elastica|ctenanthe",true,high-conf,false,262,
pachira-aquatica__01,pachira-aquatica,grid2x2,bright_down,brightness,Money Tree (Pachira aquatica),0.5556,Rubber Plant (Ficus elastica),0.2730,0.2826,pachira-aquatica,"pachira-aquatica|ficus-elastica|zamioculcas-zamiifolia",true,low-conf,false,300,
pachira-aquatica__01,pachira-aquatica,grid2x2_3x3,bright_down,brightness,Money Tree (Pachira aquatica),0.4218,ZZ Plant (Zamioculcas zamiifolia),0.2254,0.1964,pachira-aquatica,"pachira-aquatica|zamioculcas-zamiifolia|ficus-elastica",true,low-conf,false,472,
pachira-aquatica__01,pachira-aquatica,tta6,contrast_up,contrast,Money Tree (Pachira aquatica),0.8083,Rubber Plant (Ficus elastica),0.1607,0.6476,pachira-aquatica,"pachira-aquatica|ficus-elastica|ctenanthe",true,high-conf,false,147,
pachira-aquatica__01,pachira-aquatica,grid2x2,contrast_up,contrast,Money Tree (Pachira aquatica),0.5850,Rubber Plant (Ficus elastica),0.2947,0.2903,pachira-aquatica,"pachira-aquatica|ficus-elastica|zamioculcas-zamiifolia",true,low-conf,false,177,
pachira-aquatica__01,pachira-aquatica,grid2x2_3x3,contrast_up,contrast,Money Tree (Pachira aquatica),0.4244,ZZ Plant (Zamioculcas zamiifolia),0.2349,0.1895,pachira-aquatica,"pachira-aquatica|zamioculcas-zamiifolia|ficus-elastica",true,low-conf,false,340,
pachira-aquatica__01,pachira-aquatica,tta6,contrast_down,contrast,Money Tree (Pachira aquatica),0.4784,Rubber Plant (Ficus elastica),0.3827,0.0958,pachira-aquatica,"pachira-aquatica|ficus-elastica|ctenanthe",true,low-conf,false,124,
pachira-aquatica__01,pachira-aquatica,grid2x2,contrast_down,contrast,Money Tree (Pachira aquatica),0.3871,Rubber Plant (Ficus elastica),0.3221,0.0650,pachira-aquatica,"pachira-aquatica|ficus-elastica|zamioculcas-zamiifolia",true,low-conf,false,306,
pachira-aquatica__01,pachira-aquatica,grid2x2_3x3,contrast_down,contrast,ZZ Plant (Zamioculcas zamiifolia),0.3151,Money Tree (Pachira aquatica),0.3070,0.0080,zamioculcas-zamiifolia,"zamioculcas-zamiifolia|pachira-aquatica|ficus-elastica",true,low-conf,false,752,
phalaenopsis,phalaenopsis,tta6,clean,clean,Orchid,0.8994,Begonia (Begonia spp.),0.1003,0.7991,phalaenopsis,"phalaenopsis|begonia|kalanchoe",true,high-conf,false,146,
phalaenopsis,phalaenopsis,grid2x2,clean,clean,Orchid,0.6267,Begonia (Begonia spp.),0.1570,0.4697,phalaenopsis,"phalaenopsis|begonia|hedera-helix",true,high-conf,false,411,
phalaenopsis,phalaenopsis,grid2x2_3x3,clean,clean,Orchid,0.3871,Peace lily,0.0992,0.2879,phalaenopsis,"phalaenopsis|spathiphyllum-wallisii|begonia",true,low-conf,false,407,
phalaenopsis,phalaenopsis,tta6,blur,blur,Begonia (Begonia spp.),0.7247,Orchid,0.1494,0.5753,begonia,"begonia|phalaenopsis|saintpaulia-ionantha",true,high-conf,true,97,
phalaenopsis,phalaenopsis,grid2x2,blur,blur,Begonia (Begonia spp.),0.4574,Daffodils (Narcissus spp.),0.1508,0.3066,begonia,"begonia|aloe-vera|phalaenopsis",true,high-conf,true,237,
phalaenopsis,phalaenopsis,grid2x2_3x3,blur,blur,Begonia (Begonia spp.),0.2408,English Ivy (Hedera helix),0.0857,0.1550,begonia,"begonia|hedera-helix|dracaena-trifasciata",true,low-conf,false,426,
phalaenopsis,phalaenopsis,tta6,crop_center_zoom,crop,Orchid,0.9999,Daffodils (Narcissus spp.),0.0001,0.9998,phalaenopsis,"phalaenopsis|saintpaulia-ionantha|begonia",true,high-conf,false,164,
phalaenopsis,phalaenopsis,grid2x2,crop_center_zoom,crop,Orchid,0.7013,Lily of the valley (Convallaria majalis),0.0999,0.6014,phalaenopsis,"phalaenopsis|hedera-helix|dracaena-trifasciata",true,high-conf,false,257,
phalaenopsis,phalaenopsis,grid2x2_3x3,crop_center_zoom,crop,Orchid,0.3691,English Ivy (Hedera helix),0.1910,0.1781,phalaenopsis,"phalaenopsis|hedera-helix|dracaena-trifasciata",true,low-conf,false,447,
phalaenopsis,phalaenopsis,tta6,crop_offcenter_zoom,crop,Orchid,0.6638,Daffodils (Narcissus spp.),0.1630,0.5009,phalaenopsis,"phalaenopsis|begonia|kalanchoe",true,high-conf,false,114,
phalaenopsis,phalaenopsis,grid2x2,crop_offcenter_zoom,crop,Orchid,0.4713,English Ivy (Hedera helix),0.1001,0.3713,phalaenopsis,"phalaenopsis|hedera-helix|alocasia",true,high-conf,false,184,
phalaenopsis,phalaenopsis,grid2x2_3x3,crop_offcenter_zoom,crop,Orchid,0.2911,Asparagus Fern (Asparagus setaceus),0.1252,0.1659,phalaenopsis,"phalaenopsis|asparagus-setaceus|hedera-helix",true,low-conf,false,393,
phalaenopsis,phalaenopsis,tta6,rotate_+15,rotate,Orchid,0.9999,Begonia (Begonia spp.),0.0001,0.9998,phalaenopsis,"phalaenopsis|begonia|saintpaulia-ionantha",true,high-conf,false,109,
phalaenopsis,phalaenopsis,grid2x2,rotate_+15,rotate,Orchid,0.7758,English Ivy (Hedera helix),0.1031,0.6727,phalaenopsis,"phalaenopsis|hedera-helix|dracaena-trifasciata",true,high-conf,false,261,
phalaenopsis,phalaenopsis,grid2x2_3x3,rotate_+15,rotate,Orchid,0.5018,Snake plant (Sanseviera),0.2000,0.3018,phalaenopsis,"phalaenopsis|dracaena-trifasciata|hedera-helix",true,high-conf,false,398,
phalaenopsis,phalaenopsis,tta6,rotate_-15,rotate,Orchid,1.0000,Begonia (Begonia spp.),0.0000,1.0000,phalaenopsis,"phalaenopsis|begonia|saintpaulia-ionantha",true,high-conf,false,230,
phalaenopsis,phalaenopsis,grid2x2,rotate_-15,rotate,Orchid,0.8700,Lily of the valley (Convallaria majalis),0.0987,0.7713,phalaenopsis,"phalaenopsis|begonia|dracaena-trifasciata",true,high-conf,false,304,
phalaenopsis,phalaenopsis,grid2x2_3x3,rotate_-15,rotate,Orchid,0.4892,Snake plant (Sanseviera),0.2157,0.2736,phalaenopsis,"phalaenopsis|dracaena-trifasciata|spathiphyllum-wallisii",true,low-conf,false,365,
phalaenopsis,phalaenopsis,tta6,rotate_+90,rotate,Orchid,0.7478,African Violet (Saintpaulia ionantha),0.1485,0.5993,phalaenopsis,"phalaenopsis|saintpaulia-ionantha|begonia",true,high-conf,false,124,
phalaenopsis,phalaenopsis,grid2x2,rotate_+90,rotate,Orchid,0.4487,Begonia (Begonia spp.),0.1609,0.2878,phalaenopsis,"phalaenopsis|begonia|hedera-helix",true,low-conf,false,203,
phalaenopsis,phalaenopsis,grid2x2_3x3,rotate_+90,rotate,Orchid,0.3273,English Ivy (Hedera helix),0.1537,0.1736,phalaenopsis,"phalaenopsis|hedera-helix|maranta-leuconeura",true,low-conf,false,499,
phalaenopsis,phalaenopsis,tta6,rotate_-90,rotate,Orchid,0.8356,African Violet (Saintpaulia ionantha),0.1550,0.6807,phalaenopsis,"phalaenopsis|saintpaulia-ionantha|maranta-leuconeura",true,high-conf,false,350,
phalaenopsis,phalaenopsis,grid2x2,rotate_-90,rotate,Orchid,0.5183,Lily of the valley (Convallaria majalis),0.1062,0.4120,phalaenopsis,"phalaenopsis|saintpaulia-ionantha|alocasia",true,high-conf,false,397,
phalaenopsis,phalaenopsis,grid2x2_3x3,rotate_-90,rotate,Orchid,0.3255,Elephant Ear (Alocasia spp.),0.1015,0.2240,phalaenopsis,"phalaenopsis|alocasia|dracaena-trifasciata",true,low-conf,false,825,
phalaenopsis,phalaenopsis,tta6,bright_up,brightness,Orchid,0.9939,Begonia (Begonia spp.),0.0059,0.9880,phalaenopsis,"phalaenopsis|begonia|dracaena-trifasciata",true,high-conf,false,148,
phalaenopsis,phalaenopsis,grid2x2,bright_up,brightness,Orchid,0.6546,Begonia (Begonia spp.),0.1025,0.5521,phalaenopsis,"phalaenopsis|begonia|spathiphyllum-wallisii",true,high-conf,false,187,
phalaenopsis,phalaenopsis,grid2x2_3x3,bright_up,brightness,Orchid,0.3949,Snake plant (Sanseviera),0.1033,0.2916,phalaenopsis,"phalaenopsis|dracaena-trifasciata|spathiphyllum-wallisii",true,low-conf,false,485,
phalaenopsis,phalaenopsis,tta6,bright_down,brightness,Orchid,0.9970,Begonia (Begonia spp.),0.0028,0.9941,phalaenopsis,"phalaenopsis|begonia|saintpaulia-ionantha",true,high-conf,false,190,
phalaenopsis,phalaenopsis,grid2x2,bright_down,brightness,Orchid,0.7003,Daffodils (Narcissus spp.),0.1001,0.6002,phalaenopsis,"phalaenopsis|begonia|dracaena-trifasciata",true,high-conf,false,260,
phalaenopsis,phalaenopsis,grid2x2_3x3,bright_down,brightness,Orchid,0.3693,Snake plant (Sanseviera),0.1540,0.2152,phalaenopsis,"phalaenopsis|dracaena-trifasciata|asparagus-setaceus",true,low-conf,false,397,
phalaenopsis,phalaenopsis,tta6,contrast_up,contrast,Orchid,0.9845,Begonia (Begonia spp.),0.0118,0.9728,phalaenopsis,"phalaenopsis|begonia|dracaena-trifasciata",true,high-conf,false,110,
phalaenopsis,phalaenopsis,grid2x2,contrast_up,contrast,Orchid,0.6893,Begonia (Begonia spp.),0.1064,0.5830,phalaenopsis,"phalaenopsis|begonia|dracaena-trifasciata",true,high-conf,false,241,
phalaenopsis,phalaenopsis,grid2x2_3x3,contrast_up,contrast,Orchid,0.3652,Snake plant (Sanseviera),0.1134,0.2518,phalaenopsis,"phalaenopsis|dracaena-trifasciata|spathiphyllum-wallisii",true,low-conf,false,609,
phalaenopsis,phalaenopsis,tta6,contrast_down,contrast,Orchid,0.9976,Begonia (Begonia spp.),0.0014,0.9962,phalaenopsis,"phalaenopsis|begonia|kalanchoe",true,high-conf,false,182,
phalaenopsis,phalaenopsis,grid2x2,contrast_down,contrast,Orchid,0.6970,Daffodils (Narcissus spp.),0.0971,0.5999,phalaenopsis,"phalaenopsis|begonia|hedera-helix",true,high-conf,false,354,
phalaenopsis,phalaenopsis,grid2x2_3x3,contrast_down,contrast,Orchid,0.3736,Lily of the valley (Convallaria majalis),0.0879,0.2857,phalaenopsis,"phalaenopsis|dracaena-trifasciata|spathiphyllum-wallisii",true,low-conf,false,955,
phalaenopsis__01,phalaenopsis,tta6,clean,clean,Monstera Deliciosa (Monstera deliciosa),0.4121,Ponytail Palm (Beaucarnea recurvata),0.3433,0.0688,monstera-deliciosa,"monstera-deliciosa|beaucarnea-recurvata|ctenanthe",true,low-conf,false,164,
phalaenopsis__01,phalaenopsis,grid2x2,clean,clean,Ponytail Palm (Beaucarnea recurvata),0.3001,Monstera Deliciosa (Monstera deliciosa),0.2473,0.0529,beaucarnea-recurvata,"beaucarnea-recurvata|monstera-deliciosa|zamioculcas-zamiifolia",true,low-conf,false,294,
phalaenopsis__01,phalaenopsis,grid2x2_3x3,clean,clean,Monstera Deliciosa (Monstera deliciosa),0.1722,Ponytail Palm (Beaucarnea recurvata),0.1583,0.0139,monstera-deliciosa,"monstera-deliciosa|beaucarnea-recurvata|ctenanthe",true,low-conf,false,726,
phalaenopsis__01,phalaenopsis,tta6,blur,blur,Prayer Plant (Maranta leuconeura),0.7927,Money Tree (Pachira aquatica),0.1967,0.5959,maranta-leuconeura,"maranta-leuconeura|pachira-aquatica|monstera-deliciosa",true,high-conf,true,255,
phalaenopsis__01,phalaenopsis,grid2x2,blur,blur,Prayer Plant (Maranta leuconeura),0.7392,Money Tree (Pachira aquatica),0.1337,0.6054,maranta-leuconeura,"maranta-leuconeura|pachira-aquatica|yucca",true,high-conf,true,268,
phalaenopsis__01,phalaenopsis,grid2x2_3x3,blur,blur,Prayer Plant (Maranta leuconeura),0.4175,Ctenanthe,0.1843,0.2332,maranta-leuconeura,"maranta-leuconeura|ctenanthe|pachira-aquatica",true,low-conf,false,456,
phalaenopsis__01,phalaenopsis,tta6,crop_center_zoom,crop,Monstera Deliciosa (Monstera deliciosa),0.7485,Pothos (Ivy arum),0.2113,0.5372,monstera-deliciosa,"monstera-deliciosa|epipremnum-aureum|maranta-leuconeura",true,high-conf,true,169,
phalaenopsis__01,phalaenopsis,grid2x2,crop_center_zoom,crop,Monstera Deliciosa (Monstera deliciosa),0.4502,Ctenanthe,0.1304,0.3198,monstera-deliciosa,"monstera-deliciosa|ctenanthe|epipremnum-aureum",true,high-conf,true,287,
phalaenopsis__01,phalaenopsis,grid2x2_3x3,crop_center_zoom,crop,Ctenanthe,0.2660,Monstera Deliciosa (Monstera deliciosa),0.2389,0.0271,ctenanthe,"ctenanthe|monstera-deliciosa|dracaena-trifasciata",true,low-conf,false,389,
phalaenopsis__01,phalaenopsis,tta6,crop_offcenter_zoom,crop,Monstera Deliciosa (Monstera deliciosa),0.4534,Lily of the valley (Convallaria majalis),0.2444,0.2090,monstera-deliciosa,"monstera-deliciosa|beaucarnea-recurvata|spathiphyllum-wallisii",true,low-conf,false,113,
phalaenopsis__01,phalaenopsis,grid2x2,crop_offcenter_zoom,crop,Monstera Deliciosa (Monstera deliciosa),0.2720,Ponytail Palm (Beaucarnea recurvata),0.2160,0.0561,monstera-deliciosa,"monstera-deliciosa|beaucarnea-recurvata|ctenanthe",true,low-conf,false,206,
phalaenopsis__01,phalaenopsis,grid2x2_3x3,crop_offcenter_zoom,crop,Ctenanthe,0.3147,Ponytail Palm (Beaucarnea recurvata),0.1663,0.1484,ctenanthe,"ctenanthe|beaucarnea-recurvata|monstera-deliciosa",true,low-conf,false,560,
phalaenopsis__01,phalaenopsis,tta6,rotate_+15,rotate,Christmas Cactus (Schlumbergera bridgesii),0.3722,Pothos (Ivy arum),0.3639,0.0083,schlumbergera-bridgesii,"schlumbergera-bridgesii|epipremnum-aureum|monstera-deliciosa",true,low-conf,false,144,
phalaenopsis__01,phalaenopsis,grid2x2,rotate_+15,rotate,Christmas Cactus (Schlumbergera bridgesii),0.2383,Pothos (Ivy arum),0.2203,0.0179,schlumbergera-bridgesii,"schlumbergera-bridgesii|epipremnum-aureum|monstera-deliciosa",true,low-conf,false,173,
phalaenopsis__01,phalaenopsis,grid2x2_3x3,rotate_+15,rotate,Yucca,0.2067,Christmas Cactus (Schlumbergera bridgesii),0.1366,0.0701,yucca,"yucca|schlumbergera-bridgesii|epipremnum-aureum",true,low-conf,false,306,
phalaenopsis__01,phalaenopsis,tta6,rotate_-15,rotate,Monstera Deliciosa (Monstera deliciosa),0.5961,Chinese Money Plant (Pilea peperomioides),0.1819,0.4142,monstera-deliciosa,"monstera-deliciosa|pilea-peperomioides|beaucarnea-recurvata",true,high-conf,true,108,
phalaenopsis__01,phalaenopsis,grid2x2,rotate_-15,rotate,Monstera Deliciosa (Monstera deliciosa),0.3724,Chinese Money Plant (Pilea peperomioides),0.1092,0.2632,monstera-deliciosa,"monstera-deliciosa|pilea-peperomioides|phalaenopsis",true,low-conf,false,206,
phalaenopsis__01,phalaenopsis,grid2x2_3x3,rotate_-15,rotate,Monstera Deliciosa (Monstera deliciosa),0.1960,Daffodils (Narcissus spp.),0.1044,0.0916,monstera-deliciosa,"monstera-deliciosa|maranta-leuconeura|phalaenopsis",true,low-conf,false,466,
phalaenopsis__01,phalaenopsis,tta6,rotate_+90,rotate,Orchid,0.7869,Monstera Deliciosa (Monstera deliciosa),0.1850,0.6018,phalaenopsis,"phalaenopsis|monstera-deliciosa|pachira-aquatica",true,high-conf,false,130,
phalaenopsis__01,phalaenopsis,grid2x2,rotate_+90,rotate,Orchid,0.5108,Prayer Plant (Maranta leuconeura),0.1594,0.3514,phalaenopsis,"phalaenopsis|maranta-leuconeura|monstera-deliciosa",true,high-conf,false,312,
phalaenopsis__01,phalaenopsis,grid2x2_3x3,rotate_+90,rotate,Orchid,0.2701,Prayer Plant (Maranta leuconeura),0.1899,0.0803,phalaenopsis,"phalaenopsis|maranta-leuconeura|ctenanthe",true,low-conf,false,653,
phalaenopsis__01,phalaenopsis,tta6,rotate_-90,rotate,Monstera Deliciosa (Monstera deliciosa),0.9921,Schefflera,0.0057,0.9864,monstera-deliciosa,"monstera-deliciosa|schefflera|hedera-helix",true,high-conf,true,256,
phalaenopsis__01,phalaenopsis,grid2x2,rotate_-90,rotate,Monstera Deliciosa (Monstera deliciosa),0.5958,English Ivy (Hedera helix),0.0978,0.4980,monstera-deliciosa,"monstera-deliciosa|hedera-helix|tradescantia",true,high-conf,true,397,
phalaenopsis__01,phalaenopsis,grid2x2_3x3,rotate_-90,rotate,Monstera Deliciosa (Monstera deliciosa),0.3137,Daffodils (Narcissus spp.),0.1069,0.2068,monstera-deliciosa,"monstera-deliciosa|ctenanthe|hedera-helix",true,low-conf,false,889,
phalaenopsis__01,phalaenopsis,tta6,bright_up,brightness,Ponytail Palm (Beaucarnea recurvata),0.4167,Monstera Deliciosa (Monstera deliciosa),0.3498,0.0669,beaucarnea-recurvata,"beaucarnea-recurvata|monstera-deliciosa|pachira-aquatica",true,low-conf,false,168,
phalaenopsis__01,phalaenopsis,grid2x2,bright_up,brightness,Ponytail Palm (Beaucarnea recurvata),0.3398,Monstera Deliciosa (Monstera deliciosa),0.2099,0.1299,beaucarnea-recurvata,"beaucarnea-recurvata|monstera-deliciosa|asparagus-setaceus",true,low-conf,false,208,
phalaenopsis__01,phalaenopsis,grid2x2_3x3,bright_up,brightness,Ponytail Palm (Beaucarnea recurvata),0.1923,Monstera Deliciosa (Monstera deliciosa),0.1306,0.0617,beaucarnea-recurvata,"beaucarnea-recurvata|monstera-deliciosa|hedera-helix",true,low-conf,false,296,
phalaenopsis__01,phalaenopsis,tta6,bright_down,brightness,Prayer Plant (Maranta leuconeura),0.2811,Tradescantia,0.2729,0.0082,maranta-leuconeura,"maranta-leuconeura|tradescantia|ctenanthe",true,low-conf,false,96,
phalaenopsis__01,phalaenopsis,grid2x2,bright_down,brightness,Ctenanthe,0.1983,Prayer Plant (Maranta leuconeura),0.1707,0.0276,ctenanthe,"ctenanthe|maranta-leuconeura|tradescantia",true,low-conf,false,172,
phalaenopsis__01,phalaenopsis,grid2x2_3x3,bright_down,brightness,Ctenanthe,0.2131,Yucca,0.1388,0.0743,ctenanthe,"ctenanthe|yucca|beaucarnea-recurvata",true,low-conf,false,729,
phalaenopsis__01,phalaenopsis,tta6,contrast_up,contrast,English Ivy (Hedera helix),0.3080,Ctenanthe,0.2350,0.0729,hedera-helix,"hedera-helix|ctenanthe|monstera-deliciosa",true,low-conf,false,239,
phalaenopsis__01,phalaenopsis,grid2x2,contrast_up,contrast,Ctenanthe,0.2060,English Ivy (Hedera helix),0.1855,0.0205,ctenanthe,"ctenanthe|hedera-helix|maranta-leuconeura",true,low-conf,false,340,
phalaenopsis__01,phalaenopsis,grid2x2_3x3,contrast_up,contrast,Ctenanthe,0.2058,Yucca,0.1363,0.0695,ctenanthe,"ctenanthe|yucca|maranta-leuconeura",true,low-conf,false,782,
phalaenopsis__01,phalaenopsis,tta6,contrast_down,contrast,Monstera Deliciosa (Monstera deliciosa),0.2460,Tradescantia,0.2083,0.0377,monstera-deliciosa,"monstera-deliciosa|tradescantia|pachira-aquatica",true,low-conf,false,245,
phalaenopsis__01,phalaenopsis,grid2x2,contrast_down,contrast,Ponytail Palm (Beaucarnea recurvata),0.2074,Monstera Deliciosa (Monstera deliciosa),0.1482,0.0592,beaucarnea-recurvata,"beaucarnea-recurvata|monstera-deliciosa|tradescantia",true,low-conf,false,373,
phalaenopsis__01,phalaenopsis,grid2x2_3x3,contrast_down,contrast,Ctenanthe,0.1415,Monstera Deliciosa (Monstera deliciosa),0.1306,0.0109,ctenanthe,"ctenanthe|monstera-deliciosa|pachira-aquatica",true,low-conf,false,948,
pilea-peperomioides__01,pilea-peperomioides,tta6,clean,clean,Chinese Money Plant (Pilea peperomioides),0.9940,Jade plant (Crassula ovata),0.0056,0.9884,pilea-peperomioides,"pilea-peperomioides|crassula-ovata|ficus-elastica",true,low-conf,false,235,
pilea-peperomioides__01,pilea-peperomioides,grid2x2,clean,clean,Chinese Money Plant (Pilea peperomioides),0.6979,Rubber Plant (Ficus elastica),0.0998,0.5981,pilea-peperomioides,"pilea-peperomioides|ficus-elastica|aloe-vera",true,low-conf,false,376,
pilea-peperomioides__01,pilea-peperomioides,grid2x2_3x3,clean,clean,Chinese Money Plant (Pilea peperomioides),0.6222,Snake plant (Sanseviera),0.1062,0.5160,pilea-peperomioides,"pilea-peperomioides|dracaena-trifasciata|ficus-elastica",true,low-conf,false,992,
pilea-peperomioides__01,pilea-peperomioides,tta6,blur,blur,Chinese Money Plant (Pilea peperomioides),0.5603,Christmas Cactus (Schlumbergera bridgesii),0.2417,0.3186,pilea-peperomioides,"pilea-peperomioides|schlumbergera-bridgesii|crassula-ovata",true,low-conf,false,237,
pilea-peperomioides__01,pilea-peperomioides,grid2x2,blur,blur,Chinese Money Plant (Pilea peperomioides),0.4514,Christmas Cactus (Schlumbergera bridgesii),0.1927,0.2587,pilea-peperomioides,"pilea-peperomioides|schlumbergera-bridgesii|crassula-ovata",true,low-conf,false,361,
pilea-peperomioides__01,pilea-peperomioides,grid2x2_3x3,blur,blur,Chinese Money Plant (Pilea peperomioides),0.4958,Christmas Cactus (Schlumbergera bridgesii),0.1576,0.3382,pilea-peperomioides,"pilea-peperomioides|schlumbergera-bridgesii|crassula-ovata",true,low-conf,false,667,
pilea-peperomioides__01,pilea-peperomioides,tta6,crop_center_zoom,crop,Chinese Money Plant (Pilea peperomioides),0.9584,Snake plant (Sanseviera),0.0246,0.9338,pilea-peperomioides,"pilea-peperomioides|dracaena-trifasciata|schefflera",true,low-conf,false,205,
pilea-peperomioides__01,pilea-peperomioides,grid2x2,crop_center_zoom,crop,Chinese Money Plant (Pilea peperomioides),0.6844,Pothos (Ivy arum),0.1428,0.5416,pilea-peperomioides,"pilea-peperomioides|epipremnum-aureum|tradescantia",true,low-conf,false,427,
pilea-peperomioides__01,pilea-peperomioides,grid2x2_3x3,crop_center_zoom,crop,Chinese Money Plant (Pilea peperomioides),0.5452,Pothos (Ivy arum),0.1017,0.4435,pilea-peperomioides,"pilea-peperomioides|epipremnum-aureum|tradescantia",true,low-conf,false,839,
pilea-peperomioides__01,pilea-peperomioides,tta6,crop_offcenter_zoom,crop,Chinese Money Plant (Pilea peperomioides),0.9996,Schefflera,0.0004,0.9991,pilea-peperomioides,"pilea-peperomioides|schefflera|dionaea-muscipula",true,low-conf,false,233,
pilea-peperomioides__01,pilea-peperomioides,grid2x2,crop_offcenter_zoom,crop,Chinese Money Plant (Pilea peperomioides),0.9827,Pothos (Ivy arum),0.0058,0.9769,pilea-peperomioides,"pilea-peperomioides|epipremnum-aureum|alocasia",true,low-conf,false,392,
pilea-peperomioides__01,pilea-peperomioides,grid2x2_3x3,crop_offcenter_zoom,crop,Chinese Money Plant (Pilea peperomioides),0.7313,Snake plant (Sanseviera),0.0536,0.6777,pilea-peperomioides,"pilea-peperomioides|dracaena-trifasciata|asparagus-setaceus",true,low-conf,false,911,
pilea-peperomioides__01,pilea-peperomioides,tta6,rotate_+15,rotate,Chinese Money Plant (Pilea peperomioides),0.8595,Snake plant (Sanseviera),0.0760,0.7835,pilea-peperomioides,"pilea-peperomioides|dracaena-trifasciata|schefflera",true,low-conf,false,269,
pilea-peperomioides__01,pilea-peperomioides,grid2x2,rotate_+15,rotate,Chinese Money Plant (Pilea peperomioides),0.6981,Snake plant (Sanseviera),0.1160,0.5820,pilea-peperomioides,"pilea-peperomioides|dracaena-trifasciata|epipremnum-aureum",true,low-conf,false,553,
pilea-peperomioides__01,pilea-peperomioides,grid2x2_3x3,rotate_+15,rotate,Chinese Money Plant (Pilea peperomioides),0.5772,Snake plant (Sanseviera),0.1677,0.4095,pilea-peperomioides,"pilea-peperomioides|dracaena-trifasciata|epipremnum-aureum",true,low-conf,false,734,
pilea-peperomioides__01,pilea-peperomioides,tta6,rotate_-15,rotate,Chinese Money Plant (Pilea peperomioides),0.6936,Schefflera,0.2652,0.4283,pilea-peperomioides,"pilea-peperomioides|schefflera|dracaena-trifasciata",true,low-conf,false,193,
pilea-peperomioides__01,pilea-peperomioides,grid2x2,rotate_-15,rotate,Chinese Money Plant (Pilea peperomioides),0.5174,Schefflera,0.1991,0.3182,pilea-peperomioides,"pilea-peperomioides|schefflera|ficus-elastica",true,low-conf,false,420,
pilea-peperomioides__01,pilea-peperomioides,grid2x2_3x3,rotate_-15,rotate,Chinese Money Plant (Pilea peperomioides),0.4844,Snake plant (Sanseviera),0.1398,0.3446,pilea-peperomioides,"pilea-peperomioides|dracaena-trifasciata|schefflera",true,low-conf,false,1110,
pilea-peperomioides__01,pilea-peperomioides,tta6,rotate_+90,rotate,Chinese Money Plant (Pilea peperomioides),0.7021,Rubber Plant (Ficus elastica),0.1958,0.5063,pilea-peperomioides,"pilea-peperomioides|ficus-elastica|schefflera",true,low-conf,false,263,
pilea-peperomioides__01,pilea-peperomioides,grid2x2,rotate_+90,rotate,Chinese Money Plant (Pilea peperomioides),0.5668,Rubber Plant (Ficus elastica),0.2176,0.3492,pilea-peperomioides,"pilea-peperomioides|ficus-elastica|epipremnum-aureum",true,low-conf,false,474,
pilea-peperomioides__01,pilea-peperomioides,grid2x2_3x3,rotate_+90,rotate,Chinese Money Plant (Pilea peperomioides),0.6247,Rubber Plant (Ficus elastica),0.1146,0.5101,pilea-peperomioides,"pilea-peperomioides|ficus-elastica|epipremnum-aureum",true,low-conf,false,854,
pilea-peperomioides__01,pilea-peperomioides,tta6,rotate_-90,rotate,Chinese Money Plant (Pilea peperomioides),0.6689,Schefflera,0.3308,0.3381,pilea-peperomioides,"pilea-peperomioides|schefflera|monstera-deliciosa",true,low-conf,false,230,
pilea-peperomioides__01,pilea-peperomioides,grid2x2,rotate_-90,rotate,Chinese Money Plant (Pilea peperomioides),0.6018,Schefflera,0.1985,0.4033,pilea-peperomioides,"pilea-peperomioides|schefflera|pachira-aquatica",true,low-conf,false,392,
pilea-peperomioides__01,pilea-peperomioides,grid2x2_3x3,rotate_-90,rotate,Chinese Money Plant (Pilea peperomioides),0.5475,Schefflera,0.1045,0.4430,pilea-peperomioides,"pilea-peperomioides|schefflera|ficus-elastica",true,low-conf,false,663,
pilea-peperomioides__01,pilea-peperomioides,tta6,bright_up,brightness,Chinese Money Plant (Pilea peperomioides),0.9420,Venus Flytrap,0.0392,0.9028,pilea-peperomioides,"pilea-peperomioides|dionaea-muscipula|schefflera",true,low-conf,false,210,
pilea-peperomioides__01,pilea-peperomioides,grid2x2,bright_up,brightness,Chinese Money Plant (Pilea peperomioides),0.6686,Venus Flytrap,0.1278,0.5408,pilea-peperomioides,"pilea-peperomioides|dionaea-muscipula|aloe-vera",true,low-conf,false,369,
pilea-peperomioides__01,pilea-peperomioides,grid2x2_3x3,bright_up,brightness,Chinese Money Plant (Pilea peperomioides),0.6144,Venus Flytrap,0.1189,0.4955,pilea-peperomioides,"pilea-peperomioides|dionaea-muscipula|aloe-vera",true,low-conf,false,795,
pilea-peperomioides__01,pilea-peperomioides,tta6,bright_down,brightness,Chinese Money Plant (Pilea peperomioides),0.9992,Rubber Plant (Ficus elastica),0.0006,0.9986,pilea-peperomioides,"pilea-peperomioides|ficus-elastica|dracaena-trifasciata",true,low-conf,false,264,
pilea-peperomioides__01,pilea-peperomioides,grid2x2,bright_down,brightness,Chinese Money Plant (Pilea peperomioides),0.7023,Aloe Vera,0.0983,0.6040,pilea-peperomioides,"pilea-peperomioides|aloe-vera|ficus-elastica",true,low-conf,false,343,
pilea-peperomioides__01,pilea-peperomioides,grid2x2_3x3,bright_down,brightness,Chinese Money Plant (Pilea peperomioides),0.6009,Snake plant (Sanseviera),0.1057,0.4953,pilea-peperomioides,"pilea-peperomioides|dracaena-trifasciata|aloe-vera",true,low-conf,false,981,
pilea-peperomioides__01,pilea-peperomioides,tta6,contrast_up,contrast,Chinese Money Plant (Pilea peperomioides),0.9439,Venus Flytrap,0.0554,0.8885,pilea-peperomioides,"pilea-peperomioides|dionaea-muscipula|schefflera",true,low-conf,false,387,
pilea-peperomioides__01,pilea-peperomioides,grid2x2,contrast_up,contrast,Chinese Money Plant (Pilea peperomioides),0.6666,Aloe Vera,0.1032,0.5633,pilea-peperomioides,"pilea-peperomioides|aloe-vera|schlumbergera-bridgesii",true,low-conf,false,457,
pilea-peperomioides__01,pilea-peperomioides,grid2x2_3x3,contrast_up,contrast,Chinese Money Plant (Pilea peperomioides),0.5975,Venus Flytrap,0.0736,0.5238,pilea-peperomioides,"pilea-peperomioides|dionaea-muscipula|aloe-vera",true,low-conf,false,921,
pilea-peperomioides__01,pilea-peperomioides,tta6,contrast_down,contrast,Chinese Money Plant (Pilea peperomioides),0.9294,Rubber Plant (Ficus elastica),0.0575,0.8719,pilea-peperomioides,"pilea-peperomioides|ficus-elastica|crassula-ovata",true,low-conf,false,291,
pilea-peperomioides__01,pilea-peperomioides,grid2x2,contrast_down,contrast,Chinese Money Plant (Pilea peperomioides),0.6381,Rubber Plant (Ficus elastica),0.1351,0.5030,pilea-peperomioides,"pilea-peperomioides|ficus-elastica|zamioculcas-zamiifolia",true,low-conf,false,244,
pilea-peperomioides__01,pilea-peperomioides,grid2x2_3x3,contrast_down,contrast,Chinese Money Plant (Pilea peperomioides),0.5922,Aloe Vera,0.1025,0.4896,pilea-peperomioides,"pilea-peperomioides|aloe-vera|zamioculcas-zamiifolia",true,low-conf,false,352,
pilea-peperomioides__02,pilea-peperomioides,tta6,clean,clean,Chinese Money Plant (Pilea peperomioides),1.0000,Jade plant (Crassula ovata),0.0000,1.0000,pilea-peperomioides,"pilea-peperomioides|crassula-ovata|epipremnum-aureum",true,low-conf,false,213,
pilea-peperomioides__02,pilea-peperomioides,grid2x2,clean,clean,Chinese Money Plant (Pilea peperomioides),0.9327,Pothos (Ivy arum),0.0649,0.8677,pilea-peperomioides,"pilea-peperomioides|epipremnum-aureum|crassula-ovata",true,low-conf,false,377,
pilea-peperomioides__02,pilea-peperomioides,grid2x2_3x3,clean,clean,Chinese Money Plant (Pilea peperomioides),0.9574,Pothos (Ivy arum),0.0343,0.9231,pilea-peperomioides,"pilea-peperomioides|epipremnum-aureum|anthurium-andraeanum",true,low-conf,false,544,
pilea-peperomioides__02,pilea-peperomioides,tta6,blur,blur,Chinese Money Plant (Pilea peperomioides),0.9971,Pothos (Ivy arum),0.0022,0.9949,pilea-peperomioides,"pilea-peperomioides|epipremnum-aureum|zamioculcas-zamiifolia",true,low-conf,false,138,
pilea-peperomioides__02,pilea-peperomioides,grid2x2,blur,blur,Chinese Money Plant (Pilea peperomioides),0.8982,Tradescantia,0.0797,0.8185,pilea-peperomioides,"pilea-peperomioides|tradescantia|epipremnum-aureum",true,low-conf,false,332,
pilea-peperomioides__02,pilea-peperomioides,grid2x2_3x3,blur,blur,Chinese Money Plant (Pilea peperomioides),0.6854,Jade plant (Crassula ovata),0.1139,0.5715,pilea-peperomioides,"pilea-peperomioides|crassula-ovata|yucca",true,low-conf,false,422,
pilea-peperomioides__02,pilea-peperomioides,tta6,crop_center_zoom,crop,Chinese Money Plant (Pilea peperomioides),1.0000,Pothos (Ivy arum),0.0000,1.0000,pilea-peperomioides,"pilea-peperomioides|epipremnum-aureum|zamioculcas-zamiifolia",true,low-conf,false,103,
pilea-peperomioides__02,pilea-peperomioides,grid2x2,crop_center_zoom,crop,Chinese Money Plant (Pilea peperomioides),0.9181,Jade plant (Crassula ovata),0.0614,0.8567,pilea-peperomioides,"pilea-peperomioides|crassula-ovata|epipremnum-aureum",true,low-conf,false,199,
pilea-peperomioides__02,pilea-peperomioides,grid2x2_3x3,crop_center_zoom,crop,Chinese Money Plant (Pilea peperomioides),0.8962,Pothos (Ivy arum),0.0418,0.8544,pilea-peperomioides,"pilea-peperomioides|epipremnum-aureum|crassula-ovata",true,low-conf,false,481,
pilea-peperomioides__02,pilea-peperomioides,tta6,crop_offcenter_zoom,crop,Chinese Money Plant (Pilea peperomioides),0.8846,Jade plant (Crassula ovata),0.1151,0.7696,pilea-peperomioides,"pilea-peperomioides|crassula-ovata|epipremnum-aureum",true,low-conf,false,299,
pilea-peperomioides__02,pilea-peperomioides,grid2x2,crop_offcenter_zoom,crop,Chinese Money Plant (Pilea peperomioides),0.9305,Jade plant (Crassula ovata),0.0691,0.8614,pilea-peperomioides,"pilea-peperomioides|crassula-ovata|epipremnum-aureum",true,low-conf,false,267,
pilea-peperomioides__02,pilea-peperomioides,grid2x2_3x3,crop_offcenter_zoom,crop,Chinese Money Plant (Pilea peperomioides),0.8997,Jade plant (Crassula ovata),0.0499,0.8498,pilea-peperomioides,"pilea-peperomioides|crassula-ovata|dracaena-trifasciata",true,low-conf,false,590,
pilea-peperomioides__02,pilea-peperomioides,tta6,rotate_+15,rotate,Chinese Money Plant (Pilea peperomioides),1.0000,Pothos (Ivy arum),0.0000,1.0000,pilea-peperomioides,"pilea-peperomioides|epipremnum-aureum|schefflera",true,low-conf,false,223,
pilea-peperomioides__02,pilea-peperomioides,grid2x2,rotate_+15,rotate,Chinese Money Plant (Pilea peperomioides),0.9000,Jade plant (Crassula ovata),0.0999,0.8001,pilea-peperomioides,"pilea-peperomioides|crassula-ovata|epipremnum-aureum",true,low-conf,false,375,
pilea-peperomioides__02,pilea-peperomioides,grid2x2_3x3,rotate_+15,rotate,Chinese Money Plant (Pilea peperomioides),0.7722,Jade plant (Crassula ovata),0.1050,0.6672,pilea-peperomioides,"pilea-peperomioides|crassula-ovata|dieffenbachia",true,low-conf,false,593,
pilea-peperomioides__02,pilea-peperomioides,tta6,rotate_-15,rotate,Chinese Money Plant (Pilea peperomioides),1.0000,Jade plant (Crassula ovata),0.0000,1.0000,pilea-peperomioides,"pilea-peperomioides|crassula-ovata|epipremnum-aureum",true,low-conf,false,140,
pilea-peperomioides__02,pilea-peperomioides,grid2x2,rotate_-15,rotate,Chinese Money Plant (Pilea peperomioides),0.9683,Jade plant (Crassula ovata),0.0223,0.9460,pilea-peperomioides,"pilea-peperomioides|crassula-ovata|epipremnum-aureum",true,low-conf,false,237,
pilea-peperomioides__02,pilea-peperomioides,grid2x2_3x3,rotate_-15,rotate,Chinese Money Plant (Pilea peperomioides),0.8742,Jade plant (Crassula ovata),0.0630,0.8112,pilea-peperomioides,"pilea-peperomioides|crassula-ovata|asplenium-nidus",true,low-conf,false,748,
pilea-peperomioides__02,pilea-peperomioides,tta6,rotate_+90,rotate,Chinese Money Plant (Pilea peperomioides),1.0000,Jade plant (Crassula ovata),0.0000,1.0000,pilea-peperomioides,"pilea-peperomioides|crassula-ovata|epipremnum-aureum",true,low-conf,false,119,
pilea-peperomioides__02,pilea-peperomioides,grid2x2,rotate_+90,rotate,Chinese Money Plant (Pilea peperomioides),0.9962,Jade plant (Crassula ovata),0.0031,0.9931,pilea-peperomioides,"pilea-peperomioides|crassula-ovata|tradescantia",true,low-conf,false,360,
pilea-peperomioides__02,pilea-peperomioides,grid2x2_3x3,rotate_+90,rotate,Chinese Money Plant (Pilea peperomioides),0.9903,ZZ Plant (Zamioculcas zamiifolia),0.0051,0.9851,pilea-peperomioides,"pilea-peperomioides|zamioculcas-zamiifolia|anthurium-andraeanum",true,low-conf,false,1130,
pilea-peperomioides__02,pilea-peperomioides,tta6,rotate_-90,rotate,Chinese Money Plant (Pilea peperomioides),1.0000,Pothos (Ivy arum),0.0000,1.0000,pilea-peperomioides,"pilea-peperomioides|epipremnum-aureum|zamioculcas-zamiifolia",true,low-conf,false,286,
pilea-peperomioides__02,pilea-peperomioides,grid2x2,rotate_-90,rotate,Chinese Money Plant (Pilea peperomioides),0.9999,Pothos (Ivy arum),0.0001,0.9999,pilea-peperomioides,"pilea-peperomioides|epipremnum-aureum|crassula-ovata",true,low-conf,false,535,
pilea-peperomioides__02,pilea-peperomioides,grid2x2_3x3,rotate_-90,rotate,Chinese Money Plant (Pilea peperomioides),0.9892,Pothos (Ivy arum),0.0088,0.9804,pilea-peperomioides,"pilea-peperomioides|epipremnum-aureum|dieffenbachia",true,low-conf,false,555,
pilea-peperomioides__02,pilea-peperomioides,tta6,bright_up,brightness,Chinese Money Plant (Pilea peperomioides),1.0000,Pothos (Ivy arum),0.0000,1.0000,pilea-peperomioides,"pilea-peperomioides|epipremnum-aureum|crassula-ovata",true,low-conf,false,343,
pilea-peperomioides__02,pilea-peperomioides,grid2x2,bright_up,brightness,Chinese Money Plant (Pilea peperomioides),0.9051,Pothos (Ivy arum),0.0947,0.8104,pilea-peperomioides,"pilea-peperomioides|epipremnum-aureum|crassula-ovata",true,low-conf,false,746,
pilea-peperomioides__02,pilea-peperomioides,grid2x2_3x3,bright_up,brightness,Chinese Money Plant (Pilea peperomioides),0.9291,Pothos (Ivy arum),0.0499,0.8792,pilea-peperomioides,"pilea-peperomioides|epipremnum-aureum|dieffenbachia",true,low-conf,false,800,
pilea-peperomioides__02,pilea-peperomioides,tta6,bright_down,brightness,Chinese Money Plant (Pilea peperomioides),1.0000,Jade plant (Crassula ovata),0.0000,1.0000,pilea-peperomioides,"pilea-peperomioides|crassula-ovata|epipremnum-aureum",true,low-conf,false,203,
pilea-peperomioides__02,pilea-peperomioides,grid2x2,bright_down,brightness,Chinese Money Plant (Pilea peperomioides),0.9344,Pothos (Ivy arum),0.0483,0.8861,pilea-peperomioides,"pilea-peperomioides|epipremnum-aureum|crassula-ovata",true,low-conf,false,651,
pilea-peperomioides__02,pilea-peperomioides,grid2x2_3x3,bright_down,brightness,Chinese Money Plant (Pilea peperomioides),0.9558,Pothos (Ivy arum),0.0258,0.9300,pilea-peperomioides,"pilea-peperomioides|epipremnum-aureum|crassula-ovata",true,low-conf,false,1082,
pilea-peperomioides__02,pilea-peperomioides,tta6,contrast_up,contrast,Chinese Money Plant (Pilea peperomioides),1.0000,Pothos (Ivy arum),0.0000,1.0000,pilea-peperomioides,"pilea-peperomioides|epipremnum-aureum|saintpaulia-ionantha",true,low-conf,false,335,
pilea-peperomioides__02,pilea-peperomioides,grid2x2,contrast_up,contrast,Chinese Money Plant (Pilea peperomioides),0.9016,Pothos (Ivy arum),0.0964,0.8052,pilea-peperomioides,"pilea-peperomioides|epipremnum-aureum|crassula-ovata",true,low-conf,false,598,
pilea-peperomioides__02,pilea-peperomioides,grid2x2_3x3,contrast_up,contrast,Chinese Money Plant (Pilea peperomioides),0.8985,Pothos (Ivy arum),0.0510,0.8475,pilea-peperomioides,"pilea-peperomioides|epipremnum-aureum|anthurium-andraeanum",true,low-conf,false,988,
pilea-peperomioides__02,pilea-peperomioides,tta6,contrast_down,contrast,Chinese Money Plant (Pilea peperomioides),1.0000,Jade plant (Crassula ovata),0.0000,1.0000,pilea-peperomioides,"pilea-peperomioides|crassula-ovata|epipremnum-aureum",true,low-conf,false,286,
pilea-peperomioides__02,pilea-peperomioides,grid2x2,contrast_down,contrast,Chinese Money Plant (Pilea peperomioides),0.9281,Jade plant (Crassula ovata),0.0608,0.8672,pilea-peperomioides,"pilea-peperomioides|crassula-ovata|epipremnum-aureum",true,low-conf,false,409,
pilea-peperomioides__02,pilea-peperomioides,grid2x2_3x3,contrast_down,contrast,Chinese Money Plant (Pilea peperomioides),0.9107,Tulip,0.0330,0.8777,pilea-peperomioides,"pilea-peperomioides|crassula-ovata|dieffenbachia",true,low-conf,false,723,
pilea-peperomioides__03,pilea-peperomioides,tta6,clean,clean,Chinese Money Plant (Pilea peperomioides),1.0000,Monstera Deliciosa (Monstera deliciosa),0.0000,1.0000,pilea-peperomioides,"pilea-peperomioides|monstera-deliciosa|epipremnum-aureum",true,low-conf,false,183,
pilea-peperomioides__03,pilea-peperomioides,grid2x2,clean,clean,Chinese Money Plant (Pilea peperomioides),0.9283,Monstera Deliciosa (Monstera deliciosa),0.0714,0.8569,pilea-peperomioides,"pilea-peperomioides|monstera-deliciosa|epipremnum-aureum",true,low-conf,false,337,
pilea-peperomioides__03,pilea-peperomioides,grid2x2_3x3,clean,clean,Chinese Money Plant (Pilea peperomioides),0.7769,Monstera Deliciosa (Monstera deliciosa),0.0486,0.7284,pilea-peperomioides,"pilea-peperomioides|monstera-deliciosa|ctenanthe",true,low-conf,false,501,
pilea-peperomioides__03,pilea-peperomioides,tta6,blur,blur,Chinese Money Plant (Pilea peperomioides),1.0000,English Ivy (Hedera helix),0.0000,1.0000,pilea-peperomioides,"pilea-peperomioides|hedera-helix|schefflera",true,low-conf,false,124,
pilea-peperomioides__03,pilea-peperomioides,grid2x2,blur,blur,Chinese Money Plant (Pilea peperomioides),0.9703,English Ivy (Hedera helix),0.0297,0.9405,pilea-peperomioides,"pilea-peperomioides|hedera-helix|crassula-ovata",true,low-conf,false,278,
pilea-peperomioides__03,pilea-peperomioides,grid2x2_3x3,blur,blur,Chinese Money Plant (Pilea peperomioides),0.7739,English Ivy (Hedera helix),0.0980,0.6759,pilea-peperomioides,"pilea-peperomioides|hedera-helix|ctenanthe",true,low-conf,false,601,
pilea-peperomioides__03,pilea-peperomioides,tta6,crop_center_zoom,crop,Chinese Money Plant (Pilea peperomioides),1.0000,Monstera Deliciosa (Monstera deliciosa),0.0000,1.0000,pilea-peperomioides,"pilea-peperomioides|monstera-deliciosa|schefflera",true,low-conf,false,246,
pilea-peperomioides__03,pilea-peperomioides,grid2x2,crop_center_zoom,crop,Chinese Money Plant (Pilea peperomioides),0.9196,English Ivy (Hedera helix),0.0793,0.8404,pilea-peperomioides,"pilea-peperomioides|hedera-helix|monstera-deliciosa",true,low-conf,false,429,
pilea-peperomioides__03,pilea-peperomioides,grid2x2_3x3,crop_center_zoom,crop,Chinese Money Plant (Pilea peperomioides),0.8942,Monstera Deliciosa (Monstera deliciosa),0.0473,0.8470,pilea-peperomioides,"pilea-peperomioides|monstera-deliciosa|hedera-helix",true,low-conf,false,602,
pilea-peperomioides__03,pilea-peperomioides,tta6,crop_offcenter_zoom,crop,Chinese Money Plant (Pilea peperomioides),1.0000,Schefflera,0.0000,1.0000,pilea-peperomioides,"pilea-peperomioides|schefflera|epipremnum-aureum",true,low-conf,false,115,
pilea-peperomioides__03,pilea-peperomioides,grid2x2,crop_offcenter_zoom,crop,Chinese Money Plant (Pilea peperomioides),0.8330,Monstera Deliciosa (Monstera deliciosa),0.0972,0.7358,pilea-peperomioides,"pilea-peperomioides|monstera-deliciosa|epipremnum-aureum",true,low-conf,false,222,
pilea-peperomioides__03,pilea-peperomioides,grid2x2_3x3,crop_offcenter_zoom,crop,Chinese Money Plant (Pilea peperomioides),0.6992,Rattlesnake Plant (Calathea lancifolia),0.0639,0.6353,pilea-peperomioides,"pilea-peperomioides|monstera-deliciosa|ctenanthe",true,low-conf,false,671,
pilea-peperomioides__03,pilea-peperomioides,tta6,rotate_+15,rotate,Chinese Money Plant (Pilea peperomioides),1.0000,Schefflera,0.0000,1.0000,pilea-peperomioides,"pilea-peperomioides|schefflera|pachira-aquatica",true,low-conf,false,187,
pilea-peperomioides__03,pilea-peperomioides,grid2x2,rotate_+15,rotate,Chinese Money Plant (Pilea peperomioides),0.9053,ZZ Plant (Zamioculcas zamiifolia),0.0940,0.8114,pilea-peperomioides,"pilea-peperomioides|zamioculcas-zamiifolia|crassula-ovata",true,low-conf,false,457,
pilea-peperomioides__03,pilea-peperomioides,grid2x2_3x3,rotate_+15,rotate,Chinese Money Plant (Pilea peperomioides),0.7394,Orchid,0.0608,0.6786,pilea-peperomioides,"pilea-peperomioides|phalaenopsis|zamioculcas-zamiifolia",true,low-conf,false,827,
pilea-peperomioides__03,pilea-peperomioides,tta6,rotate_-15,rotate,Chinese Money Plant (Pilea peperomioides),1.0000,Monstera Deliciosa (Monstera deliciosa),0.0000,1.0000,pilea-peperomioides,"pilea-peperomioides|monstera-deliciosa|epipremnum-aureum",true,low-conf,false,222,
pilea-peperomioides__03,pilea-peperomioides,grid2x2,rotate_-15,rotate,Chinese Money Plant (Pilea peperomioides),1.0000,Money Tree (Pachira aquatica),0.0000,1.0000,pilea-peperomioides,"pilea-peperomioides|pachira-aquatica|hedera-helix",true,low-conf,false,263,
pilea-peperomioides__03,pilea-peperomioides,grid2x2_3x3,rotate_-15,rotate,Chinese Money Plant (Pilea peperomioides),0.7967,Jade plant (Crassula ovata),0.0517,0.7450,pilea-peperomioides,"pilea-peperomioides|crassula-ovata|hedera-helix",true,low-conf,false,534,
pilea-peperomioides__03,pilea-peperomioides,tta6,rotate_+90,rotate,Chinese Money Plant (Pilea peperomioides),1.0000,Pothos (Ivy arum),0.0000,1.0000,pilea-peperomioides,"pilea-peperomioides|epipremnum-aureum|monstera-deliciosa",true,low-conf,false,180,
pilea-peperomioides__03,pilea-peperomioides,grid2x2,rotate_+90,rotate,Chinese Money Plant (Pilea peperomioides),0.9000,Monstera Deliciosa (Monstera deliciosa),0.0996,0.8004,pilea-peperomioides,"pilea-peperomioides|monstera-deliciosa|epipremnum-aureum",true,low-conf,false,305,
pilea-peperomioides__03,pilea-peperomioides,grid2x2_3x3,rotate_+90,rotate,Chinese Money Plant (Pilea peperomioides),0.7213,Money Tree (Pachira aquatica),0.0900,0.6313,pilea-peperomioides,"pilea-peperomioides|pachira-aquatica|monstera-deliciosa",true,low-conf,false,454,
pilea-peperomioides__03,pilea-peperomioides,tta6,rotate_-90,rotate,Chinese Money Plant (Pilea peperomioides),1.0000,Monstera Deliciosa (Monstera deliciosa),0.0000,1.0000,pilea-peperomioides,"pilea-peperomioides|monstera-deliciosa|schefflera",true,low-conf,false,213,
pilea-peperomioides__03,pilea-peperomioides,grid2x2,rotate_-90,rotate,Chinese Money Plant (Pilea peperomioides),0.9370,Rubber Plant (Ficus elastica),0.0629,0.8740,pilea-peperomioides,"pilea-peperomioides|ficus-elastica|zamioculcas-zamiifolia",true,low-conf,false,276,
pilea-peperomioides__03,pilea-peperomioides,grid2x2_3x3,rotate_-90,rotate,Chinese Money Plant (Pilea peperomioides),0.7081,Rubber Plant (Ficus elastica),0.0858,0.6223,pilea-peperomioides,"pilea-peperomioides|ficus-elastica|zamioculcas-zamiifolia",true,low-conf,false,375,
pilea-peperomioides__03,pilea-peperomioides,tta6,bright_up,brightness,Chinese Money Plant (Pilea peperomioides),1.0000,Pothos (Ivy arum),0.0000,1.0000,pilea-peperomioides,"pilea-peperomioides|epipremnum-aureum|monstera-deliciosa",true,low-conf,false,134,
pilea-peperomioides__03,pilea-peperomioides,grid2x2,bright_up,brightness,Chinese Money Plant (Pilea peperomioides),0.9096,Monstera Deliciosa (Monstera deliciosa),0.0555,0.8540,pilea-peperomioides,"pilea-peperomioides|monstera-deliciosa|epipremnum-aureum",true,low-conf,false,253,
pilea-peperomioides__03,pilea-peperomioides,grid2x2_3x3,bright_up,brightness,Chinese Money Plant (Pilea peperomioides),0.7459,Pothos (Ivy arum),0.0735,0.6723,pilea-peperomioides,"pilea-peperomioides|epipremnum-aureum|zamioculcas-zamiifolia",true,low-conf,false,985,
pilea-peperomioides__03,pilea-peperomioides,tta6,bright_down,brightness,Chinese Money Plant (Pilea peperomioides),1.0000,Schefflera,0.0000,1.0000,pilea-peperomioides,"pilea-peperomioides|schefflera|monstera-deliciosa",true,low-conf,false,410,
pilea-peperomioides__03,pilea-peperomioides,grid2x2,bright_down,brightness,Chinese Money Plant (Pilea peperomioides),0.9873,Rubber Plant (Ficus elastica),0.0081,0.9792,pilea-peperomioides,"pilea-peperomioides|ficus-elastica|hedera-helix",true,low-conf,false,824,
pilea-peperomioides__03,pilea-peperomioides,grid2x2_3x3,bright_down,brightness,Chinese Money Plant (Pilea peperomioides),0.8206,ZZ Plant (Zamioculcas zamiifolia),0.0750,0.7456,pilea-peperomioides,"pilea-peperomioides|zamioculcas-zamiifolia|ctenanthe",true,low-conf,false,1663,
pilea-peperomioides__03,pilea-peperomioides,tta6,contrast_up,contrast,Chinese Money Plant (Pilea peperomioides),1.0000,Schefflera,0.0000,1.0000,pilea-peperomioides,"pilea-peperomioides|schefflera|monstera-deliciosa",true,low-conf,false,581,
pilea-peperomioides__03,pilea-peperomioides,grid2x2,contrast_up,contrast,Chinese Money Plant (Pilea peperomioides),1.0000,Monstera Deliciosa (Monstera deliciosa),0.0000,0.9999,pilea-peperomioides,"pilea-peperomioides|monstera-deliciosa|epipremnum-aureum",true,low-conf,false,510,
pilea-peperomioides__03,pilea-peperomioides,grid2x2_3x3,contrast_up,contrast,Chinese Money Plant (Pilea peperomioides),0.8440,ZZ Plant (Zamioculcas zamiifolia),0.0500,0.7940,pilea-peperomioides,"pilea-peperomioides|zamioculcas-zamiifolia|epipremnum-aureum",true,low-conf,false,910,
pilea-peperomioides__03,pilea-peperomioides,tta6,contrast_down,contrast,Chinese Money Plant (Pilea peperomioides),1.0000,Pothos (Ivy arum),0.0000,1.0000,pilea-peperomioides,"pilea-peperomioides|epipremnum-aureum|schefflera",true,low-conf,false,246,
pilea-peperomioides__03,pilea-peperomioides,grid2x2,contrast_down,contrast,Chinese Money Plant (Pilea peperomioides),0.8268,English Ivy (Hedera helix),0.0969,0.7300,pilea-peperomioides,"pilea-peperomioides|hedera-helix|epipremnum-aureum",true,low-conf,false,326,
pilea-peperomioides__03,pilea-peperomioides,grid2x2_3x3,contrast_down,contrast,Chinese Money Plant (Pilea peperomioides),0.6254,Ctenanthe,0.0728,0.5526,pilea-peperomioides,"pilea-peperomioides|ctenanthe|ficus-elastica",true,low-conf,false,697,
pilea-peperomioides__04,pilea-peperomioides,tta6,clean,clean,Chinese Money Plant (Pilea peperomioides),1.0000,Monstera Deliciosa (Monstera deliciosa),0.0000,1.0000,pilea-peperomioides,"pilea-peperomioides|monstera-deliciosa|schefflera",true,low-conf,false,155,
pilea-peperomioides__04,pilea-peperomioides,grid2x2,clean,clean,Chinese Money Plant (Pilea peperomioides),1.0000,Asparagus Fern (Asparagus setaceus),0.0000,1.0000,pilea-peperomioides,"pilea-peperomioides|asparagus-setaceus|goeppertia-orbifolia",true,low-conf,false,289,
pilea-peperomioides__04,pilea-peperomioides,grid2x2_3x3,clean,clean,Chinese Money Plant (Pilea peperomioides),0.8669,Birds Nest Fern (Asplenium nidus),0.0872,0.7798,pilea-peperomioides,"pilea-peperomioides|asplenium-nidus|crassula-ovata",true,low-conf,false,536,
pilea-peperomioides__04,pilea-peperomioides,tta6,blur,blur,Chinese Money Plant (Pilea peperomioides),1.0000,Dumb Cane (Dieffenbachia spp.),0.0000,1.0000,pilea-peperomioides,"pilea-peperomioides|dieffenbachia|alocasia",true,low-conf,false,163,
pilea-peperomioides__04,pilea-peperomioides,grid2x2,blur,blur,Chinese Money Plant (Pilea peperomioides),0.9998,Ctenanthe,0.0002,0.9996,pilea-peperomioides,"pilea-peperomioides|ctenanthe|asparagus-setaceus",true,low-conf,false,337,
pilea-peperomioides__04,pilea-peperomioides,grid2x2_3x3,blur,blur,Chinese Money Plant (Pilea peperomioides),0.8391,Parlor Palm (Chamaedorea elegans),0.0536,0.7855,pilea-peperomioides,"pilea-peperomioides|chamaedorea-elegans|pachira-aquatica",true,low-conf,false,497,
pilea-peperomioides__04,pilea-peperomioides,tta6,crop_center_zoom,crop,Chinese Money Plant (Pilea peperomioides),1.0000,English Ivy (Hedera helix),0.0000,1.0000,pilea-peperomioides,"pilea-peperomioides|hedera-helix|asparagus-setaceus",true,low-conf,false,191,
pilea-peperomioides__04,pilea-peperomioides,grid2x2,crop_center_zoom,crop,Chinese Money Plant (Pilea peperomioides),1.0000,English Ivy (Hedera helix),0.0000,1.0000,pilea-peperomioides,"pilea-peperomioides|hedera-helix|asparagus-setaceus",true,low-conf,false,358,
pilea-peperomioides__04,pilea-peperomioides,grid2x2_3x3,crop_center_zoom,crop,Chinese Money Plant (Pilea peperomioides),0.8001,Asparagus Fern (Asparagus setaceus),0.1055,0.6946,pilea-peperomioides,"pilea-peperomioides|asparagus-setaceus|maranta-leuconeura",true,low-conf,false,432,
pilea-peperomioides__04,pilea-peperomioides,tta6,crop_offcenter_zoom,crop,Chinese Money Plant (Pilea peperomioides),1.0000,English Ivy (Hedera helix),0.0000,1.0000,pilea-peperomioides,"pilea-peperomioides|hedera-helix|beaucarnea-recurvata",true,low-conf,false,213,
pilea-peperomioides__04,pilea-peperomioides,grid2x2,crop_offcenter_zoom,crop,Chinese Money Plant (Pilea peperomioides),1.0000,English Ivy (Hedera helix),0.0000,1.0000,pilea-peperomioides,"pilea-peperomioides|hedera-helix|monstera-deliciosa",true,low-conf,false,291,
pilea-peperomioides__04,pilea-peperomioides,grid2x2_3x3,crop_offcenter_zoom,crop,Chinese Money Plant (Pilea peperomioides),0.8676,Asparagus Fern (Asparagus setaceus),0.0523,0.8153,pilea-peperomioides,"pilea-peperomioides|asparagus-setaceus|schlumbergera-bridgesii",true,low-conf,false,456,
pilea-peperomioides__04,pilea-peperomioides,tta6,rotate_+15,rotate,Chinese Money Plant (Pilea peperomioides),1.0000,Anthurium (Anthurium andraeanum),0.0000,1.0000,pilea-peperomioides,"pilea-peperomioides|anthurium-andraeanum|hedera-helix",true,low-conf,false,145,
pilea-peperomioides__04,pilea-peperomioides,grid2x2,rotate_+15,rotate,Chinese Money Plant (Pilea peperomioides),0.9957,Snake plant (Sanseviera),0.0023,0.9934,pilea-peperomioides,"pilea-peperomioides|dracaena-trifasciata|alocasia",true,low-conf,false,295,
pilea-peperomioides__04,pilea-peperomioides,grid2x2_3x3,rotate_+15,rotate,Chinese Money Plant (Pilea peperomioides),0.8874,Christmas Cactus (Schlumbergera bridgesii),0.0307,0.8567,pilea-peperomioides,"pilea-peperomioides|schlumbergera-bridgesii|dypsis-lutescens",true,low-conf,false,461,
pilea-peperomioides__04,pilea-peperomioides,tta6,rotate_-15,rotate,Chinese Money Plant (Pilea peperomioides),1.0000,Monstera Deliciosa (Monstera deliciosa),0.0000,1.0000,pilea-peperomioides,"pilea-peperomioides|monstera-deliciosa|anthurium-andraeanum",true,low-conf,false,129,
pilea-peperomioides__04,pilea-peperomioides,grid2x2,rotate_-15,rotate,Chinese Money Plant (Pilea peperomioides),1.0000,Jade plant (Crassula ovata),0.0000,1.0000,pilea-peperomioides,"pilea-peperomioides|crassula-ovata|anthurium-andraeanum",true,low-conf,false,223,
pilea-peperomioides__04,pilea-peperomioides,grid2x2_3x3,rotate_-15,rotate,Chinese Money Plant (Pilea peperomioides),0.8945,Jade plant (Crassula ovata),0.0680,0.8265,pilea-peperomioides,"pilea-peperomioides|crassula-ovata|asparagus-setaceus",true,low-conf,false,658,
pilea-peperomioides__04,pilea-peperomioides,tta6,rotate_+90,rotate,Chinese Money Plant (Pilea peperomioides),1.0000,Monstera Deliciosa (Monstera deliciosa),0.0000,1.0000,pilea-peperomioides,"pilea-peperomioides|monstera-deliciosa|schefflera",true,low-conf,false,223,
pilea-peperomioides__04,pilea-peperomioides,grid2x2,rotate_+90,rotate,Chinese Money Plant (Pilea peperomioides),1.0000,Monstera Deliciosa (Monstera deliciosa),0.0000,1.0000,pilea-peperomioides,"pilea-peperomioides|monstera-deliciosa|schefflera",true,low-conf,false,217,
pilea-peperomioides__04,pilea-peperomioides,grid2x2_3x3,rotate_+90,rotate,Chinese Money Plant (Pilea peperomioides),0.8647,Dumb Cane (Dieffenbachia spp.),0.0521,0.8126,pilea-peperomioides,"pilea-peperomioides|dieffenbachia|schefflera",true,low-conf,false,579,
pilea-peperomioides__04,pilea-peperomioides,tta6,rotate_-90,rotate,Chinese Money Plant (Pilea peperomioides),0.9987,Monstera Deliciosa (Monstera deliciosa),0.0013,0.9974,pilea-peperomioides,"pilea-peperomioides|monstera-deliciosa|epipremnum-aureum",true,low-conf,false,200,
pilea-peperomioides__04,pilea-peperomioides,grid2x2,rotate_-90,rotate,Chinese Money Plant (Pilea peperomioides),0.9992,Monstera Deliciosa (Monstera deliciosa),0.0008,0.9984,pilea-peperomioides,"pilea-peperomioides|monstera-deliciosa|epipremnum-aureum",true,low-conf,false,318,
pilea-peperomioides__04,pilea-peperomioides,grid2x2_3x3,rotate_-90,rotate,Chinese Money Plant (Pilea peperomioides),0.8795,Parlor Palm (Chamaedorea elegans),0.0476,0.8319,pilea-peperomioides,"pilea-peperomioides|chamaedorea-elegans|dypsis-lutescens",true,low-conf,false,901,
pilea-peperomioides__04,pilea-peperomioides,tta6,bright_up,brightness,Chinese Money Plant (Pilea peperomioides),1.0000,Anthurium (Anthurium andraeanum),0.0000,1.0000,pilea-peperomioides,"pilea-peperomioides|anthurium-andraeanum|schefflera",true,low-conf,false,687,
pilea-peperomioides__04,pilea-peperomioides,grid2x2,bright_up,brightness,Chinese Money Plant (Pilea peperomioides),1.0000,Asparagus Fern (Asparagus setaceus),0.0000,1.0000,pilea-peperomioides,"pilea-peperomioides|asparagus-setaceus|goeppertia-orbifolia",true,low-conf,false,350,
pilea-peperomioides__04,pilea-peperomioides,grid2x2_3x3,bright_up,brightness,Chinese Money Plant (Pilea peperomioides),0.8959,Jade plant (Crassula ovata),0.0479,0.8479,pilea-peperomioides,"pilea-peperomioides|crassula-ovata|dracaena-trifasciata",true,low-conf,false,703,
pilea-peperomioides__04,pilea-peperomioides,tta6,bright_down,brightness,Chinese Money Plant (Pilea peperomioides),1.0000,Monstera Deliciosa (Monstera deliciosa),0.0000,1.0000,pilea-peperomioides,"pilea-peperomioides|monstera-deliciosa|anthurium-andraeanum",true,low-conf,false,171,
pilea-peperomioides__04,pilea-peperomioides,grid2x2,bright_down,brightness,Chinese Money Plant (Pilea peperomioides),1.0000,Asparagus Fern (Asparagus setaceus),0.0000,1.0000,pilea-peperomioides,"pilea-peperomioides|asparagus-setaceus|beaucarnea-recurvata",true,low-conf,false,288,
pilea-peperomioides__04,pilea-peperomioides,grid2x2_3x3,bright_down,brightness,Chinese Money Plant (Pilea peperomioides),0.8914,Birds Nest Fern (Asplenium nidus),0.1042,0.7873,pilea-peperomioides,"pilea-peperomioides|asplenium-nidus|crassula-ovata",true,low-conf,false,804,
pilea-peperomioides__04,pilea-peperomioides,tta6,contrast_up,contrast,Chinese Money Plant (Pilea peperomioides),1.0000,Monstera Deliciosa (Monstera deliciosa),0.0000,1.0000,pilea-peperomioides,"pilea-peperomioides|monstera-deliciosa|anthurium-andraeanum",true,low-conf,false,182,
pilea-peperomioides__04,pilea-peperomioides,grid2x2,contrast_up,contrast,Chinese Money Plant (Pilea peperomioides),1.0000,Asparagus Fern (Asparagus setaceus),0.0000,1.0000,pilea-peperomioides,"pilea-peperomioides|asparagus-setaceus|goeppertia-orbifolia",true,low-conf,false,304,
pilea-peperomioides__04,pilea-peperomioides,grid2x2_3x3,contrast_up,contrast,Chinese Money Plant (Pilea peperomioides),0.8558,Birds Nest Fern (Asplenium nidus),0.1040,0.7517,pilea-peperomioides,"pilea-peperomioides|asplenium-nidus|crassula-ovata",true,low-conf,false,619,
pilea-peperomioides__04,pilea-peperomioides,tta6,contrast_down,contrast,Chinese Money Plant (Pilea peperomioides),1.0000,Jade plant (Crassula ovata),0.0000,1.0000,pilea-peperomioides,"pilea-peperomioides|crassula-ovata|monstera-deliciosa",true,low-conf,false,234,
pilea-peperomioides__04,pilea-peperomioides,grid2x2,contrast_down,contrast,Chinese Money Plant (Pilea peperomioides),0.9999,Ponytail Palm (Beaucarnea recurvata),0.0001,0.9999,pilea-peperomioides,"pilea-peperomioides|beaucarnea-recurvata|asparagus-setaceus",true,low-conf,false,280,
pilea-peperomioides__04,pilea-peperomioides,grid2x2_3x3,contrast_down,contrast,Chinese Money Plant (Pilea peperomioides),0.8891,Schefflera,0.0486,0.8406,pilea-peperomioides,"pilea-peperomioides|schefflera|ficus-elastica",true,low-conf,false,512,
pilea-peperomioides__05,pilea-peperomioides,tta6,clean,clean,Chinese Money Plant (Pilea peperomioides),0.9979,Monstera Deliciosa (Monstera deliciosa),0.0017,0.9961,pilea-peperomioides,"pilea-peperomioides|monstera-deliciosa|dionaea-muscipula",true,low-conf,false,202,
pilea-peperomioides__05,pilea-peperomioides,grid2x2,clean,clean,Chinese Money Plant (Pilea peperomioides),0.9975,Rubber Plant (Ficus elastica),0.0012,0.9963,pilea-peperomioides,"pilea-peperomioides|ficus-elastica|monstera-deliciosa",true,low-conf,false,292,
pilea-peperomioides__05,pilea-peperomioides,grid2x2_3x3,clean,clean,Chinese Money Plant (Pilea peperomioides),0.7879,Kalanchoe,0.0521,0.7359,pilea-peperomioides,"pilea-peperomioides|kalanchoe|yucca",true,low-conf,false,525,
pilea-peperomioides__05,pilea-peperomioides,tta6,blur,blur,Chinese Money Plant (Pilea peperomioides),1.0000,Monstera Deliciosa (Monstera deliciosa),0.0000,1.0000,pilea-peperomioides,"pilea-peperomioides|monstera-deliciosa|hedera-helix",true,low-conf,false,157,
pilea-peperomioides__05,pilea-peperomioides,grid2x2,blur,blur,Chinese Money Plant (Pilea peperomioides),0.9826,Christmas Cactus (Schlumbergera bridgesii),0.0156,0.9670,pilea-peperomioides,"pilea-peperomioides|schlumbergera-bridgesii|ficus-elastica",true,low-conf,false,279,
pilea-peperomioides__05,pilea-peperomioides,grid2x2_3x3,blur,blur,Chinese Money Plant (Pilea peperomioides),0.7765,Money Tree (Pachira aquatica),0.0531,0.7234,pilea-peperomioides,"pilea-peperomioides|pachira-aquatica|dionaea-muscipula",true,low-conf,false,569,
pilea-peperomioides__05,pilea-peperomioides,tta6,crop_center_zoom,crop,Chinese Money Plant (Pilea peperomioides),0.9998,Schefflera,0.0001,0.9996,pilea-peperomioides,"pilea-peperomioides|schefflera|ficus-elastica",true,low-conf,false,189,
pilea-peperomioides__05,pilea-peperomioides,grid2x2,crop_center_zoom,crop,Chinese Money Plant (Pilea peperomioides),0.9003,Monstera Deliciosa (Monstera deliciosa),0.0981,0.8022,pilea-peperomioides,"pilea-peperomioides|monstera-deliciosa|tradescantia",true,low-conf,false,360,
pilea-peperomioides__05,pilea-peperomioides,grid2x2_3x3,crop_center_zoom,crop,Chinese Money Plant (Pilea peperomioides),0.5276,Monstera Deliciosa (Monstera deliciosa),0.1031,0.4245,pilea-peperomioides,"pilea-peperomioides|monstera-deliciosa|dracaena-trifasciata",true,low-conf,false,703,
pilea-peperomioides__05,pilea-peperomioides,tta6,crop_offcenter_zoom,crop,Chinese Money Plant (Pilea peperomioides),0.9992,Schefflera,0.0008,0.9984,pilea-peperomioides,"pilea-peperomioides|schefflera|ficus-elastica",true,low-conf,false,237,
pilea-peperomioides__05,pilea-peperomioides,grid2x2,crop_offcenter_zoom,crop,Chinese Money Plant (Pilea peperomioides),0.8929,English Ivy (Hedera helix),0.0806,0.8123,pilea-peperomioides,"pilea-peperomioides|hedera-helix|tradescantia",true,low-conf,false,346,
pilea-peperomioides__05,pilea-peperomioides,grid2x2_3x3,crop_offcenter_zoom,crop,Chinese Money Plant (Pilea peperomioides),0.6772,Money Tree (Pachira aquatica),0.0692,0.6080,pilea-peperomioides,"pilea-peperomioides|pachira-aquatica|dracaena-trifasciata",true,low-conf,false,646,
pilea-peperomioides__05,pilea-peperomioides,tta6,rotate_+15,rotate,Chinese Money Plant (Pilea peperomioides),0.9993,Schefflera,0.0004,0.9989,pilea-peperomioides,"pilea-peperomioides|schefflera|monstera-deliciosa",true,low-conf,false,230,
pilea-peperomioides__05,pilea-peperomioides,grid2x2,rotate_+15,rotate,Chinese Money Plant (Pilea peperomioides),0.8978,ZZ Plant (Zamioculcas zamiifolia),0.0578,0.8400,pilea-peperomioides,"pilea-peperomioides|zamioculcas-zamiifolia|dionaea-muscipula",true,low-conf,false,592,
pilea-peperomioides__05,pilea-peperomioides,grid2x2_3x3,rotate_+15,rotate,Chinese Money Plant (Pilea peperomioides),0.7228,Venus Flytrap,0.0656,0.6572,pilea-peperomioides,"pilea-peperomioides|dionaea-muscipula|crassula-ovata",true,low-conf,false,817,
pilea-peperomioides__05,pilea-peperomioides,tta6,rotate_-15,rotate,Chinese Money Plant (Pilea peperomioides),0.8311,Monstera Deliciosa (Monstera deliciosa),0.1687,0.6624,pilea-peperomioides,"pilea-peperomioides|monstera-deliciosa|schefflera",true,low-conf,false,266,
pilea-peperomioides__05,pilea-peperomioides,grid2x2,rotate_-15,rotate,Chinese Money Plant (Pilea peperomioides),0.7982,Monstera Deliciosa (Monstera deliciosa),0.1013,0.6969,pilea-peperomioides,"pilea-peperomioides|monstera-deliciosa|hedera-helix",true,low-conf,false,647,
pilea-peperomioides__05,pilea-peperomioides,grid2x2_3x3,rotate_-15,rotate,Chinese Money Plant (Pilea peperomioides),0.6302,Monstera Deliciosa (Monstera deliciosa),0.1334,0.4968,pilea-peperomioides,"pilea-peperomioides|monstera-deliciosa|hedera-helix",true,low-conf,false,729,
pilea-peperomioides__05,pilea-peperomioides,tta6,rotate_+90,rotate,Chinese Money Plant (Pilea peperomioides),0.8331,Rubber Plant (Ficus elastica),0.1094,0.7237,pilea-peperomioides,"pilea-peperomioides|ficus-elastica|monstera-deliciosa",true,low-conf,false,230,
pilea-peperomioides__05,pilea-peperomioides,grid2x2,rotate_+90,rotate,Chinese Money Plant (Pilea peperomioides),0.8242,ZZ Plant (Zamioculcas zamiifolia),0.0739,0.7503,pilea-peperomioides,"pilea-peperomioides|zamioculcas-zamiifolia|ficus-elastica",true,low-conf,false,374,
pilea-peperomioides__05,pilea-peperomioides,grid2x2_3x3,rotate_+90,rotate,Chinese Money Plant (Pilea peperomioides),0.7332,Yucca,0.0528,0.6804,pilea-peperomioides,"pilea-peperomioides|yucca|aglaonema",true,low-conf,false,682,
pilea-peperomioides__05,pilea-peperomioides,tta6,rotate_-90,rotate,Chinese Money Plant (Pilea peperomioides),1.0000,Monstera Deliciosa (Monstera deliciosa),0.0000,1.0000,pilea-peperomioides,"pilea-peperomioides|monstera-deliciosa|schefflera",true,low-conf,false,218,
pilea-peperomioides__05,pilea-peperomioides,grid2x2,rotate_-90,rotate,Chinese Money Plant (Pilea peperomioides),0.9999,ZZ Plant (Zamioculcas zamiifolia),0.0001,0.9998,pilea-peperomioides,"pilea-peperomioides|zamioculcas-zamiifolia|schefflera",true,low-conf,false,395,
pilea-peperomioides__05,pilea-peperomioides,grid2x2_3x3,rotate_-90,rotate,Chinese Money Plant (Pilea peperomioides),0.8284,Yucca,0.0527,0.7757,pilea-peperomioides,"pilea-peperomioides|yucca|monstera-deliciosa",true,low-conf,false,754,
pilea-peperomioides__05,pilea-peperomioides,tta6,bright_up,brightness,Chinese Money Plant (Pilea peperomioides),0.9991,Venus Flytrap,0.0008,0.9983,pilea-peperomioides,"pilea-peperomioides|dionaea-muscipula|monstera-deliciosa",true,low-conf,false,202,
pilea-peperomioides__05,pilea-peperomioides,grid2x2,bright_up,brightness,Chinese Money Plant (Pilea peperomioides),0.9814,Rubber Plant (Ficus elastica),0.0181,0.9633,pilea-peperomioides,"pilea-peperomioides|ficus-elastica|dionaea-muscipula",true,low-conf,false,392,
pilea-peperomioides__05,pilea-peperomioides,grid2x2_3x3,bright_up,brightness,Chinese Money Plant (Pilea peperomioides),0.7830,Venus Flytrap,0.0812,0.7018,pilea-peperomioides,"pilea-peperomioides|dionaea-muscipula|tradescantia",true,low-conf,false,684,
pilea-peperomioides__05,pilea-peperomioides,tta6,bright_down,brightness,Chinese Money Plant (Pilea peperomioides),1.0000,Monstera Deliciosa (Monstera deliciosa),0.0000,1.0000,pilea-peperomioides,"pilea-peperomioides|monstera-deliciosa|schefflera",true,low-conf,false,212,
pilea-peperomioides__05,pilea-peperomioides,grid2x2,bright_down,brightness,Chinese Money Plant (Pilea peperomioides),0.9120,Rubber Plant (Ficus elastica),0.0880,0.8240,pilea-peperomioides,"pilea-peperomioides|ficus-elastica|aglaonema",true,low-conf,false,368,
pilea-peperomioides__05,pilea-peperomioides,grid2x2_3x3,bright_down,brightness,Chinese Money Plant (Pilea peperomioides),0.7195,Kalanchoe,0.0526,0.6668,pilea-peperomioides,"pilea-peperomioides|kalanchoe|pachira-aquatica",true,low-conf,false,661,
pilea-peperomioides__05,pilea-peperomioides,tta6,contrast_up,contrast,Chinese Money Plant (Pilea peperomioides),1.0000,Monstera Deliciosa (Monstera deliciosa),0.0000,1.0000,pilea-peperomioides,"pilea-peperomioides|monstera-deliciosa|schefflera",true,low-conf,false,156,
pilea-peperomioides__05,pilea-peperomioides,grid2x2,contrast_up,contrast,Chinese Money Plant (Pilea peperomioides),1.0000,ZZ Plant (Zamioculcas zamiifolia),0.0000,1.0000,pilea-peperomioides,"pilea-peperomioides|zamioculcas-zamiifolia|ficus-elastica",true,low-conf,false,301,
pilea-peperomioides__05,pilea-peperomioides,grid2x2_3x3,contrast_up,contrast,Chinese Money Plant (Pilea peperomioides),0.7967,Lilium (Hemerocallis),0.0516,0.7451,pilea-peperomioides,"pilea-peperomioides|tradescantia|kalanchoe",true,low-conf,false,654,
pilea-peperomioides__05,pilea-peperomioides,tta6,contrast_down,contrast,Chinese Money Plant (Pilea peperomioides),0.8158,Venus Flytrap,0.1441,0.6718,pilea-peperomioides,"pilea-peperomioides|dionaea-muscipula|monstera-deliciosa",true,low-conf,false,174,
pilea-peperomioides__05,pilea-peperomioides,grid2x2,contrast_down,contrast,Chinese Money Plant (Pilea peperomioides),0.7899,Rubber Plant (Ficus elastica),0.0994,0.6905,pilea-peperomioides,"pilea-peperomioides|ficus-elastica|dionaea-muscipula",true,low-conf,false,308,
pilea-peperomioides__05,pilea-peperomioides,grid2x2_3x3,contrast_down,contrast,Chinese Money Plant (Pilea peperomioides),0.6775,Venus Flytrap,0.0801,0.5974,pilea-peperomioides,"pilea-peperomioides|dionaea-muscipula|ficus-elastica",true,low-conf,false,609,
pilea-peperomioides__06,pilea-peperomioides,tta6,clean,clean,Chinese Money Plant (Pilea peperomioides),1.0000,ZZ Plant (Zamioculcas zamiifolia),0.0000,0.9999,pilea-peperomioides,"pilea-peperomioides|zamioculcas-zamiifolia|alocasia",true,low-conf,false,202,
pilea-peperomioides__06,pilea-peperomioides,grid2x2,clean,clean,Chinese Money Plant (Pilea peperomioides),0.8999,Snake plant (Sanseviera),0.0465,0.8534,pilea-peperomioides,"pilea-peperomioides|dracaena-trifasciata|epipremnum-aureum",true,low-conf,false,301,
pilea-peperomioides__06,pilea-peperomioides,grid2x2_3x3,clean,clean,Chinese Money Plant (Pilea peperomioides),0.7364,Yucca,0.0865,0.6499,pilea-peperomioides,"pilea-peperomioides|yucca|zamioculcas-zamiifolia",true,low-conf,false,583,
pilea-peperomioides__06,pilea-peperomioides,tta6,blur,blur,Chinese Money Plant (Pilea peperomioides),0.9997,English Ivy (Hedera helix),0.0003,0.9994,pilea-peperomioides,"pilea-peperomioides|hedera-helix|dieffenbachia",true,low-conf,false,179,
pilea-peperomioides__06,pilea-peperomioides,grid2x2,blur,blur,Chinese Money Plant (Pilea peperomioides),0.9002,Christmas Cactus (Schlumbergera bridgesii),0.0598,0.8404,pilea-peperomioides,"pilea-peperomioides|schlumbergera-bridgesii|schefflera",true,low-conf,false,350,
pilea-peperomioides__06,pilea-peperomioides,grid2x2_3x3,blur,blur,Chinese Money Plant (Pilea peperomioides),0.6386,Jade plant (Crassula ovata),0.0553,0.5833,pilea-peperomioides,"pilea-peperomioides|crassula-ovata|yucca",true,low-conf,false,499,
pilea-peperomioides__06,pilea-peperomioides,tta6,crop_center_zoom,crop,Chinese Money Plant (Pilea peperomioides),0.8696,ZZ Plant (Zamioculcas zamiifolia),0.0533,0.8163,pilea-peperomioides,"pilea-peperomioides|zamioculcas-zamiifolia|ficus-elastica",true,low-conf,false,185,
pilea-peperomioides__06,pilea-peperomioides,grid2x2,crop_center_zoom,crop,Chinese Money Plant (Pilea peperomioides),0.7217,Rubber Plant (Ficus elastica),0.0814,0.6403,pilea-peperomioides,"pilea-peperomioides|ficus-elastica|dieffenbachia",true,low-conf,false,262,
pilea-peperomioides__06,pilea-peperomioides,grid2x2_3x3,crop_center_zoom,crop,Chinese Money Plant (Pilea peperomioides),0.5958,Dumb Cane (Dieffenbachia spp.),0.1198,0.4760,pilea-peperomioides,"pilea-peperomioides|dieffenbachia|dracaena-trifasciata",true,low-conf,false,443,
pilea-peperomioides__06,pilea-peperomioides,tta6,crop_offcenter_zoom,crop,Chinese Money Plant (Pilea peperomioides),1.0000,ZZ Plant (Zamioculcas zamiifolia),0.0000,1.0000,pilea-peperomioides,"pilea-peperomioides|zamioculcas-zamiifolia|ficus-elastica",true,low-conf,false,162,
pilea-peperomioides__06,pilea-peperomioides,grid2x2,crop_offcenter_zoom,crop,Chinese Money Plant (Pilea peperomioides),0.9991,Pothos (Ivy arum),0.0007,0.9984,pilea-peperomioides,"pilea-peperomioides|epipremnum-aureum|alocasia",true,low-conf,false,290,
pilea-peperomioides__06,pilea-peperomioides,grid2x2_3x3,crop_offcenter_zoom,crop,Chinese Money Plant (Pilea peperomioides),0.9338,Venus Flytrap,0.0519,0.8819,pilea-peperomioides,"pilea-peperomioides|dionaea-muscipula|pachira-aquatica",true,low-conf,false,577,
pilea-peperomioides__06,pilea-peperomioides,tta6,rotate_+15,rotate,Chinese Money Plant (Pilea peperomioides),1.0000,Pothos (Ivy arum),0.0000,1.0000,pilea-peperomioides,"pilea-peperomioides|epipremnum-aureum|hedera-helix",true,low-conf,false,151,
pilea-peperomioides__06,pilea-peperomioides,grid2x2,rotate_+15,rotate,Chinese Money Plant (Pilea peperomioides),0.9000,Snake plant (Sanseviera),0.0319,0.8681,pilea-peperomioides,"pilea-peperomioides|dracaena-trifasciata|hedera-helix",true,low-conf,false,313,
pilea-peperomioides__06,pilea-peperomioides,grid2x2_3x3,rotate_+15,rotate,Chinese Money Plant (Pilea peperomioides),0.7561,Snake plant (Sanseviera),0.0703,0.6859,pilea-peperomioides,"pilea-peperomioides|dracaena-trifasciata|maranta-leuconeura",true,low-conf,false,478,
pilea-peperomioides__06,pilea-peperomioides,tta6,rotate_-15,rotate,Chinese Money Plant (Pilea peperomioides),1.0000,ZZ Plant (Zamioculcas zamiifolia),0.0000,1.0000,pilea-peperomioides,"pilea-peperomioides|zamioculcas-zamiifolia|monstera-deliciosa",true,low-conf,false,154,
pilea-peperomioides__06,pilea-peperomioides,grid2x2,rotate_-15,rotate,Chinese Money Plant (Pilea peperomioides),0.9002,Monstera Deliciosa (Monstera deliciosa),0.0549,0.8453,pilea-peperomioides,"pilea-peperomioides|monstera-deliciosa|pachira-aquatica",true,low-conf,false,219,
pilea-peperomioides__06,pilea-peperomioides,grid2x2_3x3,rotate_-15,rotate,Chinese Money Plant (Pilea peperomioides),0.7315,Snake plant (Sanseviera),0.0583,0.6732,pilea-peperomioides,"pilea-peperomioides|dracaena-trifasciata|crassula-ovata",true,low-conf,false,500,
pilea-peperomioides__06,pilea-peperomioides,tta6,rotate_+90,rotate,Chinese Money Plant (Pilea peperomioides),1.0000,Monstera Deliciosa (Monstera deliciosa),0.0000,1.0000,pilea-peperomioides,"pilea-peperomioides|monstera-deliciosa|zamioculcas-zamiifolia",true,low-conf,false,196,
pilea-peperomioides__06,pilea-peperomioides,grid2x2,rotate_+90,rotate,Chinese Money Plant (Pilea peperomioides),0.8245,Pothos (Ivy arum),0.0946,0.7299,pilea-peperomioides,"pilea-peperomioides|epipremnum-aureum|dieffenbachia",true,low-conf,false,260,
pilea-peperomioides__06,pilea-peperomioides,grid2x2_3x3,rotate_+90,rotate,Chinese Money Plant (Pilea peperomioides),0.7071,Yucca,0.0570,0.6501,pilea-peperomioides,"pilea-peperomioides|yucca|epipremnum-aureum",true,low-conf,false,553,
pilea-peperomioides__06,pilea-peperomioides,tta6,rotate_-90,rotate,Chinese Money Plant (Pilea peperomioides),1.0000,Monstera Deliciosa (Monstera deliciosa),0.0000,1.0000,pilea-peperomioides,"pilea-peperomioides|monstera-deliciosa|epipremnum-aureum",true,low-conf,false,160,
pilea-peperomioides__06,pilea-peperomioides,grid2x2,rotate_-90,rotate,Chinese Money Plant (Pilea peperomioides),0.8563,Elephant Ear (Alocasia spp.),0.0940,0.7623,pilea-peperomioides,"pilea-peperomioides|alocasia|epipremnum-aureum",true,low-conf,false,277,
pilea-peperomioides__06,pilea-peperomioides,grid2x2_3x3,rotate_-90,rotate,Chinese Money Plant (Pilea peperomioides),0.7014,Yucca,0.1051,0.5963,pilea-peperomioides,"pilea-peperomioides|yucca|zamioculcas-zamiifolia",true,low-conf,false,495,
pilea-peperomioides__06,pilea-peperomioides,tta6,bright_up,brightness,Chinese Money Plant (Pilea peperomioides),1.0000,ZZ Plant (Zamioculcas zamiifolia),0.0000,1.0000,pilea-peperomioides,"pilea-peperomioides|zamioculcas-zamiifolia|alocasia",true,low-conf,false,128,
pilea-peperomioides__06,pilea-peperomioides,grid2x2,bright_up,brightness,Chinese Money Plant (Pilea peperomioides),0.9000,Snake plant (Sanseviera),0.0492,0.8508,pilea-peperomioides,"pilea-peperomioides|dracaena-trifasciata|epipremnum-aureum",true,low-conf,false,331,
pilea-peperomioides__06,pilea-peperomioides,grid2x2_3x3,bright_up,brightness,Chinese Money Plant (Pilea peperomioides),0.7366,Yucca,0.1025,0.6341,pilea-peperomioides,"pilea-peperomioides|yucca|zamioculcas-zamiifolia",true,low-conf,false,477,
pilea-peperomioides__06,pilea-peperomioides,tta6,bright_down,brightness,Chinese Money Plant (Pilea peperomioides),1.0000,Elephant Ear (Alocasia spp.),0.0000,1.0000,pilea-peperomioides,"pilea-peperomioides|alocasia|epipremnum-aureum",true,low-conf,false,104,
pilea-peperomioides__06,pilea-peperomioides,grid2x2,bright_down,brightness,Chinese Money Plant (Pilea peperomioides),0.8983,Dumb Cane (Dieffenbachia spp.),0.0701,0.8283,pilea-peperomioides,"pilea-peperomioides|dieffenbachia|epipremnum-aureum",true,low-conf,false,255,
pilea-peperomioides__06,pilea-peperomioides,grid2x2_3x3,bright_down,brightness,Chinese Money Plant (Pilea peperomioides),0.6893,Yucca,0.1035,0.5858,pilea-peperomioides,"pilea-peperomioides|yucca|epipremnum-aureum",true,low-conf,false,419,
pilea-peperomioides__06,pilea-peperomioides,tta6,contrast_up,contrast,Chinese Money Plant (Pilea peperomioides),1.0000,Elephant Ear (Alocasia spp.),0.0000,1.0000,pilea-peperomioides,"pilea-peperomioides|alocasia|zamioculcas-zamiifolia",true,low-conf,false,139,
pilea-peperomioides__06,pilea-peperomioides,grid2x2,contrast_up,contrast,Chinese Money Plant (Pilea peperomioides),0.9000,Snake plant (Sanseviera),0.0414,0.8586,pilea-peperomioides,"pilea-peperomioides|dracaena-trifasciata|epipremnum-aureum",true,low-conf,false,206,
pilea-peperomioides__06,pilea-peperomioides,grid2x2_3x3,contrast_up,contrast,Chinese Money Plant (Pilea peperomioides),0.7363,Yucca,0.1046,0.6317,pilea-peperomioides,"pilea-peperomioides|yucca|crassula-ovata",true,low-conf,false,591,
pilea-peperomioides__06,pilea-peperomioides,tta6,contrast_down,contrast,Chinese Money Plant (Pilea peperomioides),0.8849,Pothos (Ivy arum),0.0915,0.7933,pilea-peperomioides,"pilea-peperomioides|epipremnum-aureum|alocasia",true,low-conf,false,193,
pilea-peperomioides__06,pilea-peperomioides,grid2x2,contrast_down,contrast,Chinese Money Plant (Pilea peperomioides),0.8301,Pothos (Ivy arum),0.0772,0.7529,pilea-peperomioides,"pilea-peperomioides|epipremnum-aureum|alocasia",true,low-conf,false,265,
pilea-peperomioides__06,pilea-peperomioides,grid2x2_3x3,contrast_down,contrast,Chinese Money Plant (Pilea peperomioides),0.6852,Yucca,0.0972,0.5880,pilea-peperomioides,"pilea-peperomioides|yucca|epipremnum-aureum",true,low-conf,false,518,
saintpaulia-ionantha__01,saintpaulia-ionantha,tta6,clean,clean,African Violet (Saintpaulia ionantha),1.0000,Hyacinth (Hyacinthus orientalis),0.0000,1.0000,saintpaulia-ionantha,"saintpaulia-ionantha|kalanchoe|phalaenopsis",true,high-conf,false,220,
saintpaulia-ionantha__01,saintpaulia-ionantha,grid2x2,clean,clean,African Violet (Saintpaulia ionantha),0.9999,Hyacinth (Hyacinthus orientalis),0.0001,0.9999,saintpaulia-ionantha,"saintpaulia-ionantha|kalanchoe|phalaenopsis",true,high-conf,false,255,
saintpaulia-ionantha__01,saintpaulia-ionantha,grid2x2_3x3,clean,clean,African Violet (Saintpaulia ionantha),0.7810,Kalanchoe,0.0566,0.7244,saintpaulia-ionantha,"saintpaulia-ionantha|kalanchoe|spathiphyllum-wallisii",true,high-conf,false,465,
saintpaulia-ionantha__01,saintpaulia-ionantha,tta6,blur,blur,African Violet (Saintpaulia ionantha),1.0000,Kalanchoe,0.0000,1.0000,saintpaulia-ionantha,"saintpaulia-ionantha|kalanchoe|maranta-leuconeura",true,high-conf,false,128,
saintpaulia-ionantha__01,saintpaulia-ionantha,grid2x2,blur,blur,African Violet (Saintpaulia ionantha),0.8988,Orchid,0.0706,0.8282,saintpaulia-ionantha,"saintpaulia-ionantha|phalaenopsis|maranta-leuconeura",true,high-conf,false,261,
saintpaulia-ionantha__01,saintpaulia-ionantha,grid2x2_3x3,blur,blur,African Violet (Saintpaulia ionantha),0.5324,Christmas Cactus (Schlumbergera bridgesii),0.1247,0.4077,saintpaulia-ionantha,"saintpaulia-ionantha|schlumbergera-bridgesii|goeppertia-orbifolia",true,high-conf,false,469,
saintpaulia-ionantha__01,saintpaulia-ionantha,tta6,crop_center_zoom,crop,African Violet (Saintpaulia ionantha),1.0000,Hyacinth (Hyacinthus orientalis),0.0000,1.0000,saintpaulia-ionantha,"saintpaulia-ionantha|kalanchoe|maranta-leuconeura",true,high-conf,false,133,
saintpaulia-ionantha__01,saintpaulia-ionantha,grid2x2,crop_center_zoom,crop,African Violet (Saintpaulia ionantha),0.9047,Prayer Plant (Maranta leuconeura),0.0951,0.8096,saintpaulia-ionantha,"saintpaulia-ionantha|maranta-leuconeura|kalanchoe",true,high-conf,false,277,
saintpaulia-ionantha__01,saintpaulia-ionantha,grid2x2_3x3,crop_center_zoom,crop,African Violet (Saintpaulia ionantha),0.7554,Venus Flytrap,0.0923,0.6631,saintpaulia-ionantha,"saintpaulia-ionantha|dionaea-muscipula|maranta-leuconeura",true,high-conf,false,569,
saintpaulia-ionantha__01,saintpaulia-ionantha,tta6,crop_offcenter_zoom,crop,African Violet (Saintpaulia ionantha),0.9978,Hyacinth (Hyacinthus orientalis),0.0020,0.9958,saintpaulia-ionantha,"saintpaulia-ionantha|kalanchoe|tradescantia",true,high-conf,false,202,
saintpaulia-ionantha__01,saintpaulia-ionantha,grid2x2,crop_offcenter_zoom,crop,African Violet (Saintpaulia ionantha),0.7878,Tradescantia,0.0842,0.7035,saintpaulia-ionantha,"saintpaulia-ionantha|tradescantia|crassula-ovata",true,high-conf,false,336,
saintpaulia-ionantha__01,saintpaulia-ionantha,grid2x2_3x3,crop_offcenter_zoom,crop,African Violet (Saintpaulia ionantha),0.5725,Prayer Plant (Maranta leuconeura),0.0710,0.5015,saintpaulia-ionantha,"saintpaulia-ionantha|maranta-leuconeura|aloe-vera",true,high-conf,false,463,
saintpaulia-ionantha__01,saintpaulia-ionantha,tta6,rotate_+15,rotate,African Violet (Saintpaulia ionantha),1.0000,English Ivy (Hedera helix),0.0000,1.0000,saintpaulia-ionantha,"saintpaulia-ionantha|hedera-helix|phalaenopsis",true,high-conf,false,150,
saintpaulia-ionantha__01,saintpaulia-ionantha,grid2x2,rotate_+15,rotate,African Violet (Saintpaulia ionantha),0.8611,Orchid,0.0674,0.7937,saintpaulia-ionantha,"saintpaulia-ionantha|phalaenopsis|hedera-helix",true,high-conf,false,254,
saintpaulia-ionantha__01,saintpaulia-ionantha,grid2x2_3x3,rotate_+15,rotate,African Violet (Saintpaulia ionantha),0.6316,Hyacinth (Hyacinthus orientalis),0.0615,0.5701,saintpaulia-ionantha,"saintpaulia-ionantha|hedera-helix|maranta-leuconeura",true,high-conf,false,557,
saintpaulia-ionantha__01,saintpaulia-ionantha,tta6,rotate_-15,rotate,African Violet (Saintpaulia ionantha),1.0000,Orchid,0.0000,1.0000,saintpaulia-ionantha,"saintpaulia-ionantha|phalaenopsis|kalanchoe",true,high-conf,false,126,
saintpaulia-ionantha__01,saintpaulia-ionantha,grid2x2,rotate_-15,rotate,African Violet (Saintpaulia ionantha),0.9957,Hyacinth (Hyacinthus orientalis),0.0039,0.9918,saintpaulia-ionantha,"saintpaulia-ionantha|kalanchoe|tradescantia",true,high-conf,false,226,
saintpaulia-ionantha__01,saintpaulia-ionantha,grid2x2_3x3,rotate_-15,rotate,African Violet (Saintpaulia ionantha),0.7156,Christmas Cactus (Schlumbergera bridgesii),0.0608,0.6548,saintpaulia-ionantha,"saintpaulia-ionantha|schlumbergera-bridgesii|tradescantia",true,high-conf,false,484,
saintpaulia-ionantha__01,saintpaulia-ionantha,tta6,rotate_+90,rotate,African Violet (Saintpaulia ionantha),1.0000,Orchid,0.0000,1.0000,saintpaulia-ionantha,"saintpaulia-ionantha|phalaenopsis|maranta-leuconeura",true,high-conf,false,156,
saintpaulia-ionantha__01,saintpaulia-ionantha,grid2x2,rotate_+90,rotate,African Violet (Saintpaulia ionantha),0.7995,Tradescantia,0.1012,0.6983,saintpaulia-ionantha,"saintpaulia-ionantha|tradescantia|phalaenopsis",true,high-conf,false,240,
saintpaulia-ionantha__01,saintpaulia-ionantha,grid2x2_3x3,rotate_+90,rotate,African Violet (Saintpaulia ionantha),0.6309,Prayer Plant (Maranta leuconeura),0.0837,0.5472,saintpaulia-ionantha,"saintpaulia-ionantha|maranta-leuconeura|tradescantia",true,high-conf,false,517,
saintpaulia-ionantha__01,saintpaulia-ionantha,tta6,rotate_-90,rotate,African Violet (Saintpaulia ionantha),1.0000,Orchid,0.0000,1.0000,saintpaulia-ionantha,"saintpaulia-ionantha|phalaenopsis|maranta-leuconeura",true,high-conf,false,149,
saintpaulia-ionantha__01,saintpaulia-ionantha,grid2x2,rotate_-90,rotate,African Violet (Saintpaulia ionantha),0.9916,Tradescantia,0.0083,0.9833,saintpaulia-ionantha,"saintpaulia-ionantha|tradescantia|maranta-leuconeura",true,high-conf,false,294,
saintpaulia-ionantha__01,saintpaulia-ionantha,grid2x2_3x3,rotate_-90,rotate,African Violet (Saintpaulia ionantha),0.8006,Tradescantia,0.0547,0.7459,saintpaulia-ionantha,"saintpaulia-ionantha|tradescantia|maranta-leuconeura",true,high-conf,false,522,
saintpaulia-ionantha__01,saintpaulia-ionantha,tta6,bright_up,brightness,African Violet (Saintpaulia ionantha),1.0000,Orchid,0.0000,1.0000,saintpaulia-ionantha,"saintpaulia-ionantha|phalaenopsis|kalanchoe",true,high-conf,false,160,
saintpaulia-ionantha__01,saintpaulia-ionantha,grid2x2,bright_up,brightness,African Violet (Saintpaulia ionantha),0.8854,Orchid,0.0933,0.7921,saintpaulia-ionantha,"saintpaulia-ionantha|phalaenopsis|schlumbergera-bridgesii",true,high-conf,false,265,
saintpaulia-ionantha__01,saintpaulia-ionantha,grid2x2_3x3,bright_up,brightness,African Violet (Saintpaulia ionantha),0.6019,Prayer Plant (Maranta leuconeura),0.0588,0.5431,saintpaulia-ionantha,"saintpaulia-ionantha|maranta-leuconeura|kalanchoe",true,high-conf,false,538,
saintpaulia-ionantha__01,saintpaulia-ionantha,tta6,bright_down,brightness,African Violet (Saintpaulia ionantha),1.0000,Kalanchoe,0.0000,1.0000,saintpaulia-ionantha,"saintpaulia-ionantha|kalanchoe|phalaenopsis",true,high-conf,false,155,
saintpaulia-ionantha__01,saintpaulia-ionantha,grid2x2,bright_down,brightness,African Violet (Saintpaulia ionantha),0.9589,Kalanchoe,0.0411,0.9179,saintpaulia-ionantha,"saintpaulia-ionantha|kalanchoe|begonia",true,high-conf,false,275,
saintpaulia-ionantha__01,saintpaulia-ionantha,grid2x2_3x3,bright_down,brightness,African Violet (Saintpaulia ionantha),0.7238,Calathea,0.0784,0.6454,saintpaulia-ionantha,"saintpaulia-ionantha|goeppertia-orbifolia|kalanchoe",true,high-conf,false,470,
saintpaulia-ionantha__01,saintpaulia-ionantha,tta6,contrast_up,contrast,African Violet (Saintpaulia ionantha),1.0000,Kalanchoe,0.0000,1.0000,saintpaulia-ionantha,"saintpaulia-ionantha|kalanchoe|phalaenopsis",true,high-conf,false,176,
saintpaulia-ionantha__01,saintpaulia-ionantha,grid2x2,contrast_up,contrast,African Violet (Saintpaulia ionantha),0.9927,Orchid,0.0047,0.9880,saintpaulia-ionantha,"saintpaulia-ionantha|phalaenopsis|kalanchoe",true,high-conf,false,268,
saintpaulia-ionantha__01,saintpaulia-ionantha,grid2x2_3x3,contrast_up,contrast,African Violet (Saintpaulia ionantha),0.6889,Kalanchoe,0.0551,0.6338,saintpaulia-ionantha,"saintpaulia-ionantha|kalanchoe|maranta-leuconeura",true,high-conf,false,449,
saintpaulia-ionantha__01,saintpaulia-ionantha,tta6,contrast_down,contrast,African Violet (Saintpaulia ionantha),1.0000,Hyacinth (Hyacinthus orientalis),0.0000,1.0000,saintpaulia-ionantha,"saintpaulia-ionantha|kalanchoe|hedera-helix",true,high-conf,false,156,
saintpaulia-ionantha__01,saintpaulia-ionantha,grid2x2,contrast_down,contrast,African Violet (Saintpaulia ionantha),0.9948,Hyacinth (Hyacinthus orientalis),0.0050,0.9898,saintpaulia-ionantha,"saintpaulia-ionantha|schlumbergera-bridgesii|tradescantia",true,high-conf,false,252,
saintpaulia-ionantha__01,saintpaulia-ionantha,grid2x2_3x3,contrast_down,contrast,African Violet (Saintpaulia ionantha),0.7571,Kalanchoe,0.0913,0.6658,saintpaulia-ionantha,"saintpaulia-ionantha|kalanchoe|spathiphyllum-wallisii",true,high-conf,false,569,
schefflera__01,schefflera,tta6,clean,clean,Schefflera,0.6530,Elephant Ear (Alocasia spp.),0.1461,0.5069,schefflera,"schefflera|alocasia|zamioculcas-zamiifolia",true,high-conf,false,161,
schefflera__01,schefflera,grid2x2,clean,clean,Schefflera,0.5896,Tradescantia,0.2358,0.3538,schefflera,"schefflera|tradescantia|alocasia",true,high-conf,false,222,
schefflera__01,schefflera,grid2x2_3x3,clean,clean,Schefflera,0.4450,Tradescantia,0.3551,0.0898,schefflera,"schefflera|tradescantia|aspidistra-elatior",true,low-conf,false,416,
schefflera__01,schefflera,tta6,blur,blur,Asparagus Fern (Asparagus setaceus),0.3288,English Ivy (Hedera helix),0.2617,0.0672,asparagus-setaceus,"asparagus-setaceus|hedera-helix|aspidistra-elatior",true,low-conf,false,139,
schefflera__01,schefflera,grid2x2,blur,blur,Asparagus Fern (Asparagus setaceus),0.4968,Boston Fern (Nephrolepis exaltata),0.1771,0.3197,asparagus-setaceus,"asparagus-setaceus|nephrolepis-exaltata|hedera-helix",true,high-conf,true,275,
schefflera__01,schefflera,grid2x2_3x3,blur,blur,Asparagus Fern (Asparagus setaceus),0.4386,English Ivy (Hedera helix),0.1420,0.2966,asparagus-setaceus,"asparagus-setaceus|hedera-helix|nephrolepis-exaltata",true,low-conf,false,607,
schefflera__01,schefflera,tta6,crop_center_zoom,crop,Tradescantia,0.9820,Schefflera,0.0101,0.9720,tradescantia,"tradescantia|schefflera|chamaedorea-elegans",true,high-conf,true,216,
schefflera__01,schefflera,grid2x2,crop_center_zoom,crop,Tradescantia,0.8401,Ponytail Palm (Beaucarnea recurvata),0.0995,0.7406,tradescantia,"tradescantia|beaucarnea-recurvata|schefflera",true,high-conf,true,247,
schefflera__01,schefflera,grid2x2_3x3,crop_center_zoom,crop,Tradescantia,0.7686,Ponytail Palm (Beaucarnea recurvata),0.1050,0.6636,tradescantia,"tradescantia|beaucarnea-recurvata|hedera-helix",true,high-conf,true,613,
schefflera__01,schefflera,tta6,crop_offcenter_zoom,crop,Schefflera,0.8079,Tradescantia,0.1920,0.6159,schefflera,"schefflera|tradescantia|chamaedorea-elegans",true,high-conf,false,205,
schefflera__01,schefflera,grid2x2,crop_offcenter_zoom,crop,Schefflera,0.6425,Tradescantia,0.3332,0.3092,schefflera,"schefflera|tradescantia|dracaena",true,high-conf,false,317,
schefflera__01,schefflera,grid2x2_3x3,crop_offcenter_zoom,crop,Tradescantia,0.3638,Schefflera,0.3635,0.0002,tradescantia,"tradescantia|schefflera|goeppertia-orbifolia",true,low-conf,false,564,
schefflera__01,schefflera,tta6,rotate_+15,rotate,Tradescantia,0.4980,ZZ Plant (Zamioculcas zamiifolia),0.4816,0.0164,tradescantia,"tradescantia|zamioculcas-zamiifolia|alocasia",true,low-conf,false,153,
schefflera__01,schefflera,grid2x2,rotate_+15,rotate,Tradescantia,0.4059,ZZ Plant (Zamioculcas zamiifolia),0.2903,0.1156,tradescantia,"tradescantia|zamioculcas-zamiifolia|hedera-helix",true,low-conf,false,262,
schefflera__01,schefflera,grid2x2_3x3,rotate_+15,rotate,Tradescantia,0.4348,ZZ Plant (Zamioculcas zamiifolia),0.1530,0.2818,tradescantia,"tradescantia|zamioculcas-zamiifolia|hedera-helix",true,low-conf,false,447,
schefflera__01,schefflera,tta6,rotate_-15,rotate,Tradescantia,0.6216,Schefflera,0.3231,0.2985,tradescantia,"tradescantia|schefflera|alocasia",true,low-conf,false,163,
schefflera__01,schefflera,grid2x2,rotate_-15,rotate,Tradescantia,0.6684,Schefflera,0.1939,0.4745,tradescantia,"tradescantia|schefflera|ctenanthe",true,high-conf,true,277,
schefflera__01,schefflera,grid2x2_3x3,rotate_-15,rotate,Tradescantia,0.5329,Schefflera,0.1724,0.3604,tradescantia,"tradescantia|schefflera|ctenanthe",true,high-conf,true,493,
schefflera__01,schefflera,tta6,rotate_+90,rotate,Rattlesnake Plant (Calathea lancifolia),0.8044,Tradescantia,0.1898,0.6145,tradescantia,"tradescantia|aspidistra-elatior|hedera-helix",true,low-conf,false,163,
schefflera__01,schefflera,grid2x2,rotate_+90,rotate,Rattlesnake Plant (Calathea lancifolia),0.4826,Tradescantia,0.3833,0.0993,tradescantia,"tradescantia|aspidistra-elatior|dionaea-muscipula",true,low-conf,false,241,
schefflera__01,schefflera,grid2x2_3x3,rotate_+90,rotate,Tradescantia,0.5243,Rattlesnake Plant (Calathea lancifolia),0.2540,0.2702,tradescantia,"tradescantia|aspidistra-elatior|kalanchoe",true,low-conf,false,468,
schefflera__01,schefflera,tta6,rotate_-90,rotate,Tradescantia,0.6740,Cast Iron Plant (Aspidistra elatior),0.3233,0.3507,tradescantia,"tradescantia|aspidistra-elatior|alocasia",true,high-conf,true,149,
schefflera__01,schefflera,grid2x2,rotate_-90,rotate,Tradescantia,0.6106,Cast Iron Plant (Aspidistra elatior),0.3764,0.2341,tradescantia,"tradescantia|aspidistra-elatior|alocasia",true,low-conf,false,289,
schefflera__01,schefflera,grid2x2_3x3,rotate_-90,rotate,Tradescantia,0.6890,Cast Iron Plant (Aspidistra elatior),0.2519,0.4371,tradescantia,"tradescantia|aspidistra-elatior|alocasia",true,high-conf,true,513,
schefflera__01,schefflera,tta6,bright_up,brightness,Schefflera,0.6634,Elephant Ear (Alocasia spp.),0.1378,0.5256,schefflera,"schefflera|alocasia|zamioculcas-zamiifolia",true,high-conf,false,188,
schefflera__01,schefflera,grid2x2,bright_up,brightness,Schefflera,0.5818,Tradescantia,0.2211,0.3607,schefflera,"schefflera|tradescantia|alocasia",true,high-conf,false,212,
schefflera__01,schefflera,grid2x2_3x3,bright_up,brightness,Schefflera,0.4293,Tradescantia,0.3282,0.1010,schefflera,"schefflera|tradescantia|ctenanthe",true,low-conf,false,469,
schefflera__01,schefflera,tta6,bright_down,brightness,Schefflera,0.5348,ZZ Plant (Zamioculcas zamiifolia),0.3155,0.2192,schefflera,"schefflera|zamioculcas-zamiifolia|alocasia",true,low-conf,false,153,
schefflera__01,schefflera,grid2x2,bright_down,brightness,Schefflera,0.5209,ZZ Plant (Zamioculcas zamiifolia),0.2022,0.3187,schefflera,"schefflera|zamioculcas-zamiifolia|tradescantia",true,high-conf,false,289,
schefflera__01,schefflera,grid2x2_3x3,bright_down,brightness,Schefflera,0.3888,Tradescantia,0.2196,0.1692,schefflera,"schefflera|tradescantia|zamioculcas-zamiifolia",true,low-conf,false,480,
schefflera__01,schefflera,tta6,contrast_up,contrast,Schefflera,0.5279,Elephant Ear (Alocasia spp.),0.3065,0.2214,schefflera,"schefflera|alocasia|zamioculcas-zamiifolia",true,low-conf,false,148,
schefflera__01,schefflera,grid2x2,contrast_up,contrast,Schefflera,0.5167,Tradescantia,0.1967,0.3200,schefflera,"schefflera|tradescantia|alocasia",true,high-conf,false,225,
schefflera__01,schefflera,grid2x2_3x3,contrast_up,contrast,Schefflera,0.3867,Tradescantia,0.3390,0.0477,schefflera,"schefflera|tradescantia|alocasia",true,low-conf,false,484,
schefflera__01,schefflera,tta6,contrast_down,contrast,Schefflera,0.5987,ZZ Plant (Zamioculcas zamiifolia),0.2387,0.3600,schefflera,"schefflera|zamioculcas-zamiifolia|tradescantia",true,high-conf,false,156,
schefflera__01,schefflera,grid2x2,contrast_down,contrast,Schefflera,0.4606,ZZ Plant (Zamioculcas zamiifolia),0.2423,0.2182,schefflera,"schefflera|zamioculcas-zamiifolia|dypsis-lutescens",true,low-conf,false,257,
schefflera__01,schefflera,grid2x2_3x3,contrast_down,contrast,Schefflera,0.3032,Tradescantia,0.1973,0.1059,schefflera,"schefflera|tradescantia|zamioculcas-zamiifolia",true,low-conf,false,449,
schlumbergera-bridgesii__01,schlumbergera-bridgesii,tta6,clean,clean,Christmas Cactus (Schlumbergera bridgesii),0.8561,Anthurium (Anthurium andraeanum),0.1437,0.7125,schlumbergera-bridgesii,"schlumbergera-bridgesii|anthurium-andraeanum|begonia",true,high-conf,false,159,
schlumbergera-bridgesii__01,schlumbergera-bridgesii,grid2x2,clean,clean,Christmas Cactus (Schlumbergera bridgesii),0.7140,Parlor Palm (Chamaedorea elegans),0.1002,0.6138,schlumbergera-bridgesii,"schlumbergera-bridgesii|chamaedorea-elegans|anthurium-andraeanum",true,high-conf,false,279,
schlumbergera-bridgesii__01,schlumbergera-bridgesii,grid2x2_3x3,clean,clean,Christmas Cactus (Schlumbergera bridgesii),0.6387,Parlor Palm (Chamaedorea elegans),0.1144,0.5244,schlumbergera-bridgesii,"schlumbergera-bridgesii|chamaedorea-elegans|aloe-vera",true,high-conf,false,598,
schlumbergera-bridgesii__01,schlumbergera-bridgesii,tta6,blur,blur,Christmas Cactus (Schlumbergera bridgesii),0.8989,Begonia (Begonia spp.),0.1011,0.7979,schlumbergera-bridgesii,"schlumbergera-bridgesii|begonia|asparagus-setaceus",true,high-conf,false,196,
schlumbergera-bridgesii__01,schlumbergera-bridgesii,grid2x2,blur,blur,Christmas Cactus (Schlumbergera bridgesii),0.7371,Parlor Palm (Chamaedorea elegans),0.0992,0.6379,schlumbergera-bridgesii,"schlumbergera-bridgesii|chamaedorea-elegans|beaucarnea-recurvata",true,high-conf,false,246,
schlumbergera-bridgesii__01,schlumbergera-bridgesii,grid2x2_3x3,blur,blur,Christmas Cactus (Schlumbergera bridgesii),0.6222,Parlor Palm (Chamaedorea elegans),0.1275,0.4947,schlumbergera-bridgesii,"schlumbergera-bridgesii|chamaedorea-elegans|aspidistra-elatior",true,high-conf,false,559,
schlumbergera-bridgesii__01,schlumbergera-bridgesii,tta6,crop_center_zoom,crop,Christmas Cactus (Schlumbergera bridgesii),0.9996,Anthurium (Anthurium andraeanum),0.0003,0.9993,schlumbergera-bridgesii,"schlumbergera-bridgesii|anthurium-andraeanum|begonia",true,high-conf,false,154,
schlumbergera-bridgesii__01,schlumbergera-bridgesii,grid2x2,crop_center_zoom,crop,Christmas Cactus (Schlumbergera bridgesii),0.8997,Parlor Palm (Chamaedorea elegans),0.0995,0.8002,schlumbergera-bridgesii,"schlumbergera-bridgesii|chamaedorea-elegans|spathiphyllum-wallisii",true,high-conf,false,294,
schlumbergera-bridgesii__01,schlumbergera-bridgesii,grid2x2_3x3,crop_center_zoom,crop,Christmas Cactus (Schlumbergera bridgesii),0.6876,Parlor Palm (Chamaedorea elegans),0.2109,0.4767,schlumbergera-bridgesii,"schlumbergera-bridgesii|chamaedorea-elegans|beaucarnea-recurvata",true,high-conf,false,514,
schlumbergera-bridgesii__01,schlumbergera-bridgesii,tta6,crop_offcenter_zoom,crop,Christmas Cactus (Schlumbergera bridgesii),0.9982,Begonia (Begonia spp.),0.0015,0.9967,schlumbergera-bridgesii,"schlumbergera-bridgesii|begonia|anthurium-andraeanum",true,high-conf,false,192,
schlumbergera-bridgesii__01,schlumbergera-bridgesii,grid2x2,crop_offcenter_zoom,crop,Christmas Cactus (Schlumbergera bridgesii),0.8988,Parlor Palm (Chamaedorea elegans),0.1000,0.7988,schlumbergera-bridgesii,"schlumbergera-bridgesii|chamaedorea-elegans|begonia",true,high-conf,false,296,
schlumbergera-bridgesii__01,schlumbergera-bridgesii,grid2x2_3x3,crop_offcenter_zoom,crop,Christmas Cactus (Schlumbergera bridgesii),0.6666,Parlor Palm (Chamaedorea elegans),0.1170,0.5496,schlumbergera-bridgesii,"schlumbergera-bridgesii|chamaedorea-elegans|asparagus-setaceus",true,high-conf,false,619,
schlumbergera-bridgesii__01,schlumbergera-bridgesii,tta6,rotate_+15,rotate,Christmas Cactus (Schlumbergera bridgesii),0.6066,Begonia (Begonia spp.),0.2536,0.3530,schlumbergera-bridgesii,"schlumbergera-bridgesii|begonia|anthurium-andraeanum",true,high-conf,false,155,
schlumbergera-bridgesii__01,schlumbergera-bridgesii,grid2x2,rotate_+15,rotate,Christmas Cactus (Schlumbergera bridgesii),0.4644,Anthurium (Anthurium andraeanum),0.1789,0.2855,schlumbergera-bridgesii,"schlumbergera-bridgesii|anthurium-andraeanum|begonia",true,low-conf,false,279,
schlumbergera-bridgesii__01,schlumbergera-bridgesii,grid2x2_3x3,rotate_+15,rotate,Christmas Cactus (Schlumbergera bridgesii),0.4547,Parlor Palm (Chamaedorea elegans),0.1453,0.3094,schlumbergera-bridgesii,"schlumbergera-bridgesii|chamaedorea-elegans|anthurium-andraeanum",true,high-conf,false,689,
schlumbergera-bridgesii__01,schlumbergera-bridgesii,tta6,rotate_-15,rotate,Christmas Cactus (Schlumbergera bridgesii),0.4990,Anthurium (Anthurium andraeanum),0.3937,0.1053,schlumbergera-bridgesii,"schlumbergera-bridgesii|anthurium-andraeanum|begonia",true,low-conf,false,157,
schlumbergera-bridgesii__01,schlumbergera-bridgesii,grid2x2,rotate_-15,rotate,Christmas Cactus (Schlumbergera bridgesii),0.5184,Anthurium (Anthurium andraeanum),0.2362,0.2822,schlumbergera-bridgesii,"schlumbergera-bridgesii|anthurium-andraeanum|chamaedorea-elegans",true,low-conf,false,335,
schlumbergera-bridgesii__01,schlumbergera-bridgesii,grid2x2_3x3,rotate_-15,rotate,Christmas Cactus (Schlumbergera bridgesii),0.5314,Parlor Palm (Chamaedorea elegans),0.2007,0.3307,schlumbergera-bridgesii,"schlumbergera-bridgesii|chamaedorea-elegans|anthurium-andraeanum",true,high-conf,false,493,
schlumbergera-bridgesii__01,schlumbergera-bridgesii,tta6,rotate_+90,rotate,Christmas Cactus (Schlumbergera bridgesii),0.8384,Anthurium (Anthurium andraeanum),0.1606,0.6778,schlumbergera-bridgesii,"schlumbergera-bridgesii|anthurium-andraeanum|begonia",true,high-conf,false,139,
schlumbergera-bridgesii__01,schlumbergera-bridgesii,grid2x2,rotate_+90,rotate,Christmas Cactus (Schlumbergera bridgesii),0.7037,Anthurium (Anthurium andraeanum),0.1493,0.5544,schlumbergera-bridgesii,"schlumbergera-bridgesii|anthurium-andraeanum|chamaedorea-elegans",true,high-conf,false,215,
schlumbergera-bridgesii__01,schlumbergera-bridgesii,grid2x2_3x3,rotate_+90,rotate,Christmas Cactus (Schlumbergera bridgesii),0.5832,Aloe Vera,0.1549,0.4283,schlumbergera-bridgesii,"schlumbergera-bridgesii|aloe-vera|chamaedorea-elegans",true,high-conf,false,539,
schlumbergera-bridgesii__01,schlumbergera-bridgesii,tta6,rotate_-90,rotate,Christmas Cactus (Schlumbergera bridgesii),1.0000,Begonia (Begonia spp.),0.0000,1.0000,schlumbergera-bridgesii,"schlumbergera-bridgesii|begonia|anthurium-andraeanum",true,high-conf,false,184,
schlumbergera-bridgesii__01,schlumbergera-bridgesii,grid2x2,rotate_-90,rotate,Christmas Cactus (Schlumbergera bridgesii),0.9000,Parlor Palm (Chamaedorea elegans),0.1000,0.8000,schlumbergera-bridgesii,"schlumbergera-bridgesii|chamaedorea-elegans|spathiphyllum-wallisii",true,high-conf,false,321,
schlumbergera-bridgesii__01,schlumbergera-bridgesii,grid2x2_3x3,rotate_-90,rotate,Christmas Cactus (Schlumbergera bridgesii),0.6843,Parlor Palm (Chamaedorea elegans),0.1063,0.5780,schlumbergera-bridgesii,"schlumbergera-bridgesii|chamaedorea-elegans|aloe-vera",true,high-conf,false,508,
schlumbergera-bridgesii__01,schlumbergera-bridgesii,tta6,bright_up,brightness,Christmas Cactus (Schlumbergera bridgesii),0.9194,Anthurium (Anthurium andraeanum),0.0771,0.8423,schlumbergera-bridgesii,"schlumbergera-bridgesii|anthurium-andraeanum|begonia",true,high-conf,false,116,
schlumbergera-bridgesii__01,schlumbergera-bridgesii,grid2x2,bright_up,brightness,Christmas Cactus (Schlumbergera bridgesii),0.7516,Aloe Vera,0.0993,0.6524,schlumbergera-bridgesii,"schlumbergera-bridgesii|aloe-vera|asparagus-setaceus",true,high-conf,false,227,
schlumbergera-bridgesii__01,schlumbergera-bridgesii,grid2x2_3x3,bright_up,brightness,Christmas Cactus (Schlumbergera bridgesii),0.6585,Aloe Vera,0.1617,0.4968,schlumbergera-bridgesii,"schlumbergera-bridgesii|aloe-vera|chamaedorea-elegans",true,high-conf,false,545,
schlumbergera-bridgesii__01,schlumbergera-bridgesii,tta6,bright_down,brightness,Christmas Cactus (Schlumbergera bridgesii),0.8756,Begonia (Begonia spp.),0.1085,0.7671,schlumbergera-bridgesii,"schlumbergera-bridgesii|begonia|anthurium-andraeanum",true,high-conf,false,225,
schlumbergera-bridgesii__01,schlumbergera-bridgesii,grid2x2,bright_down,brightness,Christmas Cactus (Schlumbergera bridgesii),0.7254,Parlor Palm (Chamaedorea elegans),0.0998,0.6256,schlumbergera-bridgesii,"schlumbergera-bridgesii|chamaedorea-elegans|begonia",true,high-conf,false,231,
schlumbergera-bridgesii__01,schlumbergera-bridgesii,grid2x2_3x3,bright_down,brightness,Christmas Cactus (Schlumbergera bridgesii),0.6440,Parlor Palm (Chamaedorea elegans),0.1896,0.4543,schlumbergera-bridgesii,"schlumbergera-bridgesii|chamaedorea-elegans|aspidistra-elatior",true,high-conf,false,670,
schlumbergera-bridgesii__01,schlumbergera-bridgesii,tta6,contrast_up,contrast,Christmas Cactus (Schlumbergera bridgesii),0.8469,Anthurium (Anthurium andraeanum),0.1433,0.7036,schlumbergera-bridgesii,"schlumbergera-bridgesii|anthurium-andraeanum|begonia",true,high-conf,false,151,
schlumbergera-bridgesii__01,schlumbergera-bridgesii,grid2x2,contrast_up,contrast,Christmas Cactus (Schlumbergera bridgesii),0.7082,Parlor Palm (Chamaedorea elegans),0.0998,0.6084,schlumbergera-bridgesii,"schlumbergera-bridgesii|chamaedorea-elegans|anthurium-andraeanum",true,high-conf,false,305,
schlumbergera-bridgesii__01,schlumbergera-bridgesii,grid2x2_3x3,contrast_up,contrast,Christmas Cactus (Schlumbergera bridgesii),0.6343,Cast Iron Plant (Aspidistra elatior),0.1327,0.5016,schlumbergera-bridgesii,"schlumbergera-bridgesii|aspidistra-elatior|chamaedorea-elegans",true,high-conf,false,523,
schlumbergera-bridgesii__01,schlumbergera-bridgesii,tta6,contrast_down,contrast,Christmas Cactus (Schlumbergera bridgesii),0.9589,Anthurium (Anthurium andraeanum),0.0353,0.9236,schlumbergera-bridgesii,"schlumbergera-bridgesii|anthurium-andraeanum|begonia",true,high-conf,false,151,
schlumbergera-bridgesii__01,schlumbergera-bridgesii,grid2x2,contrast_down,contrast,Christmas Cactus (Schlumbergera bridgesii),0.7755,Aloe Vera,0.0590,0.7165,schlumbergera-bridgesii,"schlumbergera-bridgesii|aloe-vera|aspidistra-elatior",true,high-conf,false,342,
schlumbergera-bridgesii__01,schlumbergera-bridgesii,grid2x2_3x3,contrast_down,contrast,Christmas Cactus (Schlumbergera bridgesii),0.6707,Aloe Vera,0.1420,0.5287,schlumbergera-bridgesii,"schlumbergera-bridgesii|aloe-vera|chamaedorea-elegans",true,high-conf,false,575,
spathiphyllum-wallisii,spathiphyllum-wallisii,tta6,clean,clean,Boston Fern (Nephrolepis exaltata),0.4628,ZZ Plant (Zamioculcas zamiifolia),0.2541,0.2087,nephrolepis-exaltata,"nephrolepis-exaltata|zamioculcas-zamiifolia|spathiphyllum-wallisii",true,low-conf,false,202,
spathiphyllum-wallisii,spathiphyllum-wallisii,grid2x2,clean,clean,Boston Fern (Nephrolepis exaltata),0.3658,ZZ Plant (Zamioculcas zamiifolia),0.1827,0.1831,nephrolepis-exaltata,"nephrolepis-exaltata|zamioculcas-zamiifolia|chamaedorea-elegans",true,low-conf,false,216,
spathiphyllum-wallisii,spathiphyllum-wallisii,grid2x2_3x3,clean,clean,Boston Fern (Nephrolepis exaltata),0.2453,ZZ Plant (Zamioculcas zamiifolia),0.1738,0.0715,nephrolepis-exaltata,"nephrolepis-exaltata|zamioculcas-zamiifolia|spathiphyllum-wallisii",true,low-conf,false,470,
spathiphyllum-wallisii,spathiphyllum-wallisii,tta6,blur,blur,ZZ Plant (Zamioculcas zamiifolia),0.6703,Prayer Plant (Maranta leuconeura),0.1500,0.5203,zamioculcas-zamiifolia,"zamioculcas-zamiifolia|maranta-leuconeura|spathiphyllum-wallisii",true,high-conf,true,172,
spathiphyllum-wallisii,spathiphyllum-wallisii,grid2x2,blur,blur,ZZ Plant (Zamioculcas zamiifolia),0.4051,Aloe Vera,0.1762,0.2289,zamioculcas-zamiifolia,"zamioculcas-zamiifolia|aloe-vera|spathiphyllum-wallisii",true,low-conf,false,362,
spathiphyllum-wallisii,spathiphyllum-wallisii,grid2x2_3x3,blur,blur,ZZ Plant (Zamioculcas zamiifolia),0.2261,Aloe Vera,0.2009,0.0252,zamioculcas-zamiifolia,"zamioculcas-zamiifolia|aloe-vera|spathiphyllum-wallisii",true,low-conf,false,534,
spathiphyllum-wallisii,spathiphyllum-wallisii,tta6,crop_center_zoom,crop,Boston Fern (Nephrolepis exaltata),0.7807,ZZ Plant (Zamioculcas zamiifolia),0.1461,0.6346,nephrolepis-exaltata,"nephrolepis-exaltata|zamioculcas-zamiifolia|chamaedorea-elegans",true,high-conf,true,146,
spathiphyllum-wallisii,spathiphyllum-wallisii,grid2x2,crop_center_zoom,crop,Boston Fern (Nephrolepis exaltata),0.5677,ZZ Plant (Zamioculcas zamiifolia),0.1881,0.3796,nephrolepis-exaltata,"nephrolepis-exaltata|zamioculcas-zamiifolia|aloe-vera",true,high-conf,true,276,
spathiphyllum-wallisii,spathiphyllum-wallisii,grid2x2_3x3,crop_center_zoom,crop,Boston Fern (Nephrolepis exaltata),0.2999,ZZ Plant (Zamioculcas zamiifolia),0.1897,0.1102,nephrolepis-exaltata,"nephrolepis-exaltata|zamioculcas-zamiifolia|asparagus-setaceus",true,low-conf,false,549,
spathiphyllum-wallisii,spathiphyllum-wallisii,tta6,crop_offcenter_zoom,crop,Boston Fern (Nephrolepis exaltata),0.8324,ZZ Plant (Zamioculcas zamiifolia),0.1481,0.6843,nephrolepis-exaltata,"nephrolepis-exaltata|zamioculcas-zamiifolia|aloe-vera",true,high-conf,true,144,
spathiphyllum-wallisii,spathiphyllum-wallisii,grid2x2,crop_offcenter_zoom,crop,Boston Fern (Nephrolepis exaltata),0.5994,Aloe Vera,0.1454,0.4541,nephrolepis-exaltata,"nephrolepis-exaltata|aloe-vera|maranta-leuconeura",true,high-conf,true,236,
spathiphyllum-wallisii,spathiphyllum-wallisii,grid2x2_3x3,crop_offcenter_zoom,crop,Boston Fern (Nephrolepis exaltata),0.3680,Aloe Vera,0.1670,0.2010,nephrolepis-exaltata,"nephrolepis-exaltata|aloe-vera|spathiphyllum-wallisii",true,low-conf,false,479,
spathiphyllum-wallisii,spathiphyllum-wallisii,tta6,rotate_+15,rotate,Boston Fern (Nephrolepis exaltata),0.4887,Peace lily,0.4602,0.0285,nephrolepis-exaltata,"nephrolepis-exaltata|spathiphyllum-wallisii|zamioculcas-zamiifolia",true,low-conf,false,176,
spathiphyllum-wallisii,spathiphyllum-wallisii,grid2x2,rotate_+15,rotate,Peace lily,0.3628,Boston Fern (Nephrolepis exaltata),0.2985,0.0642,spathiphyllum-wallisii,"spathiphyllum-wallisii|nephrolepis-exaltata|cycas-revoluta",true,low-conf,false,243,
spathiphyllum-wallisii,spathiphyllum-wallisii,grid2x2_3x3,rotate_+15,rotate,Peace lily,0.2653,Boston Fern (Nephrolepis exaltata),0.1738,0.0916,spathiphyllum-wallisii,"spathiphyllum-wallisii|nephrolepis-exaltata|maranta-leuconeura",true,low-conf,false,480,
spathiphyllum-wallisii,spathiphyllum-wallisii,tta6,rotate_-15,rotate,Daffodils (Narcissus spp.),0.6355,Chrysanthemum,0.3302,0.3053,nephrolepis-exaltata,"nephrolepis-exaltata|chamaedorea-elegans|dionaea-muscipula",true,low-conf,false,118,
spathiphyllum-wallisii,spathiphyllum-wallisii,grid2x2,rotate_-15,rotate,Daffodils (Narcissus spp.),0.3813,Chrysanthemum,0.1981,0.1832,zamioculcas-zamiifolia,"zamioculcas-zamiifolia|nephrolepis-exaltata|aloe-vera",true,low-conf,false,232,
spathiphyllum-wallisii,spathiphyllum-wallisii,grid2x2_3x3,rotate_-15,rotate,Daffodils (Narcissus spp.),0.2007,Peace lily,0.1182,0.0824,spathiphyllum-wallisii,"spathiphyllum-wallisii|nephrolepis-exaltata|aloe-vera",true,low-conf,false,488,
spathiphyllum-wallisii,spathiphyllum-wallisii,tta6,rotate_+90,rotate,Peace lily,0.9430,Daffodils (Narcissus spp.),0.0325,0.9105,spathiphyllum-wallisii,"spathiphyllum-wallisii|aspidistra-elatior|schlumbergera-bridgesii",true,high-conf,false,168,
spathiphyllum-wallisii,spathiphyllum-wallisii,grid2x2,rotate_+90,rotate,Peace lily,0.7668,Aloe Vera,0.1066,0.6602,spathiphyllum-wallisii,"spathiphyllum-wallisii|aloe-vera|chamaedorea-elegans",true,high-conf,false,320,
spathiphyllum-wallisii,spathiphyllum-wallisii,grid2x2_3x3,rotate_+90,rotate,Peace lily,0.5716,Aloe Vera,0.1602,0.4114,spathiphyllum-wallisii,"spathiphyllum-wallisii|aloe-vera|chamaedorea-elegans",true,high-conf,false,564,
spathiphyllum-wallisii,spathiphyllum-wallisii,tta6,rotate_-90,rotate,Peace lily,0.8704,Daffodils (Narcissus spp.),0.0960,0.7744,spathiphyllum-wallisii,"spathiphyllum-wallisii|crassula-ovata|aglaonema",true,high-conf,false,138,
spathiphyllum-wallisii,spathiphyllum-wallisii,grid2x2,rotate_-90,rotate,Peace lily,0.7424,Hyacinth (Hyacinthus orientalis),0.0823,0.6602,spathiphyllum-wallisii,"spathiphyllum-wallisii|aloe-vera|chamaedorea-elegans",true,high-conf,false,254,
spathiphyllum-wallisii,spathiphyllum-wallisii,grid2x2_3x3,rotate_-90,rotate,Peace lily,0.5657,Hyacinth (Hyacinthus orientalis),0.0915,0.4742,spathiphyllum-wallisii,"spathiphyllum-wallisii|zamioculcas-zamiifolia|asparagus-setaceus",true,high-conf,false,566,
spathiphyllum-wallisii,spathiphyllum-wallisii,tta6,bright_up,brightness,Boston Fern (Nephrolepis exaltata),0.4487,ZZ Plant (Zamioculcas zamiifolia),0.3180,0.1307,nephrolepis-exaltata,"nephrolepis-exaltata|zamioculcas-zamiifolia|spathiphyllum-wallisii",true,low-conf,false,244,
spathiphyllum-wallisii,spathiphyllum-wallisii,grid2x2,bright_up,brightness,Boston Fern (Nephrolepis exaltata),0.3692,ZZ Plant (Zamioculcas zamiifolia),0.2683,0.1008,nephrolepis-exaltata,"nephrolepis-exaltata|zamioculcas-zamiifolia|spathiphyllum-wallisii",true,low-conf,false,277,
spathiphyllum-wallisii,spathiphyllum-wallisii,grid2x2_3x3,bright_up,brightness,Boston Fern (Nephrolepis exaltata),0.2595,Peace lily,0.2196,0.0400,nephrolepis-exaltata,"nephrolepis-exaltata|spathiphyllum-wallisii|zamioculcas-zamiifolia",true,low-conf,false,518,
spathiphyllum-wallisii,spathiphyllum-wallisii,tta6,bright_down,brightness,Boston Fern (Nephrolepis exaltata),0.3964,ZZ Plant (Zamioculcas zamiifolia),0.2653,0.1311,nephrolepis-exaltata,"nephrolepis-exaltata|zamioculcas-zamiifolia|spathiphyllum-wallisii",true,low-conf,false,154,
spathiphyllum-wallisii,spathiphyllum-wallisii,grid2x2,bright_down,brightness,Boston Fern (Nephrolepis exaltata),0.3082,ZZ Plant (Zamioculcas zamiifolia),0.2147,0.0936,nephrolepis-exaltata,"nephrolepis-exaltata|zamioculcas-zamiifolia|spathiphyllum-wallisii",true,low-conf,false,308,
spathiphyllum-wallisii,spathiphyllum-wallisii,grid2x2_3x3,bright_down,brightness,ZZ Plant (Zamioculcas zamiifolia),0.2177,Boston Fern (Nephrolepis exaltata),0.2149,0.0028,zamioculcas-zamiifolia,"zamioculcas-zamiifolia|nephrolepis-exaltata|spathiphyllum-wallisii",true,low-conf,false,611,
spathiphyllum-wallisii,spathiphyllum-wallisii,tta6,contrast_up,contrast,Peace lily,0.4439,Boston Fern (Nephrolepis exaltata),0.2986,0.1453,spathiphyllum-wallisii,"spathiphyllum-wallisii|nephrolepis-exaltata|zamioculcas-zamiifolia",true,low-conf,false,134,
spathiphyllum-wallisii,spathiphyllum-wallisii,grid2x2,contrast_up,contrast,Peace lily,0.2696,Boston Fern (Nephrolepis exaltata),0.2170,0.0526,spathiphyllum-wallisii,"spathiphyllum-wallisii|nephrolepis-exaltata|zamioculcas-zamiifolia",true,low-conf,false,267,
spathiphyllum-wallisii,spathiphyllum-wallisii,grid2x2_3x3,contrast_up,contrast,Peace lily,0.2522,Boston Fern (Nephrolepis exaltata),0.1646,0.0877,spathiphyllum-wallisii,"spathiphyllum-wallisii|nephrolepis-exaltata|zamioculcas-zamiifolia",true,low-conf,false,460,
spathiphyllum-wallisii,spathiphyllum-wallisii,tta6,contrast_down,contrast,Boston Fern (Nephrolepis exaltata),0.3717,ZZ Plant (Zamioculcas zamiifolia),0.3202,0.0515,nephrolepis-exaltata,"nephrolepis-exaltata|zamioculcas-zamiifolia|spathiphyllum-wallisii",true,low-conf,false,167,
spathiphyllum-wallisii,spathiphyllum-wallisii,grid2x2,contrast_down,contrast,Boston Fern (Nephrolepis exaltata),0.3209,ZZ Plant (Zamioculcas zamiifolia),0.2942,0.0267,nephrolepis-exaltata,"nephrolepis-exaltata|zamioculcas-zamiifolia|chamaedorea-elegans",true,low-conf,false,255,
spathiphyllum-wallisii,spathiphyllum-wallisii,grid2x2_3x3,contrast_down,contrast,ZZ Plant (Zamioculcas zamiifolia),0.2495,Boston Fern (Nephrolepis exaltata),0.2215,0.0280,zamioculcas-zamiifolia,"zamioculcas-zamiifolia|nephrolepis-exaltata|aloe-vera",true,low-conf,false,490,
spathiphyllum-wallisii__01,spathiphyllum-wallisii,tta6,clean,clean,Chinese evergreen (Aglaonema),0.2521,Birds Nest Fern (Asplenium nidus),0.2175,0.0345,aglaonema,"aglaonema|asplenium-nidus|dieffenbachia",true,low-conf,false,139,
spathiphyllum-wallisii__01,spathiphyllum-wallisii,grid2x2,clean,clean,Peace lily,0.1989,Chinese evergreen (Aglaonema),0.1632,0.0357,spathiphyllum-wallisii,"spathiphyllum-wallisii|aglaonema|asplenium-nidus",true,low-conf,false,280,
spathiphyllum-wallisii__01,spathiphyllum-wallisii,grid2x2_3x3,clean,clean,Peace lily,0.2151,Ponytail Palm (Beaucarnea recurvata),0.1518,0.0633,spathiphyllum-wallisii,"spathiphyllum-wallisii|beaucarnea-recurvata|asplenium-nidus",true,low-conf,false,591,
spathiphyllum-wallisii__01,spathiphyllum-wallisii,tta6,blur,blur,Chinese evergreen (Aglaonema),0.5066,Parlor Palm (Chamaedorea elegans),0.2347,0.2719,aglaonema,"aglaonema|chamaedorea-elegans|pachira-aquatica",true,low-conf,false,161,
spathiphyllum-wallisii__01,spathiphyllum-wallisii,grid2x2,blur,blur,Chinese evergreen (Aglaonema),0.3042,Parlor Palm (Chamaedorea elegans),0.1410,0.1632,aglaonema,"aglaonema|chamaedorea-elegans|maranta-leuconeura",true,low-conf,false,265,
spathiphyllum-wallisii__01,spathiphyllum-wallisii,grid2x2_3x3,blur,blur,Chinese evergreen (Aglaonema),0.1601,Parlor Palm (Chamaedorea elegans),0.1519,0.0082,aglaonema,"aglaonema|chamaedorea-elegans|goeppertia-orbifolia",true,low-conf,false,507,
spathiphyllum-wallisii__01,spathiphyllum-wallisii,tta6,crop_center_zoom,crop,Birds Nest Fern (Asplenium nidus),0.3788,Schefflera,0.2737,0.1051,asplenium-nidus,"asplenium-nidus|schefflera|epipremnum-aureum",true,low-conf,false,174,
spathiphyllum-wallisii__01,spathiphyllum-wallisii,grid2x2,crop_center_zoom,crop,Birds Nest Fern (Asplenium nidus),0.3555,Pothos (Ivy arum),0.1971,0.1584,asplenium-nidus,"asplenium-nidus|epipremnum-aureum|schefflera",true,low-conf,false,295,
spathiphyllum-wallisii__01,spathiphyllum-wallisii,grid2x2_3x3,crop_center_zoom,crop,Birds Nest Fern (Asplenium nidus),0.2239,Ctenanthe,0.1704,0.0535,asplenium-nidus,"asplenium-nidus|ctenanthe|epipremnum-aureum",true,low-conf,false,519,
spathiphyllum-wallisii__01,spathiphyllum-wallisii,tta6,crop_offcenter_zoom,crop,Ctenanthe,0.4472,Pothos (Ivy arum),0.3441,0.1031,ctenanthe,"ctenanthe|epipremnum-aureum|spathiphyllum-wallisii",true,low-conf,false,148,
spathiphyllum-wallisii__01,spathiphyllum-wallisii,grid2x2,crop_offcenter_zoom,crop,Ctenanthe,0.3636,Peace lily,0.3142,0.0493,ctenanthe,"ctenanthe|spathiphyllum-wallisii|epipremnum-aureum",true,low-conf,false,255,
spathiphyllum-wallisii__01,spathiphyllum-wallisii,grid2x2_3x3,crop_offcenter_zoom,crop,Ctenanthe,0.2796,Peace lily,0.2049,0.0746,ctenanthe,"ctenanthe|spathiphyllum-wallisii|epipremnum-aureum",true,low-conf,false,539,
spathiphyllum-wallisii__01,spathiphyllum-wallisii,tta6,rotate_+15,rotate,Chinese evergreen (Aglaonema),0.4110,Pothos (Ivy arum),0.2547,0.1563,aglaonema,"aglaonema|epipremnum-aureum|dieffenbachia",true,low-conf,false,201,
spathiphyllum-wallisii__01,spathiphyllum-wallisii,grid2x2,rotate_+15,rotate,Pothos (Ivy arum),0.2967,Chinese evergreen (Aglaonema),0.2468,0.0500,epipremnum-aureum,"epipremnum-aureum|aglaonema|zamioculcas-zamiifolia",true,low-conf,false,243,
spathiphyllum-wallisii__01,spathiphyllum-wallisii,grid2x2_3x3,rotate_+15,rotate,Pothos (Ivy arum),0.2129,Chinese evergreen (Aglaonema),0.1826,0.0302,epipremnum-aureum,"epipremnum-aureum|aglaonema|zamioculcas-zamiifolia",true,low-conf,false,590,
spathiphyllum-wallisii__01,spathiphyllum-wallisii,tta6,rotate_-15,rotate,ZZ Plant (Zamioculcas zamiifolia),0.2929,Dumb Cane (Dieffenbachia spp.),0.2360,0.0569,zamioculcas-zamiifolia,"zamioculcas-zamiifolia|dieffenbachia|schefflera",true,low-conf,false,187,
spathiphyllum-wallisii__01,spathiphyllum-wallisii,grid2x2,rotate_-15,rotate,ZZ Plant (Zamioculcas zamiifolia),0.2758,Dumb Cane (Dieffenbachia spp.),0.1417,0.1342,zamioculcas-zamiifolia,"zamioculcas-zamiifolia|dieffenbachia|schefflera",true,low-conf,false,289,
spathiphyllum-wallisii__01,spathiphyllum-wallisii,grid2x2_3x3,rotate_-15,rotate,ZZ Plant (Zamioculcas zamiifolia),0.1533,English Ivy (Hedera helix),0.0926,0.0608,zamioculcas-zamiifolia,"zamioculcas-zamiifolia|hedera-helix|schefflera",true,low-conf,false,460,
spathiphyllum-wallisii__01,spathiphyllum-wallisii,tta6,rotate_+90,rotate,Tradescantia,0.3858,Chinese evergreen (Aglaonema),0.3049,0.0809,tradescantia,"tradescantia|aglaonema|ctenanthe",true,low-conf,false,133,
spathiphyllum-wallisii__01,spathiphyllum-wallisii,grid2x2,rotate_+90,rotate,Tradescantia,0.2327,Ctenanthe,0.2280,0.0048,tradescantia,"tradescantia|ctenanthe|aglaonema",true,low-conf,false,197,
spathiphyllum-wallisii__01,spathiphyllum-wallisii,grid2x2_3x3,rotate_+90,rotate,Ctenanthe,0.1742,Tradescantia,0.1278,0.0464,ctenanthe,"ctenanthe|tradescantia|spathiphyllum-wallisii",true,low-conf,false,452,
spathiphyllum-wallisii__01,spathiphyllum-wallisii,tta6,rotate_-90,rotate,Chinese evergreen (Aglaonema),0.4627,Tradescantia,0.2275,0.2353,aglaonema,"aglaonema|tradescantia|ctenanthe",true,low-conf,false,155,
spathiphyllum-wallisii__01,spathiphyllum-wallisii,grid2x2,rotate_-90,rotate,Chinese evergreen (Aglaonema),0.2824,Ctenanthe,0.1918,0.0906,aglaonema,"aglaonema|ctenanthe|monstera-deliciosa",true,low-conf,false,397,
spathiphyllum-wallisii__01,spathiphyllum-wallisii,grid2x2_3x3,rotate_-90,rotate,Chinese evergreen (Aglaonema),0.1579,Ctenanthe,0.1506,0.0073,aglaonema,"aglaonema|ctenanthe|epipremnum-aureum",true,low-conf,false,494,
spathiphyllum-wallisii__01,spathiphyllum-wallisii,tta6,bright_up,brightness,Chinese evergreen (Aglaonema),0.4366,Schefflera,0.2655,0.1711,aglaonema,"aglaonema|schefflera|asplenium-nidus",true,low-conf,false,157,
spathiphyllum-wallisii__01,spathiphyllum-wallisii,grid2x2,bright_up,brightness,Chinese evergreen (Aglaonema),0.2634,Schefflera,0.2277,0.0357,aglaonema,"aglaonema|schefflera|spathiphyllum-wallisii",true,low-conf,false,218,
spathiphyllum-wallisii__01,spathiphyllum-wallisii,grid2x2_3x3,bright_up,brightness,Peace lily,0.1821,Schefflera,0.1717,0.0104,spathiphyllum-wallisii,"spathiphyllum-wallisii|schefflera|aglaonema",true,low-conf,false,535,
spathiphyllum-wallisii__01,spathiphyllum-wallisii,tta6,bright_down,brightness,Chinese evergreen (Aglaonema),0.4789,Rattlesnake Plant (Calathea lancifolia),0.2581,0.2207,aglaonema,"aglaonema|monstera-deliciosa|beaucarnea-recurvata",true,low-conf,false,162,
spathiphyllum-wallisii__01,spathiphyllum-wallisii,grid2x2,bright_down,brightness,Chinese evergreen (Aglaonema),0.3172,Peace lily,0.2004,0.1168,aglaonema,"aglaonema|spathiphyllum-wallisii|zamioculcas-zamiifolia",true,low-conf,false,247,
spathiphyllum-wallisii__01,spathiphyllum-wallisii,grid2x2_3x3,bright_down,brightness,Peace lily,0.2125,Chinese evergreen (Aglaonema),0.1670,0.0454,spathiphyllum-wallisii,"spathiphyllum-wallisii|aglaonema|beaucarnea-recurvata",true,low-conf,false,494,
spathiphyllum-wallisii__01,spathiphyllum-wallisii,tta6,contrast_up,contrast,Chinese evergreen (Aglaonema),0.4785,Rattlesnake Plant (Calathea lancifolia),0.3214,0.1571,aglaonema,"aglaonema|schefflera|asplenium-nidus",true,low-conf,false,200,
spathiphyllum-wallisii__01,spathiphyllum-wallisii,grid2x2,contrast_up,contrast,Chinese evergreen (Aglaonema),0.2891,Rattlesnake Plant (Calathea lancifolia),0.1929,0.0961,aglaonema,"aglaonema|epipremnum-aureum|spathiphyllum-wallisii",true,low-conf,false,228,
spathiphyllum-wallisii__01,spathiphyllum-wallisii,grid2x2_3x3,contrast_up,contrast,Peace lily,0.1589,Chinese evergreen (Aglaonema),0.1522,0.0066,spathiphyllum-wallisii,"spathiphyllum-wallisii|aglaonema|beaucarnea-recurvata",true,low-conf,false,527,
spathiphyllum-wallisii__01,spathiphyllum-wallisii,tta6,contrast_down,contrast,Chinese evergreen (Aglaonema),0.3026,Schefflera,0.2111,0.0915,aglaonema,"aglaonema|schefflera|beaucarnea-recurvata",true,low-conf,false,126,
spathiphyllum-wallisii__01,spathiphyllum-wallisii,grid2x2,contrast_down,contrast,Peace lily,0.2000,Chinese evergreen (Aglaonema),0.1927,0.0073,spathiphyllum-wallisii,"spathiphyllum-wallisii|aglaonema|beaucarnea-recurvata",true,low-conf,false,315,
spathiphyllum-wallisii__01,spathiphyllum-wallisii,grid2x2_3x3,contrast_down,contrast,Peace lily,0.2208,Ponytail Palm (Beaucarnea recurvata),0.1313,0.0895,spathiphyllum-wallisii,"spathiphyllum-wallisii|beaucarnea-recurvata|schefflera",true,low-conf,false,893,
strelitzia-reginae__01,strelitzia-reginae,tta6,clean,clean,Bird of Paradise (Strelitzia reginae),1.0000,Rubber Plant (Ficus elastica),0.0000,1.0000,strelitzia-reginae,"strelitzia-reginae|ficus-elastica|pachira-aquatica",true,high-conf,false,183,
strelitzia-reginae__01,strelitzia-reginae,grid2x2,clean,clean,Bird of Paradise (Strelitzia reginae),0.6666,Tradescantia,0.2130,0.4536,strelitzia-reginae,"strelitzia-reginae|tradescantia|pachira-aquatica",true,high-conf,false,227,
strelitzia-reginae__01,strelitzia-reginae,grid2x2_3x3,clean,clean,Bird of Paradise (Strelitzia reginae),0.4031,Tradescantia,0.2717,0.1314,strelitzia-reginae,"strelitzia-reginae|tradescantia|ctenanthe",true,low-conf,false,1000,
strelitzia-reginae__01,strelitzia-reginae,tta6,blur,blur,Bird of Paradise (Strelitzia reginae),0.9975,Asparagus Fern (Asparagus setaceus),0.0025,0.9950,strelitzia-reginae,"strelitzia-reginae|asparagus-setaceus|tradescantia",true,high-conf,false,240,
strelitzia-reginae__01,strelitzia-reginae,grid2x2,blur,blur,Bird of Paradise (Strelitzia reginae),0.7986,English Ivy (Hedera helix),0.0821,0.7165,strelitzia-reginae,"strelitzia-reginae|hedera-helix|aspidistra-elatior",true,high-conf,false,274,
strelitzia-reginae__01,strelitzia-reginae,grid2x2_3x3,blur,blur,Bird of Paradise (Strelitzia reginae),0.5537,English Ivy (Hedera helix),0.1912,0.3625,strelitzia-reginae,"strelitzia-reginae|hedera-helix|tradescantia",true,high-conf,false,594,
strelitzia-reginae__01,strelitzia-reginae,tta6,crop_center_zoom,crop,Bird of Paradise (Strelitzia reginae),0.7184,Tradescantia,0.2815,0.4369,strelitzia-reginae,"strelitzia-reginae|tradescantia|ctenanthe",true,high-conf,false,303,
strelitzia-reginae__01,strelitzia-reginae,grid2x2,crop_center_zoom,crop,Bird of Paradise (Strelitzia reginae),0.4905,Tradescantia,0.3719,0.1186,strelitzia-reginae,"strelitzia-reginae|tradescantia|alocasia",true,low-conf,false,488,
strelitzia-reginae__01,strelitzia-reginae,grid2x2_3x3,crop_center_zoom,crop,Tradescantia,0.4436,Bird of Paradise (Strelitzia reginae),0.2582,0.1854,tradescantia,"tradescantia|strelitzia-reginae|alocasia",true,low-conf,false,996,
strelitzia-reginae__01,strelitzia-reginae,tta6,crop_offcenter_zoom,crop,Tradescantia,0.7071,Bird of Paradise (Strelitzia reginae),0.1888,0.5182,tradescantia,"tradescantia|strelitzia-reginae|pachira-aquatica",true,high-conf,true,323,
strelitzia-reginae__01,strelitzia-reginae,grid2x2,crop_offcenter_zoom,crop,Tradescantia,0.6564,Bird of Paradise (Strelitzia reginae),0.1750,0.4814,tradescantia,"tradescantia|strelitzia-reginae|pachira-aquatica",true,high-conf,true,433,
strelitzia-reginae__01,strelitzia-reginae,grid2x2_3x3,crop_offcenter_zoom,crop,Tradescantia,0.5003,Bird of Paradise (Strelitzia reginae),0.1448,0.3555,tradescantia,"tradescantia|strelitzia-reginae|hedera-helix",true,high-conf,true,606,
strelitzia-reginae__01,strelitzia-reginae,tta6,rotate_+15,rotate,Bird of Paradise (Strelitzia reginae),0.9999,Money Tree (Pachira aquatica),0.0001,0.9999,strelitzia-reginae,"strelitzia-reginae|pachira-aquatica|dracaena-trifasciata",true,high-conf,false,212,
strelitzia-reginae__01,strelitzia-reginae,grid2x2,rotate_+15,rotate,Bird of Paradise (Strelitzia reginae),0.6503,Snake plant (Sanseviera),0.1100,0.5403,strelitzia-reginae,"strelitzia-reginae|dracaena-trifasciata|hedera-helix",true,high-conf,false,550,
strelitzia-reginae__01,strelitzia-reginae,grid2x2_3x3,rotate_+15,rotate,Bird of Paradise (Strelitzia reginae),0.3949,Tradescantia,0.2295,0.1654,strelitzia-reginae,"strelitzia-reginae|tradescantia|dracaena-trifasciata",true,low-conf,false,776,
strelitzia-reginae__01,strelitzia-reginae,tta6,rotate_-15,rotate,Bird of Paradise (Strelitzia reginae),0.9326,Snake plant (Sanseviera),0.0230,0.9096,strelitzia-reginae,"strelitzia-reginae|dracaena-trifasciata|pachira-aquatica",true,high-conf,false,192,
strelitzia-reginae__01,strelitzia-reginae,grid2x2,rotate_-15,rotate,Bird of Paradise (Strelitzia reginae),0.5599,Tradescantia,0.2733,0.2866,strelitzia-reginae,"strelitzia-reginae|tradescantia|dracaena-trifasciata",true,low-conf,false,644,
strelitzia-reginae__01,strelitzia-reginae,grid2x2_3x3,rotate_-15,rotate,Bird of Paradise (Strelitzia reginae),0.3508,Tradescantia,0.3040,0.0469,strelitzia-reginae,"strelitzia-reginae|tradescantia|dracaena-trifasciata",true,low-conf,false,674,
strelitzia-reginae__01,strelitzia-reginae,tta6,rotate_+90,rotate,Bird of Paradise (Strelitzia reginae),1.0000,Ctenanthe,0.0000,1.0000,strelitzia-reginae,"strelitzia-reginae|ctenanthe|dionaea-muscipula",true,high-conf,false,150,
strelitzia-reginae__01,strelitzia-reginae,grid2x2,rotate_+90,rotate,Bird of Paradise (Strelitzia reginae),0.6129,Tradescantia,0.1023,0.5107,strelitzia-reginae,"strelitzia-reginae|tradescantia|dracaena",true,high-conf,false,331,
strelitzia-reginae__01,strelitzia-reginae,grid2x2_3x3,rotate_+90,rotate,Bird of Paradise (Strelitzia reginae),0.3228,Tradescantia,0.2259,0.0968,strelitzia-reginae,"strelitzia-reginae|tradescantia|goeppertia-orbifolia",true,low-conf,false,535,
strelitzia-reginae__01,strelitzia-reginae,tta6,rotate_-90,rotate,Bird of Paradise (Strelitzia reginae),0.9957,Rubber Plant (Ficus elastica),0.0042,0.9915,strelitzia-reginae,"strelitzia-reginae|ficus-elastica|tradescantia",true,high-conf,false,159,
strelitzia-reginae__01,strelitzia-reginae,grid2x2,rotate_-90,rotate,Bird of Paradise (Strelitzia reginae),0.7079,Ctenanthe,0.1537,0.5542,strelitzia-reginae,"strelitzia-reginae|ctenanthe|tradescantia",true,high-conf,false,307,
strelitzia-reginae__01,strelitzia-reginae,grid2x2_3x3,rotate_-90,rotate,Bird of Paradise (Strelitzia reginae),0.3735,Ctenanthe,0.2481,0.1254,strelitzia-reginae,"strelitzia-reginae|ctenanthe|tradescantia",true,low-conf,false,997,
strelitzia-reginae__01,strelitzia-reginae,tta6,bright_up,brightness,Bird of Paradise (Strelitzia reginae),1.0000,Tradescantia,0.0000,0.9999,strelitzia-reginae,"strelitzia-reginae|tradescantia|ficus-elastica",true,high-conf,false,220,
strelitzia-reginae__01,strelitzia-reginae,grid2x2,bright_up,brightness,Bird of Paradise (Strelitzia reginae),0.7372,Tradescantia,0.2574,0.4798,strelitzia-reginae,"strelitzia-reginae|tradescantia|pachira-aquatica",true,high-conf,false,1065,
strelitzia-reginae__01,strelitzia-reginae,grid2x2_3x3,bright_up,brightness,Bird of Paradise (Strelitzia reginae),0.3884,Tradescantia,0.3507,0.0377,strelitzia-reginae,"strelitzia-reginae|tradescantia|aloe-vera",true,low-conf,false,1471,
strelitzia-reginae__01,strelitzia-reginae,tta6,bright_down,brightness,Bird of Paradise (Strelitzia reginae),1.0000,Tradescantia,0.0000,1.0000,strelitzia-reginae,"strelitzia-reginae|tradescantia|pachira-aquatica",true,high-conf,false,1076,
strelitzia-reginae__01,strelitzia-reginae,grid2x2,bright_down,brightness,Bird of Paradise (Strelitzia reginae),0.6531,Tradescantia,0.2326,0.4205,strelitzia-reginae,"strelitzia-reginae|tradescantia|dracaena",true,high-conf,false,1500,
strelitzia-reginae__01,strelitzia-reginae,grid2x2_3x3,bright_down,brightness,Bird of Paradise (Strelitzia reginae),0.3627,Tradescantia,0.3588,0.0039,strelitzia-reginae,"strelitzia-reginae|tradescantia|pachira-aquatica",true,low-conf,false,2686,
strelitzia-reginae__01,strelitzia-reginae,tta6,contrast_up,contrast,Bird of Paradise (Strelitzia reginae),1.0000,Tradescantia,0.0000,1.0000,strelitzia-reginae,"strelitzia-reginae|tradescantia|pachira-aquatica",true,high-conf,false,495,
strelitzia-reginae__01,strelitzia-reginae,grid2x2,contrast_up,contrast,Bird of Paradise (Strelitzia reginae),0.7100,Tradescantia,0.1714,0.5387,strelitzia-reginae,"strelitzia-reginae|tradescantia|pachira-aquatica",true,high-conf,false,644,
strelitzia-reginae__01,strelitzia-reginae,grid2x2_3x3,contrast_up,contrast,Bird of Paradise (Strelitzia reginae),0.4845,Tradescantia,0.2122,0.2723,strelitzia-reginae,"strelitzia-reginae|tradescantia|pachira-aquatica",true,low-conf,false,1311,
strelitzia-reginae__01,strelitzia-reginae,tta6,contrast_down,contrast,Bird of Paradise (Strelitzia reginae),0.9988,Rubber Plant (Ficus elastica),0.0011,0.9977,strelitzia-reginae,"strelitzia-reginae|ficus-elastica|tradescantia",true,high-conf,false,433,
strelitzia-reginae__01,strelitzia-reginae,grid2x2,contrast_down,contrast,Bird of Paradise (Strelitzia reginae),0.6013,Tradescantia,0.3540,0.2473,strelitzia-reginae,"strelitzia-reginae|tradescantia|pachira-aquatica",true,low-conf,false,1163,
strelitzia-reginae__01,strelitzia-reginae,grid2x2_3x3,contrast_down,contrast,Tradescantia,0.4347,Bird of Paradise (Strelitzia reginae),0.3165,0.1182,tradescantia,"tradescantia|strelitzia-reginae|ctenanthe",true,low-conf,false,860,
tradescantia__01,tradescantia,tta6,clean,clean,Tradescantia,0.9992,Calathea,0.0006,0.9987,tradescantia,"tradescantia|goeppertia-orbifolia|maranta-leuconeura",true,high-conf,false,226,
tradescantia__01,tradescantia,grid2x2,clean,clean,Tradescantia,0.9984,Begonia (Begonia spp.),0.0010,0.9974,tradescantia,"tradescantia|begonia|goeppertia-orbifolia",true,high-conf,false,498,
tradescantia__01,tradescantia,grid2x2_3x3,clean,clean,Tradescantia,0.7959,Aloe Vera,0.1621,0.6338,tradescantia,"tradescantia|aloe-vera|begonia",true,high-conf,false,708,
tradescantia__01,tradescantia,tta6,blur,blur,Tradescantia,0.9773,Begonia (Begonia spp.),0.0224,0.9549,tradescantia,"tradescantia|begonia|schefflera",true,high-conf,false,285,
tradescantia__01,tradescantia,grid2x2,blur,blur,Tradescantia,0.6445,Calathea,0.1872,0.4574,tradescantia,"tradescantia|goeppertia-orbifolia|begonia",true,high-conf,false,842,
tradescantia__01,tradescantia,grid2x2_3x3,blur,blur,Tradescantia,0.3394,Calathea,0.1867,0.1527,tradescantia,"tradescantia|goeppertia-orbifolia|aloe-vera",true,low-conf,false,1038,
tradescantia__01,tradescantia,tta6,crop_center_zoom,crop,Tradescantia,0.9982,Calathea,0.0017,0.9965,tradescantia,"tradescantia|goeppertia-orbifolia|schefflera",true,high-conf,false,389,
tradescantia__01,tradescantia,grid2x2,crop_center_zoom,crop,Tradescantia,0.9904,Pothos (Ivy arum),0.0043,0.9860,tradescantia,"tradescantia|epipremnum-aureum|crassula-ovata",true,high-conf,false,586,
tradescantia__01,tradescantia,grid2x2_3x3,crop_center_zoom,crop,Tradescantia,0.8494,Dumb Cane (Dieffenbachia spp.),0.0506,0.7988,tradescantia,"tradescantia|dieffenbachia|yucca",true,high-conf,false,991,
tradescantia__01,tradescantia,tta6,crop_offcenter_zoom,crop,Tradescantia,0.9708,Rubber Plant (Ficus elastica),0.0139,0.9569,tradescantia,"tradescantia|ficus-elastica|maranta-leuconeura",true,high-conf,false,233,
tradescantia__01,tradescantia,grid2x2,crop_offcenter_zoom,crop,Tradescantia,0.9175,Calathea,0.0634,0.8541,tradescantia,"tradescantia|goeppertia-orbifolia|ficus-elastica",true,high-conf,false,395,
tradescantia__01,tradescantia,grid2x2_3x3,crop_offcenter_zoom,crop,Tradescantia,0.6068,Calathea,0.1445,0.4624,tradescantia,"tradescantia|goeppertia-orbifolia|schlumbergera-bridgesii",true,high-conf,false,662,
tradescantia__01,tradescantia,tta6,rotate_+15,rotate,Tradescantia,0.9971,Prayer Plant (Maranta leuconeura),0.0027,0.9944,tradescantia,"tradescantia|maranta-leuconeura|goeppertia-orbifolia",true,high-conf,false,153,
tradescantia__01,tradescantia,grid2x2,rotate_+15,rotate,Tradescantia,0.9021,Christmas Cactus (Schlumbergera bridgesii),0.0476,0.8544,tradescantia,"tradescantia|schlumbergera-bridgesii|goeppertia-orbifolia",true,high-conf,false,396,
tradescantia__01,tradescantia,grid2x2_3x3,rotate_+15,rotate,Tradescantia,0.6830,Snake plant (Sanseviera),0.0821,0.6009,tradescantia,"tradescantia|dracaena-trifasciata|goeppertia-orbifolia",true,high-conf,false,637,
tradescantia__01,tradescantia,tta6,rotate_-15,rotate,Tradescantia,0.9989,Begonia (Begonia spp.),0.0010,0.9979,tradescantia,"tradescantia|begonia|goeppertia-orbifolia",true,high-conf,false,261,
tradescantia__01,tradescantia,grid2x2,rotate_-15,rotate,Tradescantia,0.9380,Aloe Vera,0.0264,0.9116,tradescantia,"tradescantia|aloe-vera|aspidistra-elatior",true,high-conf,false,552,
tradescantia__01,tradescantia,grid2x2_3x3,rotate_-15,rotate,Tradescantia,0.7000,Aloe Vera,0.1189,0.5812,tradescantia,"tradescantia|aloe-vera|dracaena-trifasciata",true,high-conf,false,901,
tradescantia__01,tradescantia,tta6,rotate_+90,rotate,Tradescantia,1.0000,Calathea,0.0000,1.0000,tradescantia,"tradescantia|goeppertia-orbifolia|maranta-leuconeura",true,high-conf,false,247,
tradescantia__01,tradescantia,grid2x2,rotate_+90,rotate,Tradescantia,0.8709,Snake plant (Sanseviera),0.0665,0.8043,tradescantia,"tradescantia|dracaena-trifasciata|kalanchoe",true,high-conf,false,359,
tradescantia__01,tradescantia,grid2x2_3x3,rotate_+90,rotate,Tradescantia,0.7096,Snake plant (Sanseviera),0.0916,0.6180,tradescantia,"tradescantia|dracaena-trifasciata|goeppertia-orbifolia",true,high-conf,false,730,
tradescantia__01,tradescantia,tta6,rotate_-90,rotate,Tradescantia,0.9979,Calathea,0.0021,0.9958,tradescantia,"tradescantia|goeppertia-orbifolia|begonia",true,high-conf,false,254,
tradescantia__01,tradescantia,grid2x2,rotate_-90,rotate,Tradescantia,0.8130,Kalanchoe,0.0998,0.7132,tradescantia,"tradescantia|kalanchoe|goeppertia-orbifolia",true,high-conf,false,473,
tradescantia__01,tradescantia,grid2x2_3x3,rotate_-90,rotate,Tradescantia,0.6151,Calathea,0.1225,0.4926,tradescantia,"tradescantia|goeppertia-orbifolia|aloe-vera",true,high-conf,false,735,
tradescantia__01,tradescantia,tta6,bright_up,brightness,Tradescantia,1.0000,Calathea,0.0000,0.9999,tradescantia,"tradescantia|goeppertia-orbifolia|maranta-leuconeura",true,high-conf,false,260,
tradescantia__01,tradescantia,grid2x2,bright_up,brightness,Tradescantia,0.9997,Prayer Plant (Maranta leuconeura),0.0001,0.9996,tradescantia,"tradescantia|maranta-leuconeura|goeppertia-orbifolia",true,high-conf,false,419,
tradescantia__01,tradescantia,grid2x2_3x3,bright_up,brightness,Tradescantia,0.8388,Aloe Vera,0.1481,0.6906,tradescantia,"tradescantia|aloe-vera|hedera-helix",true,high-conf,false,835,
tradescantia__01,tradescantia,tta6,bright_down,brightness,Tradescantia,0.9822,Calathea,0.0134,0.9688,tradescantia,"tradescantia|goeppertia-orbifolia|maranta-leuconeura",true,high-conf,false,116,
tradescantia__01,tradescantia,grid2x2,bright_down,brightness,Tradescantia,0.9564,Christmas Cactus (Schlumbergera bridgesii),0.0211,0.9353,tradescantia,"tradescantia|schlumbergera-bridgesii|goeppertia-orbifolia",true,high-conf,false,196,
tradescantia__01,tradescantia,grid2x2_3x3,bright_down,brightness,Tradescantia,0.7426,Aloe Vera,0.1249,0.6177,tradescantia,"tradescantia|aloe-vera|goeppertia-orbifolia",true,high-conf,false,569,
tradescantia__01,tradescantia,tta6,contrast_up,contrast,Tradescantia,0.9989,Calathea,0.0008,0.9981,tradescantia,"tradescantia|goeppertia-orbifolia|begonia",true,high-conf,false,154,
tradescantia__01,tradescantia,grid2x2,contrast_up,contrast,Tradescantia,0.9672,Calathea,0.0190,0.9481,tradescantia,"tradescantia|goeppertia-orbifolia|crassula-ovata",true,high-conf,false,205,
tradescantia__01,tradescantia,grid2x2_3x3,contrast_up,contrast,Tradescantia,0.7675,Aloe Vera,0.0662,0.7013,tradescantia,"tradescantia|aloe-vera|goeppertia-orbifolia",true,high-conf,false,325,
tradescantia__01,tradescantia,tta6,contrast_down,contrast,Tradescantia,0.9997,Prayer Plant (Maranta leuconeura),0.0002,0.9994,tradescantia,"tradescantia|maranta-leuconeura|goeppertia-orbifolia",true,high-conf,false,167,
tradescantia__01,tradescantia,grid2x2,contrast_down,contrast,Tradescantia,0.8795,Begonia (Begonia spp.),0.0998,0.7797,tradescantia,"tradescantia|begonia|schlumbergera-bridgesii",true,high-conf,false,308,
tradescantia__01,tradescantia,grid2x2_3x3,contrast_down,contrast,Tradescantia,0.6229,Aloe Vera,0.2071,0.4158,tradescantia,"tradescantia|aloe-vera|begonia",true,high-conf,false,351,
yucca__01,yucca,tta6,clean,clean,Areca Palm (Dypsis lutescens),0.6819,Yucca,0.1619,0.5199,dypsis-lutescens,"dypsis-lutescens|yucca|dracaena",true,high-conf,true,121,
yucca__01,yucca,grid2x2,clean,clean,Areca Palm (Dypsis lutescens),0.4727,Dracaena,0.2241,0.2485,dypsis-lutescens,"dypsis-lutescens|dracaena|yucca",true,low-conf,false,243,
yucca__01,yucca,grid2x2_3x3,clean,clean,Areca Palm (Dypsis lutescens),0.2564,Dracaena,0.2276,0.0287,dypsis-lutescens,"dypsis-lutescens|dracaena|beaucarnea-recurvata",true,low-conf,false,459,
yucca__01,yucca,tta6,blur,blur,Cast Iron Plant (Aspidistra elatior),0.5797,Asparagus Fern (Asparagus setaceus),0.2357,0.3440,aspidistra-elatior,"aspidistra-elatior|asparagus-setaceus|dypsis-lutescens",true,high-conf,true,137,
yucca__01,yucca,grid2x2,blur,blur,Cast Iron Plant (Aspidistra elatior),0.4677,Asparagus Fern (Asparagus setaceus),0.2540,0.2137,aspidistra-elatior,"aspidistra-elatior|asparagus-setaceus|dypsis-lutescens",true,low-conf,false,181,
yucca__01,yucca,grid2x2_3x3,blur,blur,Cast Iron Plant (Aspidistra elatior),0.4609,Asparagus Fern (Asparagus setaceus),0.2416,0.2192,aspidistra-elatior,"aspidistra-elatior|asparagus-setaceus|spathiphyllum-wallisii",true,low-conf,false,643,
yucca__01,yucca,tta6,crop_center_zoom,crop,Areca Palm (Dypsis lutescens),0.4092,Yucca,0.2701,0.1391,dypsis-lutescens,"dypsis-lutescens|yucca|pachira-aquatica",true,low-conf,false,204,
yucca__01,yucca,grid2x2,crop_center_zoom,crop,Areca Palm (Dypsis lutescens),0.3398,Yucca,0.2598,0.0799,dypsis-lutescens,"dypsis-lutescens|yucca|pachira-aquatica",true,low-conf,false,700,
yucca__01,yucca,grid2x2_3x3,crop_center_zoom,crop,Money Tree (Pachira aquatica),0.3142,Areca Palm (Dypsis lutescens),0.1958,0.1184,pachira-aquatica,"pachira-aquatica|dypsis-lutescens|yucca",true,low-conf,false,709,
yucca__01,yucca,tta6,crop_offcenter_zoom,crop,Sago Palm (Cycas revoluta),0.3949,Yucca,0.3432,0.0517,cycas-revoluta,"cycas-revoluta|yucca|dypsis-lutescens",true,low-conf,false,127,
yucca__01,yucca,grid2x2,crop_offcenter_zoom,crop,Dracaena,0.2604,Sago Palm (Cycas revoluta),0.2389,0.0214,dracaena,"dracaena|cycas-revoluta|yucca",true,low-conf,false,246,
yucca__01,yucca,grid2x2_3x3,crop_offcenter_zoom,crop,Yucca,0.1987,Dracaena,0.1897,0.0090,yucca,"yucca|dracaena|cycas-revoluta",true,low-conf,false,411,
yucca__01,yucca,tta6,rotate_+15,rotate,Sago Palm (Cycas revoluta),0.5200,Areca Palm (Dypsis lutescens),0.3334,0.1866,cycas-revoluta,"cycas-revoluta|dypsis-lutescens|yucca",true,low-conf,false,155,
yucca__01,yucca,grid2x2,rotate_+15,rotate,Sago Palm (Cycas revoluta),0.3716,Areca Palm (Dypsis lutescens),0.2003,0.1713,cycas-revoluta,"cycas-revoluta|dypsis-lutescens|yucca",true,low-conf,false,341,
yucca__01,yucca,grid2x2_3x3,rotate_+15,rotate,Sago Palm (Cycas revoluta),0.2480,Yucca,0.1509,0.0971,cycas-revoluta,"cycas-revoluta|yucca|dracaena",true,low-conf,false,615,
yucca__01,yucca,tta6,rotate_-15,rotate,Yucca,0.7466,Sago Palm (Cycas revoluta),0.2530,0.4936,yucca,"yucca|cycas-revoluta|nephrolepis-exaltata",true,high-conf,false,121,
yucca__01,yucca,grid2x2,rotate_-15,rotate,Yucca,0.6483,Sago Palm (Cycas revoluta),0.2245,0.4238,yucca,"yucca|cycas-revoluta|aspidistra-elatior",true,high-conf,false,218,
yucca__01,yucca,grid2x2_3x3,rotate_-15,rotate,Yucca,0.4473,Sago Palm (Cycas revoluta),0.1732,0.2741,yucca,"yucca|cycas-revoluta|aspidistra-elatior",true,low-conf,false,547,
yucca__01,yucca,tta6,rotate_+90,rotate,Yucca,0.7696,Sago Palm (Cycas revoluta),0.1521,0.6175,yucca,"yucca|cycas-revoluta|dypsis-lutescens",true,high-conf,false,143,
yucca__01,yucca,grid2x2,rotate_+90,rotate,Yucca,0.5060,Sago Palm (Cycas revoluta),0.2182,0.2878,yucca,"yucca|cycas-revoluta|dracaena",true,low-conf,false,196,
yucca__01,yucca,grid2x2_3x3,rotate_+90,rotate,Yucca,0.3198,Dracaena,0.2617,0.0581,yucca,"yucca|dracaena|cycas-revoluta",true,low-conf,false,349,
yucca__01,yucca,tta6,rotate_-90,rotate,Areca Palm (Dypsis lutescens),0.5001,Sago Palm (Cycas revoluta),0.3331,0.1670,dypsis-lutescens,"dypsis-lutescens|cycas-revoluta|yucca",true,low-conf,false,168,
yucca__01,yucca,grid2x2,rotate_-90,rotate,Areca Palm (Dypsis lutescens),0.4773,Sago Palm (Cycas revoluta),0.3008,0.1765,dypsis-lutescens,"dypsis-lutescens|cycas-revoluta|yucca",true,low-conf,false,252,
yucca__01,yucca,grid2x2_3x3,rotate_-90,rotate,Areca Palm (Dypsis lutescens),0.3157,Sago Palm (Cycas revoluta),0.1602,0.1555,dypsis-lutescens,"dypsis-lutescens|cycas-revoluta|dracaena",true,low-conf,false,457,
yucca__01,yucca,tta6,bright_up,brightness,Areca Palm (Dypsis lutescens),0.7778,Yucca,0.1613,0.6165,dypsis-lutescens,"dypsis-lutescens|yucca|dracaena",true,high-conf,true,100,
yucca__01,yucca,grid2x2,bright_up,brightness,Areca Palm (Dypsis lutescens),0.5185,Yucca,0.1956,0.3229,dypsis-lutescens,"dypsis-lutescens|yucca|dracaena",true,high-conf,true,230,
yucca__01,yucca,grid2x2_3x3,bright_up,brightness,Areca Palm (Dypsis lutescens),0.2965,Dracaena,0.2124,0.0841,dypsis-lutescens,"dypsis-lutescens|dracaena|beaucarnea-recurvata",true,low-conf,false,572,
yucca__01,yucca,tta6,bright_down,brightness,Areca Palm (Dypsis lutescens),0.7159,Dracaena,0.1310,0.5849,dypsis-lutescens,"dypsis-lutescens|dracaena|yucca",true,high-conf,true,188,
yucca__01,yucca,grid2x2,bright_down,brightness,Areca Palm (Dypsis lutescens),0.5118,Dracaena,0.1917,0.3201,dypsis-lutescens,"dypsis-lutescens|dracaena|yucca",true,high-conf,true,275,
yucca__01,yucca,grid2x2_3x3,bright_down,brightness,Areca Palm (Dypsis lutescens),0.2985,Cast Iron Plant (Aspidistra elatior),0.1803,0.1182,dypsis-lutescens,"dypsis-lutescens|aspidistra-elatior|yucca",true,low-conf,false,485,
yucca__01,yucca,tta6,contrast_up,contrast,Areca Palm (Dypsis lutescens),0.5264,Dracaena,0.2375,0.2889,dypsis-lutescens,"dypsis-lutescens|dracaena|yucca",true,low-conf,false,205,
yucca__01,yucca,grid2x2,contrast_up,contrast,Areca Palm (Dypsis lutescens),0.4104,Dracaena,0.2453,0.1652,dypsis-lutescens,"dypsis-lutescens|dracaena|yucca",true,low-conf,false,307,
yucca__01,yucca,grid2x2_3x3,contrast_up,contrast,Dracaena,0.2689,Areca Palm (Dypsis lutescens),0.2161,0.0528,dracaena,"dracaena|dypsis-lutescens|yucca",true,low-conf,false,392,
yucca__01,yucca,tta6,contrast_down,contrast,Areca Palm (Dypsis lutescens),0.8463,Dracaena,0.1190,0.7273,dypsis-lutescens,"dypsis-lutescens|dracaena|yucca",true,high-conf,true,109,
yucca__01,yucca,grid2x2,contrast_down,contrast,Areca Palm (Dypsis lutescens),0.5839,Dracaena,0.1894,0.3945,dypsis-lutescens,"dypsis-lutescens|dracaena|beaucarnea-recurvata",true,high-conf,true,163,
yucca__01,yucca,grid2x2_3x3,contrast_down,contrast,Areca Palm (Dypsis lutescens),0.3602,Ponytail Palm (Beaucarnea recurvata),0.1882,0.1720,dypsis-lutescens,"dypsis-lutescens|beaucarnea-recurvata|dracaena",true,low-conf,false,391,
zamioculcas-zamiifolia,zamioculcas-zamiifolia,tta6,clean,clean,ZZ Plant (Zamioculcas zamiifolia),0.8983,Ctenanthe,0.0733,0.8250,zamioculcas-zamiifolia,"zamioculcas-zamiifolia|ctenanthe|asplenium-nidus",true,high-conf,false,97,
zamioculcas-zamiifolia,zamioculcas-zamiifolia,grid2x2,clean,clean,ZZ Plant (Zamioculcas zamiifolia),0.7747,Jade plant (Crassula ovata),0.0822,0.6926,zamioculcas-zamiifolia,"zamioculcas-zamiifolia|crassula-ovata|ctenanthe",true,high-conf,false,162,
zamioculcas-zamiifolia,zamioculcas-zamiifolia,grid2x2_3x3,clean,clean,ZZ Plant (Zamioculcas zamiifolia),0.6201,Dumb Cane (Dieffenbachia spp.),0.0794,0.5406,zamioculcas-zamiifolia,"zamioculcas-zamiifolia|dieffenbachia|ctenanthe",true,high-conf,false,313,
zamioculcas-zamiifolia,zamioculcas-zamiifolia,tta6,blur,blur,Money Tree (Pachira aquatica),0.3352,Parlor Palm (Chamaedorea elegans),0.3016,0.0336,pachira-aquatica,"pachira-aquatica|chamaedorea-elegans|hedera-helix",true,low-conf,false,98,
zamioculcas-zamiifolia,zamioculcas-zamiifolia,grid2x2,blur,blur,English Ivy (Hedera helix),0.2897,Money Tree (Pachira aquatica),0.2533,0.0364,hedera-helix,"hedera-helix|pachira-aquatica|chamaedorea-elegans",true,low-conf,false,196,
zamioculcas-zamiifolia,zamioculcas-zamiifolia,grid2x2_3x3,blur,blur,Money Tree (Pachira aquatica),0.1835,English Ivy (Hedera helix),0.1555,0.0280,pachira-aquatica,"pachira-aquatica|hedera-helix|zamioculcas-zamiifolia",true,low-conf,false,410,
zamioculcas-zamiifolia,zamioculcas-zamiifolia,tta6,crop_center_zoom,crop,ZZ Plant (Zamioculcas zamiifolia),0.9977,Rattlesnake Plant (Calathea lancifolia),0.0009,0.9967,zamioculcas-zamiifolia,"zamioculcas-zamiifolia|ficus-elastica|ctenanthe",true,high-conf,false,158,
zamioculcas-zamiifolia,zamioculcas-zamiifolia,grid2x2,crop_center_zoom,crop,ZZ Plant (Zamioculcas zamiifolia),0.8813,Rubber Plant (Ficus elastica),0.0973,0.7840,zamioculcas-zamiifolia,"zamioculcas-zamiifolia|ficus-elastica|ctenanthe",true,high-conf,false,176,
zamioculcas-zamiifolia,zamioculcas-zamiifolia,grid2x2_3x3,crop_center_zoom,crop,ZZ Plant (Zamioculcas zamiifolia),0.7225,Tradescantia,0.0879,0.6346,zamioculcas-zamiifolia,"zamioculcas-zamiifolia|tradescantia|ficus-elastica",true,high-conf,false,335,
zamioculcas-zamiifolia,zamioculcas-zamiifolia,tta6,crop_offcenter_zoom,crop,ZZ Plant (Zamioculcas zamiifolia),0.9803,Ctenanthe,0.0148,0.9655,zamioculcas-zamiifolia,"zamioculcas-zamiifolia|ctenanthe|schefflera",true,high-conf,false,124,
zamioculcas-zamiifolia,zamioculcas-zamiifolia,grid2x2,crop_offcenter_zoom,crop,ZZ Plant (Zamioculcas zamiifolia),0.9798,Ctenanthe,0.0098,0.9700,zamioculcas-zamiifolia,"zamioculcas-zamiifolia|ctenanthe|dieffenbachia",true,high-conf,false,175,
zamioculcas-zamiifolia,zamioculcas-zamiifolia,grid2x2_3x3,crop_offcenter_zoom,crop,ZZ Plant (Zamioculcas zamiifolia),0.6385,Ctenanthe,0.1060,0.5325,zamioculcas-zamiifolia,"zamioculcas-zamiifolia|ctenanthe|goeppertia-orbifolia",true,high-conf,false,385,
zamioculcas-zamiifolia,zamioculcas-zamiifolia,tta6,rotate_+15,rotate,ZZ Plant (Zamioculcas zamiifolia),0.7407,Birds Nest Fern (Asplenium nidus),0.2483,0.4924,zamioculcas-zamiifolia,"zamioculcas-zamiifolia|asplenium-nidus|schefflera",true,high-conf,false,128,
zamioculcas-zamiifolia,zamioculcas-zamiifolia,grid2x2,rotate_+15,rotate,ZZ Plant (Zamioculcas zamiifolia),0.5461,Birds Nest Fern (Asplenium nidus),0.1490,0.3970,zamioculcas-zamiifolia,"zamioculcas-zamiifolia|asplenium-nidus|crassula-ovata",true,high-conf,false,179,
zamioculcas-zamiifolia,zamioculcas-zamiifolia,grid2x2_3x3,rotate_+15,rotate,ZZ Plant (Zamioculcas zamiifolia),0.5455,Snake plant (Sanseviera),0.1168,0.4287,zamioculcas-zamiifolia,"zamioculcas-zamiifolia|dracaena-trifasciata|asplenium-nidus",true,high-conf,false,316,
zamioculcas-zamiifolia,zamioculcas-zamiifolia,tta6,rotate_-15,rotate,Birds Nest Fern (Asplenium nidus),0.4058,ZZ Plant (Zamioculcas zamiifolia),0.3969,0.0089,asplenium-nidus,"asplenium-nidus|zamioculcas-zamiifolia|pachira-aquatica",true,low-conf,false,134,
zamioculcas-zamiifolia,zamioculcas-zamiifolia,grid2x2,rotate_-15,rotate,ZZ Plant (Zamioculcas zamiifolia),0.3486,Birds Nest Fern (Asplenium nidus),0.2897,0.0589,zamioculcas-zamiifolia,"zamioculcas-zamiifolia|asplenium-nidus|schefflera",true,low-conf,false,208,
zamioculcas-zamiifolia,zamioculcas-zamiifolia,grid2x2_3x3,rotate_-15,rotate,ZZ Plant (Zamioculcas zamiifolia),0.3481,Birds Nest Fern (Asplenium nidus),0.1555,0.1926,zamioculcas-zamiifolia,"zamioculcas-zamiifolia|asplenium-nidus|anthurium-andraeanum",true,low-conf,false,700,
zamioculcas-zamiifolia,zamioculcas-zamiifolia,tta6,rotate_+90,rotate,ZZ Plant (Zamioculcas zamiifolia),0.9972,Jade plant (Crassula ovata),0.0020,0.9952,zamioculcas-zamiifolia,"zamioculcas-zamiifolia|crassula-ovata|ctenanthe",true,high-conf,false,228,
zamioculcas-zamiifolia,zamioculcas-zamiifolia,grid2x2,rotate_+90,rotate,ZZ Plant (Zamioculcas zamiifolia),0.7798,Calathea,0.0928,0.6870,zamioculcas-zamiifolia,"zamioculcas-zamiifolia|goeppertia-orbifolia|asplenium-nidus",true,high-conf,false,297,
zamioculcas-zamiifolia,zamioculcas-zamiifolia,grid2x2_3x3,rotate_+90,rotate,ZZ Plant (Zamioculcas zamiifolia),0.7402,Rubber Plant (Ficus elastica),0.0972,0.6430,zamioculcas-zamiifolia,"zamioculcas-zamiifolia|ficus-elastica|goeppertia-orbifolia",true,high-conf,false,434,
zamioculcas-zamiifolia,zamioculcas-zamiifolia,tta6,rotate_-90,rotate,ZZ Plant (Zamioculcas zamiifolia),0.9623,Birds Nest Fern (Asplenium nidus),0.0283,0.9340,zamioculcas-zamiifolia,"zamioculcas-zamiifolia|asplenium-nidus|ctenanthe",true,high-conf,false,116,
zamioculcas-zamiifolia,zamioculcas-zamiifolia,grid2x2,rotate_-90,rotate,ZZ Plant (Zamioculcas zamiifolia),0.9355,Pothos (Ivy arum),0.0231,0.9124,zamioculcas-zamiifolia,"zamioculcas-zamiifolia|epipremnum-aureum|asplenium-nidus",true,high-conf,false,188,
zamioculcas-zamiifolia,zamioculcas-zamiifolia,grid2x2_3x3,rotate_-90,rotate,ZZ Plant (Zamioculcas zamiifolia),0.6478,Rubber Plant (Ficus elastica),0.0595,0.5884,zamioculcas-zamiifolia,"zamioculcas-zamiifolia|ficus-elastica|schlumbergera-bridgesii",true,high-conf,false,374,
zamioculcas-zamiifolia,zamioculcas-zamiifolia,tta6,bright_up,brightness,ZZ Plant (Zamioculcas zamiifolia),0.8877,Birds Nest Fern (Asplenium nidus),0.0869,0.8008,zamioculcas-zamiifolia,"zamioculcas-zamiifolia|asplenium-nidus|ctenanthe",true,high-conf,false,99,
zamioculcas-zamiifolia,zamioculcas-zamiifolia,grid2x2,bright_up,brightness,ZZ Plant (Zamioculcas zamiifolia),0.8136,Jade plant (Crassula ovata),0.0555,0.7580,zamioculcas-zamiifolia,"zamioculcas-zamiifolia|crassula-ovata|asplenium-nidus",true,high-conf,false,151,
zamioculcas-zamiifolia,zamioculcas-zamiifolia,grid2x2_3x3,bright_up,brightness,ZZ Plant (Zamioculcas zamiifolia),0.6333,Elephant Ear (Alocasia spp.),0.0839,0.5494,zamioculcas-zamiifolia,"zamioculcas-zamiifolia|alocasia|dieffenbachia",true,high-conf,false,322,
zamioculcas-zamiifolia,zamioculcas-zamiifolia,tta6,bright_down,brightness,ZZ Plant (Zamioculcas zamiifolia),0.8333,Ctenanthe,0.1470,0.6862,zamioculcas-zamiifolia,"zamioculcas-zamiifolia|ctenanthe|pachira-aquatica",true,high-conf,false,94,
zamioculcas-zamiifolia,zamioculcas-zamiifolia,grid2x2,bright_down,brightness,ZZ Plant (Zamioculcas zamiifolia),0.7065,Ctenanthe,0.0933,0.6132,zamioculcas-zamiifolia,"zamioculcas-zamiifolia|ctenanthe|ficus-elastica",true,high-conf,false,229,
zamioculcas-zamiifolia,zamioculcas-zamiifolia,grid2x2_3x3,bright_down,brightness,ZZ Plant (Zamioculcas zamiifolia),0.5082,Ctenanthe,0.0801,0.4280,zamioculcas-zamiifolia,"zamioculcas-zamiifolia|ctenanthe|dieffenbachia",true,high-conf,false,520,
zamioculcas-zamiifolia,zamioculcas-zamiifolia,tta6,contrast_up,contrast,ZZ Plant (Zamioculcas zamiifolia),0.8443,Birds Nest Fern (Asplenium nidus),0.1422,0.7022,zamioculcas-zamiifolia,"zamioculcas-zamiifolia|asplenium-nidus|monstera-deliciosa",true,high-conf,false,106,
zamioculcas-zamiifolia,zamioculcas-zamiifolia,grid2x2,contrast_up,contrast,ZZ Plant (Zamioculcas zamiifolia),0.7911,Birds Nest Fern (Asplenium nidus),0.0853,0.7058,zamioculcas-zamiifolia,"zamioculcas-zamiifolia|asplenium-nidus|crassula-ovata",true,high-conf,false,159,
zamioculcas-zamiifolia,zamioculcas-zamiifolia,grid2x2_3x3,contrast_up,contrast,ZZ Plant (Zamioculcas zamiifolia),0.5238,Calathea,0.1299,0.3938,zamioculcas-zamiifolia,"zamioculcas-zamiifolia|goeppertia-orbifolia|ficus-elastica",true,high-conf,false,390,
zamioculcas-zamiifolia,zamioculcas-zamiifolia,tta6,contrast_down,contrast,ZZ Plant (Zamioculcas zamiifolia),0.6796,Ctenanthe,0.1642,0.5154,zamioculcas-zamiifolia,"zamioculcas-zamiifolia|ctenanthe|pachira-aquatica",true,high-conf,false,98,
zamioculcas-zamiifolia,zamioculcas-zamiifolia,grid2x2,contrast_down,contrast,ZZ Plant (Zamioculcas zamiifolia),0.6859,Ctenanthe,0.1174,0.5685,zamioculcas-zamiifolia,"zamioculcas-zamiifolia|ctenanthe|pachira-aquatica",true,high-conf,false,195,
zamioculcas-zamiifolia,zamioculcas-zamiifolia,grid2x2_3x3,contrast_down,contrast,ZZ Plant (Zamioculcas zamiifolia),0.5313,Elephant Ear (Alocasia spp.),0.0946,0.4367,zamioculcas-zamiifolia,"zamioculcas-zamiifolia|alocasia|ctenanthe",true,high-conf,false,462,
zamioculcas-zamiifolia__01,zamioculcas-zamiifolia,tta6,clean,clean,ZZ Plant (Zamioculcas zamiifolia),1.0000,Ctenanthe,0.0000,1.0000,zamioculcas-zamiifolia,"zamioculcas-zamiifolia|ctenanthe|crassula-ovata",true,high-conf,false,98,
zamioculcas-zamiifolia__01,zamioculcas-zamiifolia,grid2x2,clean,clean,ZZ Plant (Zamioculcas zamiifolia),0.9852,Daffodils (Narcissus spp.),0.0082,0.9769,zamioculcas-zamiifolia,"zamioculcas-zamiifolia|goeppertia-orbifolia|spathiphyllum-wallisii",true,high-conf,false,189,
zamioculcas-zamiifolia__01,zamioculcas-zamiifolia,grid2x2_3x3,clean,clean,ZZ Plant (Zamioculcas zamiifolia),0.7144,Money Tree (Pachira aquatica),0.0979,0.6165,zamioculcas-zamiifolia,"zamioculcas-zamiifolia|pachira-aquatica|crassula-ovata",true,high-conf,false,314,
zamioculcas-zamiifolia__01,zamioculcas-zamiifolia,tta6,blur,blur,ZZ Plant (Zamioculcas zamiifolia),0.6676,Money Tree (Pachira aquatica),0.2495,0.4181,zamioculcas-zamiifolia,"zamioculcas-zamiifolia|pachira-aquatica|spathiphyllum-wallisii",true,high-conf,false,105,
zamioculcas-zamiifolia__01,zamioculcas-zamiifolia,grid2x2,blur,blur,ZZ Plant (Zamioculcas zamiifolia),0.5060,Money Tree (Pachira aquatica),0.2475,0.2585,zamioculcas-zamiifolia,"zamioculcas-zamiifolia|pachira-aquatica|spathiphyllum-wallisii",true,low-conf,false,229,
zamioculcas-zamiifolia__01,zamioculcas-zamiifolia,grid2x2_3x3,blur,blur,ZZ Plant (Zamioculcas zamiifolia),0.3301,Money Tree (Pachira aquatica),0.1619,0.1681,zamioculcas-zamiifolia,"zamioculcas-zamiifolia|pachira-aquatica|spathiphyllum-wallisii",true,low-conf,false,410,
zamioculcas-zamiifolia__01,zamioculcas-zamiifolia,tta6,crop_center_zoom,crop,ZZ Plant (Zamioculcas zamiifolia),1.0000,Monstera Deliciosa (Monstera deliciosa),0.0000,1.0000,zamioculcas-zamiifolia,"zamioculcas-zamiifolia|monstera-deliciosa|ficus-elastica",true,high-conf,false,143,
zamioculcas-zamiifolia__01,zamioculcas-zamiifolia,grid2x2,crop_center_zoom,crop,ZZ Plant (Zamioculcas zamiifolia),0.9948,Venus Flytrap,0.0037,0.9910,zamioculcas-zamiifolia,"zamioculcas-zamiifolia|dionaea-muscipula|dracaena-trifasciata",true,high-conf,false,178,
zamioculcas-zamiifolia__01,zamioculcas-zamiifolia,grid2x2_3x3,crop_center_zoom,crop,ZZ Plant (Zamioculcas zamiifolia),0.6725,Snake plant (Sanseviera),0.0874,0.5851,zamioculcas-zamiifolia,"zamioculcas-zamiifolia|dracaena-trifasciata|pachira-aquatica",true,high-conf,false,372,
zamioculcas-zamiifolia__01,zamioculcas-zamiifolia,tta6,crop_offcenter_zoom,crop,ZZ Plant (Zamioculcas zamiifolia),0.9991,Peace lily,0.0003,0.9987,zamioculcas-zamiifolia,"zamioculcas-zamiifolia|spathiphyllum-wallisii|pachira-aquatica",true,high-conf,false,208,
zamioculcas-zamiifolia__01,zamioculcas-zamiifolia,grid2x2,crop_offcenter_zoom,crop,ZZ Plant (Zamioculcas zamiifolia),0.8984,Money Tree (Pachira aquatica),0.1002,0.7982,zamioculcas-zamiifolia,"zamioculcas-zamiifolia|pachira-aquatica|spathiphyllum-wallisii",true,high-conf,false,189,
zamioculcas-zamiifolia__01,zamioculcas-zamiifolia,grid2x2_3x3,crop_offcenter_zoom,crop,ZZ Plant (Zamioculcas zamiifolia),0.6995,Money Tree (Pachira aquatica),0.1686,0.5309,zamioculcas-zamiifolia,"zamioculcas-zamiifolia|pachira-aquatica|dracaena-trifasciata",true,high-conf,false,378,
zamioculcas-zamiifolia__01,zamioculcas-zamiifolia,tta6,rotate_+15,rotate,ZZ Plant (Zamioculcas zamiifolia),1.0000,Parlor Palm (Chamaedorea elegans),0.0000,1.0000,zamioculcas-zamiifolia,"zamioculcas-zamiifolia|chamaedorea-elegans|monstera-deliciosa",true,high-conf,false,143,
zamioculcas-zamiifolia__01,zamioculcas-zamiifolia,grid2x2,rotate_+15,rotate,ZZ Plant (Zamioculcas zamiifolia),0.8057,Calathea,0.1574,0.6482,zamioculcas-zamiifolia,"zamioculcas-zamiifolia|goeppertia-orbifolia|epipremnum-aureum",true,high-conf,false,327,
zamioculcas-zamiifolia__01,zamioculcas-zamiifolia,grid2x2_3x3,rotate_+15,rotate,ZZ Plant (Zamioculcas zamiifolia),0.5443,Calathea,0.0971,0.4472,zamioculcas-zamiifolia,"zamioculcas-zamiifolia|goeppertia-orbifolia|dracaena-trifasciata",true,high-conf,false,332,
zamioculcas-zamiifolia__01,zamioculcas-zamiifolia,tta6,rotate_-15,rotate,ZZ Plant (Zamioculcas zamiifolia),1.0000,Ctenanthe,0.0000,1.0000,zamioculcas-zamiifolia,"zamioculcas-zamiifolia|ctenanthe|aspidistra-elatior",true,high-conf,false,93,
zamioculcas-zamiifolia__01,zamioculcas-zamiifolia,grid2x2,rotate_-15,rotate,ZZ Plant (Zamioculcas zamiifolia),0.9851,Ctenanthe,0.0142,0.9709,zamioculcas-zamiifolia,"zamioculcas-zamiifolia|ctenanthe|pachira-aquatica",true,high-conf,false,193,
zamioculcas-zamiifolia__01,zamioculcas-zamiifolia,grid2x2_3x3,rotate_-15,rotate,ZZ Plant (Zamioculcas zamiifolia),0.6836,Money Tree (Pachira aquatica),0.1548,0.5289,zamioculcas-zamiifolia,"zamioculcas-zamiifolia|pachira-aquatica|ctenanthe",true,high-conf,false,380,
zamioculcas-zamiifolia__01,zamioculcas-zamiifolia,tta6,rotate_+90,rotate,ZZ Plant (Zamioculcas zamiifolia),0.5358,Monstera Deliciosa (Monstera deliciosa),0.3553,0.1805,zamioculcas-zamiifolia,"zamioculcas-zamiifolia|monstera-deliciosa|ctenanthe",true,low-conf,false,146,
zamioculcas-zamiifolia__01,zamioculcas-zamiifolia,grid2x2,rotate_+90,rotate,ZZ Plant (Zamioculcas zamiifolia),0.6057,Monstera Deliciosa (Monstera deliciosa),0.2134,0.3923,zamioculcas-zamiifolia,"zamioculcas-zamiifolia|monstera-deliciosa|pachira-aquatica",true,high-conf,false,256,
zamioculcas-zamiifolia__01,zamioculcas-zamiifolia,grid2x2_3x3,rotate_+90,rotate,ZZ Plant (Zamioculcas zamiifolia),0.5323,Money Tree (Pachira aquatica),0.1839,0.3484,zamioculcas-zamiifolia,"zamioculcas-zamiifolia|pachira-aquatica|monstera-deliciosa",true,high-conf,false,698,
zamioculcas-zamiifolia__01,zamioculcas-zamiifolia,tta6,rotate_-90,rotate,ZZ Plant (Zamioculcas zamiifolia),0.9882,Monstera Deliciosa (Monstera deliciosa),0.0061,0.9821,zamioculcas-zamiifolia,"zamioculcas-zamiifolia|monstera-deliciosa|ctenanthe",true,high-conf,false,189,
zamioculcas-zamiifolia__01,zamioculcas-zamiifolia,grid2x2,rotate_-90,rotate,ZZ Plant (Zamioculcas zamiifolia),0.8291,Money Tree (Pachira aquatica),0.0991,0.7300,zamioculcas-zamiifolia,"zamioculcas-zamiifolia|pachira-aquatica|monstera-deliciosa",true,high-conf,false,399,
zamioculcas-zamiifolia__01,zamioculcas-zamiifolia,grid2x2_3x3,rotate_-90,rotate,ZZ Plant (Zamioculcas zamiifolia),0.6460,Money Tree (Pachira aquatica),0.1425,0.5036,zamioculcas-zamiifolia,"zamioculcas-zamiifolia|pachira-aquatica|ctenanthe",true,high-conf,false,510,
zamioculcas-zamiifolia__01,zamioculcas-zamiifolia,tta6,bright_up,brightness,ZZ Plant (Zamioculcas zamiifolia),1.0000,Snake plant (Sanseviera),0.0000,0.9999,zamioculcas-zamiifolia,"zamioculcas-zamiifolia|dracaena-trifasciata|ctenanthe",true,high-conf,false,157,
zamioculcas-zamiifolia__01,zamioculcas-zamiifolia,grid2x2,bright_up,brightness,ZZ Plant (Zamioculcas zamiifolia),0.9781,Jade plant (Crassula ovata),0.0076,0.9705,zamioculcas-zamiifolia,"zamioculcas-zamiifolia|crassula-ovata|dracaena-trifasciata",true,high-conf,false,206,
zamioculcas-zamiifolia__01,zamioculcas-zamiifolia,grid2x2_3x3,bright_up,brightness,ZZ Plant (Zamioculcas zamiifolia),0.7002,Money Tree (Pachira aquatica),0.1018,0.5984,zamioculcas-zamiifolia,"zamioculcas-zamiifolia|pachira-aquatica|crassula-ovata",true,high-conf,false,425,
zamioculcas-zamiifolia__01,zamioculcas-zamiifolia,tta6,bright_down,brightness,ZZ Plant (Zamioculcas zamiifolia),0.9988,Calathea,0.0006,0.9982,zamioculcas-zamiifolia,"zamioculcas-zamiifolia|goeppertia-orbifolia|ctenanthe",true,high-conf,false,187,
zamioculcas-zamiifolia__01,zamioculcas-zamiifolia,grid2x2,bright_down,brightness,ZZ Plant (Zamioculcas zamiifolia),0.9144,Money Tree (Pachira aquatica),0.0522,0.8621,zamioculcas-zamiifolia,"zamioculcas-zamiifolia|pachira-aquatica|crassula-ovata",true,high-conf,false,208,
zamioculcas-zamiifolia__01,zamioculcas-zamiifolia,grid2x2_3x3,bright_down,brightness,ZZ Plant (Zamioculcas zamiifolia),0.6875,Money Tree (Pachira aquatica),0.1270,0.5605,zamioculcas-zamiifolia,"zamioculcas-zamiifolia|pachira-aquatica|ctenanthe",true,high-conf,false,327,
zamioculcas-zamiifolia__01,zamioculcas-zamiifolia,tta6,contrast_up,contrast,ZZ Plant (Zamioculcas zamiifolia),0.9998,Jade plant (Crassula ovata),0.0001,0.9998,zamioculcas-zamiifolia,"zamioculcas-zamiifolia|crassula-ovata|goeppertia-orbifolia",true,high-conf,false,108,
zamioculcas-zamiifolia__01,zamioculcas-zamiifolia,grid2x2,contrast_up,contrast,ZZ Plant (Zamioculcas zamiifolia),0.9748,Jade plant (Crassula ovata),0.0114,0.9634,zamioculcas-zamiifolia,"zamioculcas-zamiifolia|crassula-ovata|goeppertia-orbifolia",true,high-conf,false,167,
zamioculcas-zamiifolia__01,zamioculcas-zamiifolia,grid2x2_3x3,contrast_up,contrast,ZZ Plant (Zamioculcas zamiifolia),0.6938,Money Tree (Pachira aquatica),0.1006,0.5932,zamioculcas-zamiifolia,"zamioculcas-zamiifolia|pachira-aquatica|crassula-ovata",true,high-conf,false,373,
zamioculcas-zamiifolia__01,zamioculcas-zamiifolia,tta6,contrast_down,contrast,ZZ Plant (Zamioculcas zamiifolia),1.0000,Ctenanthe,0.0000,1.0000,zamioculcas-zamiifolia,"zamioculcas-zamiifolia|ctenanthe|goeppertia-orbifolia",true,high-conf,false,107,
zamioculcas-zamiifolia__01,zamioculcas-zamiifolia,grid2x2,contrast_down,contrast,ZZ Plant (Zamioculcas zamiifolia),0.8879,Jade plant (Crassula ovata),0.0695,0.8184,zamioculcas-zamiifolia,"zamioculcas-zamiifolia|crassula-ovata|pachira-aquatica",true,high-conf,false,167,
zamioculcas-zamiifolia__01,zamioculcas-zamiifolia,grid2x2_3x3,contrast_down,contrast,ZZ Plant (Zamioculcas zamiifolia),0.6461,Money Tree (Pachira aquatica),0.0890,0.5571,zamioculcas-zamiifolia,"zamioculcas-zamiifolia|pachira-aquatica|crassula-ovata",true,high-conf,false,309,
